[{"name":"Manage Role","column":"2","alignment":"horizontal","FieldConfig":[{"type":"input","label":"Role Name","inputType":"text","name":"role_name","helpText":"","required":true,"value":"","maxlength":"250","labelalignment":"horizontal","labelcss":"col-lg-4 col-md-12 col-sm-12 text-right font8","controlcss":"col-sm-12 col-md-12 col-lg-8","validations":[{"name":"pattern","validator":"","message":""},{"name":"required","validator":"","message":"Role Name is required"}],"display_order_no":8,"isAudit":false,"isConfirmationRequired":false,"visible_stage":"","editable_stage":"","skiplogic":null,"isShowInGrid":false,"pkfk":"","visible":"always","dependentInputField":false,"dependentInputDisplayValue":"","dependentInputFieldJson":[],"formula_json":null,"unique":true,"lookup_form":"app_tblrole","value_field":"role_id"},{"type":"checkbox","inputType":"checkbox","label":"Is Active","name":"isactive","helpText":"","required":false,"value":"true","validations":[{"name":"pattern","validator":"","message":""}],"labelalignment":"horizontal","labelcss":"col-lg-4 col-md-12 col-sm-12 text-right font8","controlcss":"col-sm-12 col-md-12 col-lg-8","display_order_no":9,"isAudit":false,"isConfirmationRequired":false,"visible_stage":"","editable_stage":"","skiplogic":null,"isShowInGrid":false,"pkfk":"","visible":"always"}],"visible_stage":"","binding_name":"manage_role","isrepeat":false,"istabular":"1","display_order_no":3,"repeatable_save_as":"","isCaptionVisiable":"always","section_dependent":false,"lookup_form":"0","display_field":"[]","value_field":null,"dependentloopupid":null,"dependent_filter_field":null,"lookup_view_field":"[]","editable_stage":"","filter_json":null}]