[{"name":"System Enum","column":"2","alignment":"horizontal","FieldConfig":[{"type":"input","label":"Variable Name","inputType":"text","name":"varibale_name","helpText":"","required":true,"value":"","maxlength":"250","column":"2","labelalignment":"horizontal","labelcss":"col-lg-4 col-md-12 col-sm-12 text-right font8","controlcss":"col-sm-12 col-md-12 col-lg-8","validations":[{"name":"pattern","validator":"","message":""},{"name":"required","validator":"","message":"Variable Name is required"}],"display_order_no":8,"isAudit":false,"isConfirmationRequired":false,"visible_stage":"","editable_stage":"","skiplogic":null,"isShowInGrid":false,"pkfk":"","visible":"always","dependentInputField":false,"dependentInputDisplayValue":"","dependentInputFieldJson":[],"formula_json":null,"unique":false,"lookup_form":"app_tblsystemenum","value_field":"id"},{"type":"input","label":"Variable Type","inputType":"text","name":"varibale_type","helpText":"","required":true,"value":"","maxlength":"50","column":"2","labelalignment":"horizontal","labelcss":"col-lg-4 col-md-12 col-sm-12 text-right font8","controlcss":"col-sm-12 col-md-12 col-lg-8","validations":[{"name":"pattern","validator":"","message":""},{"name":"required","validator":"","message":"Variable Type is required"}],"display_order_no":9,"isAudit":false,"isConfirmationRequired":false,"visible_stage":"","editable_stage":"","skiplogic":null,"isShowInGrid":false,"pkfk":"","visible":"always","dependentInputField":false,"dependentInputDisplayValue":"","dependentInputFieldJson":[],"formula_json":null,"unique":false,"lookup_form":"app_tblsystemenum","value_field":"id"},{"type":"input","label":"Code","inputType":"text","name":"short_name","helpText":"","required":false,"value":"","maxlength":"10","column":"2","labelalignment":"horizontal","labelcss":"col-lg-4 col-md-12 col-sm-12 text-right font8","controlcss":"col-sm-12 col-md-12 col-lg-8","validations":[{"name":"pattern","validator":"","message":""}],"display_order_no":10,"isAudit":false,"isConfirmationRequired":false,"visible_stage":"","editable_stage":"","skiplogic":null,"isShowInGrid":false,"pkfk":"","visible":"always","dependentInputField":false,"dependentInputDisplayValue":"","dependentInputFieldJson":[],"formula_json":null,"unique":false,"lookup_form":"app_tblsystemenum","value_field":"id"},{"type":"checkbox","inputType":"checkbox","label":"Is Active","name":"isactive","helpText":"","required":false,"value":"","validations":[{"name":"pattern","validator":"","message":""}],"column":"2","labelalignment":"horizontal","labelcss":"col-lg-4 col-md-12 col-sm-12 text-right font8","controlcss":"col-sm-12 col-md-12 col-lg-8","display_order_no":11,"isAudit":false,"isConfirmationRequired":false,"visible_stage":"","editable_stage":"","skiplogic":null,"isShowInGrid":false,"pkfk":"","visible":"always"}],"visible_stage":"","binding_name":"system_enum","isrepeat":false,"istabular":"1","display_order_no":3,"repeatable_save_as":"","isCaptionVisiable":"always","skiplogic":null,"section_dependent":false,"lookup_form":"0","display_field":"[]","value_field":null,"dependentloopupid":null,"dependent_filter_field":null,"lookup_view_field":"[]","editable_stage":"","filter_json":null,"is_multiple_dependentlookup":false,"advance_dependentlookup":"[]","section_hide":false}]