[{"name":"Manage User","column":"2","alignment":"horizontal","FieldConfig":[{"type":"lookup","inputType":"lookup","label":"Prifix","name":"user_prifix","helpText":"","required":false,"value":"","other_default_value":"0","lookup_form":"app_tblsystemenum","display_field":"[{\"id\":\"varibale_name\",\"name\":\"Variable Name\"}]","value_field":"id","column":"2","labelalignment":"horizontal","labelcss":"col-lg-4 col-md-12 col-sm-12 text-right font8","controlcss":"col-sm-12 col-md-12 col-lg-8","display_order_no":8,"isAudit":false,"isConfirmationRequired":false,"visible_stage":"","editable_stage":"","lookupFilterValue":"","dependent_filter_field":null,"skiplogic":null,"lookup_view_field":"[]","isShowInGrid":false,"pkfk":"","visible":"always","validations":[{"name":"pattern","validator":"","message":""}],"filter_json":"[{\"type\":\"object\",\"operator\":\"and\",\"list\":[{\"type\":\"row\",\"id\":1,\"field_id\":\"varibale_type\",\"conditionList\":[],\"condition_id\":\"3\",\"control_type\":1,\"ddl\":[],\"value\":\"prifix\",\"month\":null,\"days\":null,\"is_session_value\":false,\"session_value\":\"0\"}]}]","minvalue":1,"isLinkwithForm":false,"linkwithFormViewid":"290,0","formula_json":null,"lookuplist":"[]","seperator":""},{"type":"input","label":"Name","inputType":"text","name":"user_fname","helpText":"","required":true,"value":"","maxlength":"250","column":"2","labelalignment":"horizontal","labelcss":"col-lg-4 col-md-12 col-sm-12 text-right font8","controlcss":"col-sm-12 col-md-12 col-lg-8","validations":[{"name":"pattern","validator":"","message":""},{"name":"required","validator":"","message":"Name is required"}],"display_order_no":9,"isAudit":false,"isConfirmationRequired":false,"visible_stage":"","editable_stage":"","skiplogic":null,"isShowInGrid":false,"pkfk":"","visible":"always","dependentInputField":false,"dependentInputDisplayValue":"","dependentInputFieldJson":[],"formula_json":null,"unique":false,"lookup_form":"app_tbluser","value_field":"user_id"},{"type":"input","label":"Middle Name","inputType":"text","name":"user_mname","helpText":"","required":false,"value":"","maxlength":"250","column":"2","labelalignment":"horizontal","labelcss":"col-lg-4 col-md-12 col-sm-12 text-right font8","controlcss":"col-sm-12 col-md-12 col-lg-8","validations":[{"name":"pattern","validator":"","message":""}],"display_order_no":10,"isAudit":false,"isConfirmationRequired":false,"visible_stage":"","editable_stage":"","skiplogic":null,"isShowInGrid":false,"pkfk":"","visible":"none","dependentInputField":false,"dependentInputDisplayValue":"","dependentInputFieldJson":[],"formula_json":null,"unique":false,"lookup_form":"app_tbluser","value_field":"user_id"},{"type":"input","label":"Last Name","inputType":"text","name":"user_lname","helpText":"","required":false,"value":"","maxlength":"250","column":"2","labelalignment":"horizontal","labelcss":"col-lg-4 col-md-12 col-sm-12 text-right font8","controlcss":"col-sm-12 col-md-12 col-lg-8","validations":[{"name":"pattern","validator":"","message":""}],"display_order_no":11,"isAudit":false,"isConfirmationRequired":false,"visible_stage":"","editable_stage":"","skiplogic":null,"isShowInGrid":false,"pkfk":"","visible":"none","dependentInputField":false,"dependentInputDisplayValue":"","dependentInputFieldJson":[],"formula_json":null,"unique":false,"lookup_form":"app_tbluser","value_field":"user_id"},{"type":"date","label":"Date of Birth","inputType":"date","name":"dob","helpText":"","required":false,"value":"","other_default_value":"0","date_validation":"none","formula_json":null,"date_format":"DD-MM-YYYY","column":"2","labelalignment":"horizontal","labelcss":"col-lg-4 col-md-12 col-sm-12 text-right font8","controlcss":"col-sm-12 col-md-12 col-lg-8","validations":[{"name":"pattern","validator":"","message":""}],"display_order_no":12,"isAudit":false,"isConfirmationRequired":false,"visible_stage":"","editable_stage":"","skiplogic":null,"isShowInGrid":false,"pkfk":"","visible":"none"},{"type":"lookup","inputType":"lookup","label":"Gender","name":"user_gender","helpText":"","required":false,"value":"","other_default_value":"0","lookup_form":"app_tblsystemenum","display_field":"[{\"id\":\"varibale_name\",\"name\":\"Variable Name\"}]","value_field":"id","column":"2","labelalignment":"horizontal","labelcss":"col-lg-4 col-md-12 col-sm-12 text-right font8","controlcss":"col-sm-12 col-md-12 col-lg-8","display_order_no":13,"isAudit":false,"isConfirmationRequired":false,"visible_stage":"","editable_stage":"","lookupFilterValue":"","dependent_filter_field":null,"skiplogic":null,"lookup_view_field":"[]","isShowInGrid":false,"pkfk":"","visible":"none","validations":[{"name":"pattern","validator":"","message":""}],"filter_json":"[{\"type\":\"object\",\"operator\":\"and\",\"list\":[{\"type\":\"row\",\"id\":1,\"field_id\":\"varibale_type\",\"conditionList\":[],\"condition_id\":\"3\",\"control_type\":1,\"ddl\":[],\"value\":\"gender\",\"month\":null,\"days\":null,\"is_session_value\":false,\"session_value\":\"0\"}]}]","minvalue":1,"isLinkwithForm":false,"linkwithFormViewid":"290,0","formula_json":null,"lookuplist":"[]","seperator":""},{"type":"input","label":"Email ID","inputType":"text","name":"user_emailid","helpText":"","required":true,"value":"","maxlength":"250","column":"2","labelalignment":"horizontal","labelcss":"col-lg-4 col-md-12 col-sm-12 text-right font8","controlcss":"col-sm-12 col-md-12 col-lg-8","validations":[{"name":"pattern","validator":"","message":""},{"name":"required","validator":"","message":"Email ID is required"}],"display_order_no":14,"isAudit":false,"isConfirmationRequired":false,"visible_stage":"","editable_stage":"","skiplogic":null,"isShowInGrid":false,"pkfk":"","visible":"always","dependentInputField":false,"dependentInputDisplayValue":"","dependentInputFieldJson":[],"formula_json":null,"unique":false,"lookup_form":"app_tbluser","value_field":"user_id"},{"type":"input","label":"Mobile","inputType":"text","name":"user_mobile","helpText":"","required":false,"value":"","maxlength":"20","column":"2","labelalignment":"horizontal","labelcss":"col-lg-4 col-md-12 col-sm-12 text-right font8","controlcss":"col-sm-12 col-md-12 col-lg-8","validations":[{"name":"pattern","validator":"^[+]?[(]?[0-9]{3}[)]?[-s.]?[0-9]{3}[-s.]?[0-9]{4,6}$","message":"Please enter a valid phone number"}],"display_order_no":15,"isAudit":false,"isConfirmationRequired":false,"visible_stage":"","editable_stage":"","skiplogic":null,"isShowInGrid":false,"pkfk":"","visible":"always","dependentInputField":false,"dependentInputDisplayValue":"","dependentInputFieldJson":[],"formula_json":null,"unique":false,"lookup_form":"app_tbluser","value_field":"user_id"},{"type":"input","label":"Login Name","inputType":"text","name":"user_loginname","helpText":"","required":false,"value":"","maxlength":"250","column":"2","labelalignment":"horizontal","labelcss":"col-lg-4 col-md-12 col-sm-12 text-right font8","controlcss":"col-sm-12 col-md-12 col-lg-8","validations":[{"name":"pattern","validator":"","message":""}],"display_order_no":16,"isAudit":false,"isConfirmationRequired":false,"visible_stage":"","editable_stage":"","skiplogic":null,"isShowInGrid":false,"pkfk":"","visible":"add","dependentInputField":false,"dependentInputDisplayValue":"","dependentInputFieldJson":[],"formula_json":"{\"fieldList\":[{\"id\":\"user_emailid\",\"field_type\":\"1\",\"seperator\":\"\",\"display_index\":\"0\"}],\"formula\":\"user_emailid\"}","unique":false,"lookup_form":"app_tbluser","value_field":"user_id"},{"type":"input","label":"PAN","inputType":"text","name":"user_pan","helpText":"","required":false,"value":"","maxlength":"20","column":"2","labelalignment":"horizontal","labelcss":"col-lg-4 col-md-12 col-sm-12 text-right font8","controlcss":"col-sm-12 col-md-12 col-lg-8","validations":[{"name":"pattern","validator":"","message":""}],"display_order_no":17,"isAudit":false,"isConfirmationRequired":false,"visible_stage":"","editable_stage":"","skiplogic":null,"isShowInGrid":false,"pkfk":"","visible":"none","dependentInputField":false,"dependentInputDisplayValue":"","dependentInputFieldJson":[],"formula_json":null,"unique":false,"lookup_form":"app_tbluser","value_field":"user_id"},{"type":"date","label":"Effective From","inputType":"date","name":"effective_from","helpText":"","required":false,"value":"","other_default_value":"currentdate","date_validation":"none","formula_json":null,"date_format":"DD-MM-YYYY","column":"2","labelalignment":"horizontal","labelcss":"col-lg-4 col-md-12 col-sm-12 text-right font8","controlcss":"col-sm-12 col-md-12 col-lg-8","validations":[{"name":"pattern","validator":"","message":""}],"display_order_no":18,"isAudit":false,"isConfirmationRequired":false,"visible_stage":"","editable_stage":"","skiplogic":null,"isShowInGrid":false,"pkfk":"","visible":"none"},{"type":"date","label":"Effective To","inputType":"date","name":"effective_to","helpText":"","required":false,"value":"","other_default_value":"0","date_validation":"none","formula_json":null,"date_format":null,"column":"2","labelalignment":"horizontal","labelcss":"col-lg-4 col-md-12 col-sm-12 text-right font8","controlcss":"col-sm-12 col-md-12 col-lg-8","validations":[{"name":"pattern","validator":"","message":""}],"display_order_no":19,"isAudit":false,"isConfirmationRequired":false,"visible_stage":"","editable_stage":"","skiplogic":null,"isShowInGrid":false,"pkfk":"","visible":"none"},{"type":"checkbox","inputType":"checkbox","label":"Is Active","name":"isactive","helpText":"","required":false,"value":"","validations":[{"name":"pattern","validator":"","message":""}],"column":"2","labelalignment":"horizontal","labelcss":"col-lg-4 col-md-12 col-sm-12 text-right font8","controlcss":"col-sm-12 col-md-12 col-lg-8","display_order_no":20,"isAudit":false,"isConfirmationRequired":false,"visible_stage":"","editable_stage":"","skiplogic":null,"isShowInGrid":false,"pkfk":"","visible":"always"},{"type":"autopopulate","label":"Password","name":"user_password","helpText":"","required":false,"value":"","lookup_form":"app_tblsystemenum","display_field":"[{\"id\":\"varibale_name\",\"name\":\"Variable Name\"}]","value_field":"id","dependentloopupid":"0","dependent_filter_field":null,"column":"2","labelalignment":"horizontal","validations":[{"name":"pattern","validator":"","message":""}],"labelcss":"col-lg-4 col-md-12 col-sm-12 text-right font8","controlcss":"col-sm-12 col-md-12 col-lg-8","display_order_no":21,"isAudit":false,"isConfirmationRequired":false,"visible_stage":"","editable_stage":"","skiplogic":null,"lookup_view_field":"[]","isShowInGrid":false,"visible":"none","filter_json":"[{\"type\":\"object\",\"operator\":\"and\",\"list\":[{\"type\":\"row\",\"id\":1,\"field_id\":\"varibale_type\",\"conditionList\":[],\"condition_id\":\"3\",\"control_type\":1,\"ddl\":[],\"value\":\"defaultPassword\",\"month\":null,\"days\":null,\"is_session_value\":false,\"session_value\":\"0\"}]}]","autopopulate_visibility":"hidden","is_multiple_dependentlookup":false,"advance_dependentlookup":"[]"}],"visible_stage":"","binding_name":"manage_user","isrepeat":false,"istabular":"1","display_order_no":3,"repeatable_save_as":"","isCaptionVisiable":"always","skiplogic":null,"section_dependent":false,"lookup_form":"0","display_field":"[]","value_field":null,"dependentloopupid":null,"dependent_filter_field":null,"lookup_view_field":"[]","editable_stage":"","filter_json":null,"is_multiple_dependentlookup":false,"advance_dependentlookup":"[]","section_hide":false}]