[{"name":"User Role Mapping","column":"2","alignment":"horizontal","FieldConfig":[{"type":"lookup","inputType":"lookup","label":"User Name","name":"user_id","helpText":"","required":true,"value":"","other_default_value":"0","lookup_form":"app_tbluser","display_field":"[{\"id\":\"user_loginname\",\"name\":\"Login Name\"},{\"id\":\"user_fname\",\"name\":\"First Name\"}]","value_field":"user_id","column":"2","labelalignment":"horizontal","labelcss":"col-lg-4 col-md-12 col-sm-12 text-right font8","controlcss":"col-sm-12 col-md-12 col-lg-8","display_order_no":8,"isAudit":false,"isConfirmationRequired":false,"visible_stage":"","editable_stage":"","lookupFilterValue":"","dependent_filter_field":null,"skiplogic":null,"lookup_view_field":"[]","isShowInGrid":false,"pkfk":"","visible":"always","validations":[{"name":"pattern","validator":"","message":""},{"name":"required","validator":"","message":"User Name is required"}],"filter_json":null,"minvalue":1,"isLinkwithForm":false,"linkwithFormViewid":"292,0","formula_json":null,"lookuplist":"[{\"field_binding\":\"user_prifix\",\"lookup_form_id\":\"app_tblsystemenum,290\",\"lookup_display_field\":[{\"id\":\"varibale_name\",\"name\":\"Variable Name\"}],\"lookup_value_field\":\"id\"},{\"field_binding\":\"user_gender\",\"lookup_form_id\":\"app_tblsystemenum,290\",\"lookup_display_field\":[{\"id\":\"varibale_name\",\"name\":\"Variable Name\"}],\"lookup_value_field\":\"id\"},{\"field_binding\":\"user_password\",\"lookup_form_id\":\"app_tblsystemenum,290\",\"lookup_display_field\":[{\"id\":\"varibale_name\",\"name\":\"Variable Name\"}],\"lookup_value_field\":\"id\"}]","seperator":""},{"type":"lookup","inputType":"lookup","label":"Role Name","name":"role_id","helpText":"","required":true,"value":"","other_default_value":"0","lookup_form":"app_tblrole","display_field":"[{\"id\":\"role_name\",\"name\":\"Role Name\"}]","value_field":"role_id","column":"2","labelalignment":"horizontal","labelcss":"col-lg-4 col-md-12 col-sm-12 text-right font8","controlcss":"col-sm-12 col-md-12 col-lg-8","display_order_no":9,"isAudit":false,"isConfirmationRequired":false,"visible_stage":"","editable_stage":"","lookupFilterValue":"","dependent_filter_field":null,"skiplogic":null,"lookup_view_field":"[]","isShowInGrid":false,"pkfk":"","visible":"always","validations":[{"name":"pattern","validator":"","message":""},{"name":"required","validator":"","message":"Role Name is required"}],"filter_json":"[{\"type\":\"object\",\"operator\":\"and\",\"list\":[{\"type\":\"row\",\"id\":1,\"field_id\":\"isactive\",\"conditionList\":[],\"condition_id\":\"3\",\"control_type\":6,\"ddl\":[],\"value\":true,\"month\":null,\"days\":null,\"is_session_value\":false,\"session_value\":\"0\"}]}]","minvalue":1,"isLinkwithForm":false,"linkwithFormViewid":"289,0","formula_json":null,"lookuplist":"[]","seperator":""},{"type":"number","label":"Designation","inputType":"number","name":"designation_id","helpText":"","required":false,"value":"","other_default_value":"0","minvalue":"","maxvalue":"","column":"2","labelalignment":"horizontal","labelcss":"col-lg-4 col-md-12 col-sm-12 text-right font8","controlcss":"col-sm-12 col-md-12 col-lg-8","validations":[{"name":"pattern","validator":"","message":""}],"display_order_no":10,"isAudit":false,"isConfirmationRequired":false,"visible_stage":"","editable_stage":"","skiplogic":null,"isShowInGrid":false,"pkfk":"","visible":"none","formula_json":null,"unique":false,"lookup_form":"app_tbluserprofile","value_field":"userprofile_id","is_multiple_dependentlookup":false,"advance_dependentlookup":"[]"},{"type":"lookup","inputType":"lookup","label":"Department Name","name":"department_id","helpText":"","required":true,"value":"","other_default_value":"0","lookup_form":"z_entitymast_department_001","display_field":"[{\"id\":\"department_name\",\"name\":\"Department Name\"}]","value_field":"department_id","column":"2","labelalignment":"horizontal","labelcss":"col-lg-4 col-md-12 col-sm-12 text-right font8","controlcss":"col-sm-12 col-md-12 col-lg-8","display_order_no":11,"isAudit":false,"isConfirmationRequired":false,"visible_stage":"","editable_stage":"","lookupFilterValue":"","dependent_filter_field":null,"skiplogic":null,"lookup_view_field":"[]","isShowInGrid":false,"pkfk":"","visible":"none","validations":[{"name":"pattern","validator":"","message":""},{"name":"required","validator":"","message":"Department Name is required"}],"filter_json":"[{\"type\":\"object\",\"operator\":\"and\",\"list\":[{\"type\":\"row\",\"id\":1,\"field_id\":\"isactive\",\"conditionList\":[],\"condition_id\":\"3\",\"control_type\":6,\"ddl\":[],\"value\":true,\"month\":null,\"days\":null,\"is_session_value\":false,\"session_value\":\"0\"}]}]","minvalue":1,"isLinkwithForm":false,"linkwithFormViewid":"293,0","formula_json":null,"lookuplist":"[{\"field_binding\":\"hod_designation\",\"lookup_form_id\":\"z_entitymast_designation_001,358\",\"lookup_display_field\":[{\"id\":\"designation_name\",\"name\":\"Designation\"}],\"lookup_value_field\":\"designation_id\"}]","seperator":""},{"type":"dependentlookup","inputType":"dependentlookup","label":"Office Name","name":"office_id","helpText":"","required":true,"value":"","other_default_value":"0","lookup_form":"z_entitymast_manage_offices_001","display_field":"[{\"id\":\"office_name\",\"name\":\"Office Name\"}]","value_field":"offices_id","dependentloopupid":"department_id","dependent_filter_field":"department_id","column":"2","labelalignment":"horizontal","labelcss":"col-lg-4 col-md-12 col-sm-12 text-right font8","controlcss":"col-sm-12 col-md-12 col-lg-8","display_order_no":12,"isAudit":false,"isConfirmationRequired":false,"visible_stage":"","editable_stage":"","skiplogic":null,"lookup_view_field":"[]","isShowInGrid":false,"pkfk":"","visible":"none","validations":[{"name":"pattern","validator":"","message":""},{"name":"required","validator":"","message":"Office Name is required"}],"filter_json":"[{\"type\":\"object\",\"operator\":\"and\",\"list\":[{\"type\":\"row\",\"id\":1,\"field_id\":\"isactive\",\"conditionList\":[],\"condition_id\":\"3\",\"control_type\":6,\"ddl\":[],\"value\":true,\"month\":null,\"days\":null,\"is_session_value\":false,\"session_value\":\"0\"}]}]","is_multiple_dependentlookup":false,"advance_dependentlookup":"[]","isLinkwithForm":false,"linkwithFormViewid":"294,0","lookuplist":"[{\"field_binding\":\"office_type\",\"lookup_form_id\":\"app_tblsystemenum,290\",\"lookup_display_field\":[{\"id\":\"varibale_name\",\"name\":\"Variable Name\"}],\"lookup_value_field\":\"id\"},{\"field_binding\":\"office_level\",\"lookup_form_id\":\"app_tblsystemenum,290\",\"lookup_display_field\":[{\"id\":\"varibale_name\",\"name\":\"Variable Name\"}],\"lookup_value_field\":\"id\"},{\"field_binding\":\"department_id\",\"lookup_form_id\":\"z_entitymast_department_001,293\",\"lookup_display_field\":[{\"id\":\"department_name\",\"name\":\"Department Name\"}],\"lookup_value_field\":\"department_id\"},{\"field_binding\":\"hod_designation\",\"lookup_form_id\":\"z_entitymast_designation_001,358\",\"lookup_display_field\":[{\"id\":\"designation_name\",\"name\":\"Designation\"}],\"lookup_value_field\":\"designation_id\"},{\"field_binding\":\"reporting_office\",\"lookup_form_id\":\"z_entitymast_manage_offices_001\",\"lookup_display_field\":[{\"id\":\"office_name\",\"name\":\"Office Name\"}],\"lookup_value_field\":\"offices_id\"},{\"field_binding\":\"state_id\",\"lookup_form_id\":\"z_entitymast_state_001,295\",\"lookup_display_field\":[{\"id\":\"state_name\",\"name\":\"State Name\"}],\"lookup_value_field\":\"state_id\"},{\"field_binding\":\"division_id\",\"lookup_form_id\":\"z_entitymast_division_001,297\",\"lookup_display_field\":[{\"id\":\"division_name\",\"name\":\"Division Name\"}],\"lookup_value_field\":\"division_id\"},{\"field_binding\":\"district_id\",\"lookup_form_id\":\"z_entitymast_district_001,296\",\"lookup_display_field\":[{\"id\":\"district_name\",\"name\":\"District Name\"}],\"lookup_value_field\":\"district_id\"}]","seperator":""},{"type":"lookup","inputType":"lookup","label":"Actor Type","name":"actortype_id","helpText":"","required":false,"value":"","other_default_value":"0","lookup_form":"app_actortype","display_field":"[{\"id\":\"actortype_name\",\"name\":\"Actor Type\"}]","value_field":"actortype_id","column":"2","labelalignment":"horizontal","labelcss":"col-lg-4 col-md-12 col-sm-12 text-right font8","controlcss":"col-sm-12 col-md-12 col-lg-8","display_order_no":13,"isAudit":false,"isConfirmationRequired":false,"visible_stage":"","editable_stage":"","lookupFilterValue":"","dependent_filter_field":null,"skiplogic":null,"lookup_view_field":"[]","isShowInGrid":false,"pkfk":"","visible":"always","validations":[{"name":"pattern","validator":"","message":""}],"filter_json":null,"minvalue":1,"isLinkwithForm":false,"linkwithFormViewid":"394,0","formula_json":null,"lookuplist":"[]","seperator":""}],"visible_stage":"","binding_name":"user_role_mapping","isrepeat":false,"istabular":"1","display_order_no":3,"repeatable_save_as":"","isCaptionVisiable":"always","skiplogic":null,"section_dependent":false,"lookup_form":"0","display_field":"[]","value_field":null,"dependentloopupid":null,"dependent_filter_field":null,"lookup_view_field":"[]","editable_stage":"","filter_json":null,"is_multiple_dependentlookup":false,"advance_dependentlookup":"[]","section_hide":false},{"name":"User List","column":"2","alignment":"horizontal","FieldConfig":[],"visible_stage":"","binding_name":"section_2","isrepeat":false,"istabular":"2","display_order_no":14,"repeatable_save_as":"","isCaptionVisiable":"always","skiplogic":null,"section_dependent":true,"lookup_form":"app_tbluserprofile","display_field":"[{\"id\":\"office_id\",\"name\":\"Office Name\"}]","value_field":"userprofile_id","dependentloopupid":"user_id","dependent_filter_field":"user_id","lookup_view_field":"[{\"id\":\"user_id\",\"name\":\"User Name\",\"label\":\"User Name\",\"display_order_no\":1,\"control_type\":\"14\",\"table_name\":\"app_tbluser,292\",\"value_filed\":\"user_id\",\"display_filed\":\"[{\\\"id\\\":\\\"user_loginname\\\",\\\"name\\\":\\\"Login Name\\\"},{\\\"id\\\":\\\"user_fname\\\",\\\"name\\\":\\\"First Name\\\"}]\",\"dynamiclist\":\"[]\"},{\"id\":\"role_id\",\"name\":\"Role Name\",\"label\":\"Role Name\",\"display_order_no\":2,\"control_type\":\"14\",\"table_name\":\"app_tblrole,289\",\"value_filed\":\"role_id\",\"display_filed\":\"[{\\\"id\\\":\\\"role_name\\\",\\\"name\\\":\\\"Role Name\\\"}]\",\"dynamiclist\":\"[]\"},{\"id\":\"actortype_id\",\"name\":\"Actor Type\",\"label\":\"Actor Type\",\"display_order_no\":3,\"control_type\":\"14\",\"table_name\":\"app_actortype,394\",\"value_filed\":\"actortype_id\",\"display_filed\":\"[{\\\"id\\\":\\\"actortype_name\\\",\\\"name\\\":\\\"Actor Type\\\"}]\",\"dynamiclist\":\"[]\"}]","editable_stage":"","filter_json":null,"is_multiple_dependentlookup":false,"advance_dependentlookup":"[{\"dependentlookupid\":\"user_id\",\"dependentlookupfilterid\":\"user_id\"},{\"dependentlookupid\":\"role_id\",\"dependentlookupfilterid\":\"role_id\"}]","section_hide":false}]