{"processid":20,"nodeJson":[{"title":"Completed","id":3,"x":856,"y":101,"type":"final","state":"Finished","implemention":"","preimplemention":"","destination":"10","destination_query":"select up.userprofile_id as id,(se.varibale_name||' '||ur.user_fname||' '||ur.user_lname||' '||r.role_name) as username\nfrom app_tbluserprofile up\nleft join app_tbluser ur on up.user_id=ur.user_id\nleft join app_tblsystemenum se on se.id=ur.user_prifix\nleft join app_tblrole r on r.role_id=up.role_id where up.userprofile_id=4","destination_json":"[]","mail_alert":0,"routing_type":"rule","action_required_by":"all","is_Endorser":false},{"title":"Approver","id":2,"x":453,"y":124,"type":"normal","state":"In Process","implemention":"","preimplemention":"","destination":"16","destination_query":"select up.userprofile_id as id, ur.user_fname as username from app_tbluserprofile up left join app_tbluser ur on up.user_id=ur.user_id where  up.userprofile_id=6","destination_json":"[]","mail_alert":0,"routing_type":"rule","action_required_by":"all","is_Endorser":false},{"title":"Start","id":1,"x":120,"y":170,"type":"initial","state":"Init","implemention":"","preimplemention":"","destination":0,"destination_query":null,"destination_json":"[]","mail_alert":0,"routing_type":"rule","action_required_by":"all","is_Endorser":false},{"title":"On Hold","id":4,"x":685,"y":370,"type":"normal","state":"Parked","implemention":"","preimplemention":"","destination":"16","destination_query":"select up.userprofile_id as id, ur.user_fname as username from app_tbluserprofile up left join app_tbluser ur on up.user_id=ur.user_id where  up.userprofile_id=6","destination_json":"[]","mail_alert":0,"routing_type":"rule","action_required_by":"all","is_Endorser":false}],"connJson":[{"fromSide":"right","toSide":"bottom","from":{"title":"On Hold","id":4,"x":685,"y":370,"type":"normal","state":"Parked","implemention":"","preimplemention":"","destination":"16","destination_query":"select up.userprofile_id as id, ur.user_fname as username from app_tbluserprofile up left join app_tbluser ur on up.user_id=ur.user_id where ur.user_id=7","destination_json":"[]","mail_alert":0,"routing_type":"rule","action_required_by":"all","is_Endorser":false},"to":{"title":"Completed","id":3,"x":856,"y":101,"type":"final","state":"Finished","implemention":"","preimplemention":"","destination":"10","destination_query":"select up.userprofile_id as id,(se.varibale_name||' '||ur.user_fname||' '||ur.user_lname||' '||r.role_name) as username from app_tbluserprofile up left join app_tbluser ur on up.user_id=ur.user_id left join app_tblsystemenum se on se.id=ur.user_prifix left join app_tblrole r on r.role_id=up.role_id where up.userprofile_id=4","destination_json":"[]","mail_alert":0,"routing_type":"rule","action_required_by":"all","is_Endorser":false},"id":7,"title":"CMD","triggerTypeCommand":"3","condition":"[]"},{"id":6,"from":{"title":"Approver","id":2,"x":453,"y":124,"type":"normal","state":"In Process","implemention":"","preimplemention":"","destination":"16","destination_query":"select up.userprofile_id as id, ur.user_fname as username from app_tbluserprofile up left join app_tbluser ur on up.user_id=ur.user_id where ur.user_id=7","destination_json":"[]","mail_alert":0,"routing_type":"rule","action_required_by":"all","is_Endorser":false},"to":{"title":"On Hold","id":4,"x":685,"y":370,"type":"normal","state":"Parked","implemention":"","preimplemention":"","destination":"16","destination_query":"select up.userprofile_id as id, ur.user_fname as username from app_tbluserprofile up left join app_tbluser ur on up.user_id=ur.user_id where ur.user_id=7","destination_json":"[]","mail_alert":0,"routing_type":"rule","action_required_by":"all","is_Endorser":false},"title":"CMD","fromSide":"left","toSide":"top","name":"","triggerTypeCommand":"4","condition":"[]"},{"id":5,"from":{"title":"Approver","id":2,"x":453,"y":124,"type":"normal","state":"In Process","implemention":"","preimplemention":"","destination":"16","destination_query":"select up.userprofile_id as id, ur.user_fname as username from app_tbluserprofile up left join app_tbluser ur on up.user_id=ur.user_id where ur.user_id=7","destination_json":"[]","mail_alert":0,"routing_type":"rule","action_required_by":"all","is_Endorser":false},"to":{"title":"Completed","id":3,"x":856,"y":101,"type":"final","state":"Finished","implemention":"","preimplemention":"","destination":"10","destination_query":"select up.userprofile_id as id,(se.varibale_name || ' ' || ur.user_fname || ' ' || ur.user_lname || ' ' || r.role_name) as username from app_tbluserprofile up left join app_tbluser ur on up.user_id=ur.user_id left join app_tblsystemenum se on se.id=ur.user_prifix left join app_tblrole r on r.role_id=up.role_id where up.userprofile_id=4","destination_json":"[]","mail_alert":0,"routing_type":"rule","action_required_by":"all","is_Endorser":false},"title":"CMD","fromSide":"top","toSide":"top","name":"","triggerTypeCommand":"2","condition":"[]"},{"id":3,"from":{"title":"Approver","id":2,"x":453,"y":124,"type":"normal","state":"In Process","implemention":"","preimplemention":"","destination":"16","destination_query":"select up.userprofile_id as id, ur.user_fname as username from app_tbluserprofile up left join app_tbluser ur on up.user_id=ur.user_id where ur.user_id=7","destination_json":"[]","mail_alert":0,"routing_type":"rule","action_required_by":"all","is_Endorser":false},"to":{"title":"Completed","id":3,"x":856,"y":101,"type":"final","state":"Finished","implemention":"","preimplemention":"","destination":"10","destination_query":"select up.userprofile_id as id,(se.varibale_name||' '||ur.user_fname||' '||ur.user_lname ||' '||r.role_name) as username from app_tbluserprofile up left join app_tbluser ur on up.user_id=ur.user_id left join app_tblsystemenum se on se.id=ur.user_prifix left join app_tblrole r on r.role_id=up.role_id where up.userprofile_id=4","destination_json":"[]","mail_alert":0,"routing_type":"rule","action_required_by":"all","is_Endorser":false},"title":"CMD","fromSide":"right","toSide":"left","name":"","triggerTypeCommand":"3","condition":"[]"},{"id":1,"from":{"title":"Start","id":1,"x":120,"y":170,"type":"initial","state":"Init","implemention":"","preimplemention":"","destination":0,"destination_query":null,"destination_json":"[]","mail_alert":0,"routing_type":"rule","action_required_by":"all","is_Endorser":false},"to":{"title":"Approver","id":2,"x":453,"y":124,"type":"normal","state":"In Process","implemention":"","preimplemention":"","destination":"16","destination_query":"select up.userprofile_id as id, ur.user_fname as username from app_tbluserprofile up left join app_tbluser ur on up.user_id=ur.user_id where ur.user_id=7","destination_json":"[]","mail_alert":0,"routing_type":"rule","action_required_by":"all","is_Endorser":false},"title":"AU","fromSide":"right","toSide":"left","name":""},{"fromSide":"top","toSide":"left","from":{"title":"On Hold","id":4,"x":685,"y":370,"type":"normal","state":"Parked","implemention":"","preimplemention":"","destination":"16","destination_query":"select up.userprofile_id as id, ur.user_fname as username from app_tbluserprofile up left join app_tbluser ur on up.user_id=ur.user_id where ur.user_id=7","destination_json":"[]","mail_alert":0,"routing_type":"rule","action_required_by":"all","is_Endorser":false},"to":{"title":"Completed","id":3,"x":856,"y":101,"type":"final","state":"Finished","implemention":"","preimplemention":"","destination":"10","destination_query":"select up.userprofile_id as id,(se.varibale_name||' '||ur.user_fname||' '||ur.user_lname||' '||r.role_name) as username from app_tbluserprofile up left join app_tbluser ur on up.user_id=ur.user_id left join app_tblsystemenum se on se.id=ur.user_prifix left join app_tblrole r on r.role_id=up.role_id where up.userprofile_id=4","destination_json":"[]","mail_alert":0,"routing_type":"rule","action_required_by":"all","is_Endorser":false},"id":8,"title":"CMD","triggerTypeCommand":"2","condition":"[]"}],"sectionJson":[{"name":"COMPANY DETAILS","column":"2","alignment":"horizontal","FieldConfig":[{"type":"lookup","inputType":"lookup","label":"Company Type","name":"company_type","helpText":"","required":true,"value":"","other_default_value":"0","lookup_form":"app_tblsystemenum","display_field":"[{\"id\":\"varibale_name\",\"name\":\"Variable Name\"}]","value_field":"id","dependent_lookup_type":"","column":"1","labelalignment":"horizontal","labelcss":"col-lg-4 col-md-12 col-sm-12 text-right font8","controlcss":"col-sm-12 col-md-12 col-lg-8 ","display_order_no":8,"isAudit":false,"isConfirmationRequired":false,"visible_stage":"","editable_stage":"384","lookupFilterValue":"","dependent_filter_field":null,"skiplogic":null,"lookup_view_field":"[]","isShowInGrid":false,"pkfk":"","visible":"always","validations":[{"name":"pattern","validator":"","message":""},{"name":"required","validator":"","message":"Company Type is required"}],"filter_json":"[{\"type\":\"object\",\"operator\":\"and\",\"list\":[{\"type\":\"row\",\"id\":1,\"field_id\":\"varibale_type\",\"conditionList\":[],\"condition_id\":\"3\",\"control_type\":1,\"ddl\":[],\"value\":\"CompanyType\",\"month\":null,\"days\":null,\"is_session_value\":false,\"session_value\":\"0\"}]}]","minvalue":1,"isLinkwithForm":false,"linkwithFormViewid":"290,0","formula_json":null,"lookuplist":"[]","seperator":"","control_width":"width-10"},{"type":"input","label":"Company Name","inputType":"text","name":"company_name","helpText":"","required":true,"value":"","maxlength":"250","column":"1","labelalignment":"horizontal","labelcss":"col-lg-4 col-md-12 col-sm-12 text-right font8","controlcss":"col-sm-12 col-md-12 col-lg-8 ","validations":[{"name":"pattern","validator":"","message":""},{"name":"required","validator":"","message":"Company Name is required"}],"display_order_no":9,"isAudit":false,"isConfirmationRequired":false,"visible_stage":"","editable_stage":"384","skiplogic":null,"isShowInGrid":false,"pkfk":"","visible":"always","dependentInputField":false,"dependentInputDisplayValue":"","dependentInputFieldJson":[],"formula_json":null,"unique":false,"lookup_form":"z_entitymast_company_001","value_field":"company_id","control_width":"width-10"},{"type":"input","label":"Company Representative Name","inputType":"text","name":"company_representative_name","helpText":"","required":true,"value":"","maxlength":"250","column":"1","labelalignment":"horizontal","labelcss":"col-lg-4 col-md-12 col-sm-12 text-right font8","controlcss":"col-sm-12 col-md-12 col-lg-8 ","validations":[{"name":"pattern","validator":"","message":""},{"name":"required","validator":"","message":"Company Representative Name is required"}],"display_order_no":10,"isAudit":false,"isConfirmationRequired":false,"visible_stage":"","editable_stage":"384","skiplogic":null,"isShowInGrid":false,"pkfk":"","visible":"always","dependentInputField":false,"dependentInputDisplayValue":"","dependentInputFieldJson":[],"formula_json":null,"unique":false,"lookup_form":"z_entitymast_company_001","value_field":"company_id","control_width":"width-10"},{"type":"input","label":"Company Landline No","inputType":"text","name":"company_landline_no","helpText":"","required":false,"value":"","maxlength":"20","column":"1","labelalignment":"horizontal","labelcss":"col-lg-4 col-md-12 col-sm-12 text-right font8","controlcss":"col-sm-12 col-md-12 col-lg-8 ","validations":[{"name":"pattern","validator":"^[+]?[(]?[0-9]{3}[)]?[-s.]?[0-9]{3}[-s.]?[0-9]{4,6}$","message":"Please enter a valid phone number"}],"display_order_no":11,"isAudit":false,"isConfirmationRequired":false,"visible_stage":"","editable_stage":"384","skiplogic":null,"isShowInGrid":false,"pkfk":"","visible":"always","dependentInputField":false,"dependentInputDisplayValue":"","dependentInputFieldJson":[],"formula_json":null,"unique":false,"lookup_form":"z_entitymast_company_001","value_field":"company_id","control_width":"width-10"},{"type":"input","label":"Company Representative Mobile Number","inputType":"text","name":"company_mobile_number","helpText":"","required":true,"value":"","maxlength":"250","column":"1","labelalignment":"horizontal","labelcss":"col-lg-4 col-md-12 col-sm-12 text-right font8","controlcss":"col-sm-12 col-md-12 col-lg-8 ","validations":[{"name":"pattern","validator":"","message":""},{"name":"required","validator":"","message":"Company Representative Mobile Number is required"}],"display_order_no":12,"isAudit":false,"isConfirmationRequired":false,"visible_stage":"","editable_stage":"349,384","skiplogic":null,"isShowInGrid":false,"pkfk":"","visible":"always","dependentInputField":false,"dependentInputDisplayValue":"","dependentInputFieldJson":[],"formula_json":null,"unique":false,"lookup_form":"z_entitymast_company_001","value_field":"company_id","control_width":"width-10"},{"type":"input","label":"PAN Number (e.g. ABCTY1234D)","inputType":"text","name":"company_pan","helpText":"","required":true,"value":"","maxlength":"250","column":"1","labelalignment":"horizontal","labelcss":"col-lg-4 col-md-12 col-sm-12 text-right font8","controlcss":"col-sm-12 col-md-12 col-lg-8 ","validations":[{"name":"pattern","validator":"^([A-Z]){3}(C|P|H|F|A|T|B|L|J|G){1}([A-Z]){1}([0-9]){4}([A-Z]){1}?$","message":"Please enter PAN Number"},{"name":"required","validator":"","message":"PAN Number (e.g. ABCTY1234D) is required"}],"display_order_no":13,"isAudit":false,"isConfirmationRequired":false,"visible_stage":"","editable_stage":"384","skiplogic":null,"isShowInGrid":false,"pkfk":"","visible":"always","dependentInputField":false,"dependentInputDisplayValue":"","dependentInputFieldJson":[],"formula_json":null,"unique":false,"lookup_form":"z_entitymast_company_001","value_field":"company_id","control_width":"width-10"},{"type":"input","label":"Company GSTIN (e.g. 37AADCS0472N2Z0)","inputType":"text","name":"company_gstin","helpText":"","required":true,"value":"","maxlength":"250","column":"1","labelalignment":"horizontal","labelcss":"col-lg-4 col-md-12 col-sm-12 text-right font8","controlcss":"col-sm-12 col-md-12 col-lg-8 ","validations":[{"name":"pattern","validator":"^[0-9]{2}[A-Z]{5}[0-9]{4}[A-Z]{1}[1-9A-Z]{1}Z[0-9A-Z]{1}$","message":"Please enter valid GSTIN"},{"name":"required","validator":"","message":"Company GSTIN (e.g. 37AADCS0472N2Z0) is required"}],"display_order_no":14,"isAudit":false,"isConfirmationRequired":false,"visible_stage":"","editable_stage":"384","skiplogic":null,"isShowInGrid":false,"pkfk":"","visible":"always","dependentInputField":false,"dependentInputDisplayValue":"","dependentInputFieldJson":[],"formula_json":null,"unique":false,"lookup_form":"z_entitymast_company_001","value_field":"company_id","control_width":"width-10"},{"type":"input","label":"CIN (e.g. L21091KA2019OPC141331)","inputType":"text","name":"company_cin","helpText":"","required":false,"value":"","maxlength":"250","column":"1","labelalignment":"horizontal","labelcss":"col-lg-4 col-md-12 col-sm-12 text-right font8","controlcss":"col-sm-12 col-md-12 col-lg-8 ","validations":[{"name":"pattern","validator":"^([L|U]{1})([0-9]{5})([A-Za-z]{2})([0-9]{4})([A-Za-z]{3})([0-9]{6})$","message":"Please enter valid CIN"}],"display_order_no":15,"isAudit":false,"isConfirmationRequired":false,"visible_stage":"","editable_stage":"384","skiplogic":null,"isShowInGrid":false,"pkfk":"","visible":"always","dependentInputField":false,"dependentInputDisplayValue":"","dependentInputFieldJson":[],"formula_json":null,"unique":false,"lookup_form":"z_entitymast_company_001","value_field":"company_id","control_width":"width-10"},{"type":"input","label":"Email Id","inputType":"text","name":"company_rep_email","helpText":"","required":true,"value":"","maxlength":"150","column":"1","labelalignment":"horizontal","labelcss":"col-lg-4 col-md-12 col-sm-12 text-right font8","controlcss":"col-sm-12 col-md-12 col-lg-8 ","validations":[{"name":"pattern","validator":"^[a-z0-9._%+-]+@[a-z0-9.-]+.[a-z]{2,4}$","message":"Please enter a valid email"},{"name":"required","validator":"","message":"Email Id is required"}],"display_order_no":16,"isAudit":false,"isConfirmationRequired":false,"visible_stage":"","editable_stage":"384","skiplogic":null,"isShowInGrid":false,"pkfk":"","visible":"always","dependentInputField":false,"dependentInputDisplayValue":"","dependentInputFieldJson":[],"formula_json":null,"unique":false,"lookup_form":"z_entitymast_company_001","value_field":"company_id","control_width":"width-10"},{"type":"decimal","label":"Current Amount Balance (INR)","inputType":"number","name":"current_amount_balance","helpText":"","required":false,"value":"0","minvalue":"","maxvalue":"","column":"1","labelalignment":"horizontal","labelcss":"col-lg-4 col-md-12 col-sm-12 text-right font8","controlcss":"col-sm-12 col-md-12 col-lg-8 ","validations":[{"name":"pattern","validator":"","message":""}],"display_order_no":17,"isAudit":false,"isConfirmationRequired":false,"visible_stage":"","editable_stage":"349,384","skiplogic":null,"isShowInGrid":false,"pkfk":"","visible":"always","formula_json":null,"unique":false,"lookup_form":"z_entitymast_company_001","value_field":"company_id","is_multiple_dependentlookup":false,"advance_dependentlookup":"[]","control_width":"width-10"},{"type":"input","label":"Login Password","inputType":"text","name":"login_password","helpText":"","required":false,"value":"","maxlength":"250","column":"1","labelalignment":"horizontal","labelcss":"col-lg-4 col-md-12 col-sm-12 text-right font8","controlcss":"col-sm-12 col-md-12 col-lg-8 ","validations":[{"name":"pattern","validator":"","message":""}],"display_order_no":18,"isAudit":false,"isConfirmationRequired":false,"visible_stage":"","editable_stage":"349,384","skiplogic":null,"isShowInGrid":false,"pkfk":"","visible":"none","dependentInputField":false,"dependentInputDisplayValue":"","dependentInputFieldJson":[],"formula_json":null,"unique":false,"lookup_form":"z_entitymast_company_001","value_field":"company_id","control_width":"width-10"},{"type":"checkbox","inputType":"checkbox","label":"Is Active","name":"is_active","helpText":"","required":false,"value":"True","validations":[{"name":"pattern","validator":"","message":""}],"column":"1","labelalignment":"horizontal","labelcss":"col-lg-4 col-md-12 col-sm-12 text-right font8","controlcss":"col-sm-12 col-md-12 col-lg-8 ","display_order_no":19,"isAudit":false,"isConfirmationRequired":false,"visible_stage":"","editable_stage":"384","skiplogic":null,"isShowInGrid":false,"pkfk":"","visible":"none","control_width":"width-10"},{"type":"checkbox","inputType":"checkbox","label":"Is Account Active","name":"is_account_active","helpText":"","required":false,"value":"false","validations":[{"name":"pattern","validator":"","message":""}],"column":"1","labelalignment":"horizontal","labelcss":"col-lg-4 col-md-12 col-sm-12 text-right font8","controlcss":"col-sm-12 col-md-12 col-lg-8 ","display_order_no":20,"isAudit":false,"isConfirmationRequired":false,"visible_stage":"","editable_stage":"384","skiplogic":null,"isShowInGrid":false,"pkfk":"","visible":"none","control_width":"width-10"},{"type":"checkbox","inputType":"checkbox","label":"Is Subscribed","name":"is_subscribed","helpText":"","required":false,"value":"false","validations":[{"name":"pattern","validator":"","message":""}],"column":"1","labelalignment":"horizontal","labelcss":"col-lg-4 col-md-12 col-sm-12 text-right font8","controlcss":"col-sm-12 col-md-12 col-lg-8 ","display_order_no":21,"isAudit":false,"isConfirmationRequired":false,"visible_stage":"","editable_stage":"384","skiplogic":null,"isShowInGrid":false,"pkfk":"","visible":"none","control_width":"width-10"},{"type":"input","label":"Req No","inputType":"text","name":"req_no","helpText":"","required":false,"value":"","maxlength":"250","column":"1","labelalignment":"horizontal","labelcss":"col-lg-4 col-md-12 col-sm-12 text-right font8","controlcss":"col-sm-12 col-md-12 col-lg-8 ","validations":[{"name":"pattern","validator":"","message":""}],"display_order_no":22,"isAudit":false,"isConfirmationRequired":false,"visible_stage":"","editable_stage":"","skiplogic":null,"isShowInGrid":false,"pkfk":"","visible":"none","dependentInputField":false,"dependentInputDisplayValue":"","dependentInputFieldJson":[],"formula_json":null,"unique":false,"lookup_form":"z_entitymast_company_001","value_field":"company_id","control_width":"width-10"}],"visible_stage":"","binding_name":"company","isrepeat":false,"istabular":"1","display_order_no":3,"repeatable_save_as":"","isCaptionVisiable":"always","skiplogic":null,"section_dependent":false,"lookup_form":"0","display_field":"[]","value_field":null,"dependentloopupid":null,"dependent_filter_field":null,"lookup_view_field":"[]","editable_stage":"","filter_json":null,"is_multiple_dependentlookup":false,"advance_dependentlookup":"[]","section_hide":false},{"name":"COMPANY ADDRESS","column":"2","alignment":"horizontal","FieldConfig":[{"type":"autocomplete","inputType":"lookup","label":"Pin Code","name":"company_pincode","helpText":"","required":true,"value":"","lookup_form":"z_entitymast_pin_code_master_001","display_field":"[{\"id\":\"pin_code\",\"name\":\"Pin Code\"}]","value_field":"pin_code_master_id","other_default_value":"0","column":"1","labelalignment":"horizontal","labelcss":"col-lg-4 col-md-12 col-sm-12 text-right font8","controlcss":"col-sm-12 col-md-12 col-lg-8 ","display_order_no":24,"isAudit":false,"isConfirmationRequired":false,"visible_stage":"","editable_stage":"384","lookupFilterValue":"","dependent_filter_field":null,"skiplogic":null,"lookup_view_field":"[]","isShowInGrid":false,"pkfk":"","visible":"always","validations":[{"name":"pattern","validator":"","message":""},{"name":"required","validator":"","message":"Pin Code is required"}],"filter_json":null,"minvalue":1,"isLinkwithForm":false,"linkwithFormViewid":"382,0","lookuplist":"[{\"field_binding\":\"sbi_lho_id\",\"lookup_form_id\":\"z_entitymast_sbi_lho_master_001,435\",\"lookup_display_field\":[{\"id\":\"lho_name\",\"name\":\"LHO Name\"}],\"lookup_value_field\":\"sbi_lho_master_id\"}]","seperator":"","control_width":"width-10"},{"type":"input","label":"Company Address (Building No.)","inputType":"text","name":"company_address_building_no","helpText":"","required":false,"value":"","maxlength":"250","column":"1","labelalignment":"horizontal","labelcss":"col-lg-4 col-md-12 col-sm-12 text-right font8","controlcss":"col-sm-12 col-md-12 col-lg-8 ","validations":[{"name":"pattern","validator":"","message":""}],"display_order_no":25,"isAudit":false,"isConfirmationRequired":false,"visible_stage":"","editable_stage":"384","skiplogic":null,"isShowInGrid":false,"pkfk":"","visible":"always","dependentInputField":false,"dependentInputDisplayValue":"","dependentInputFieldJson":[],"formula_json":null,"unique":false,"lookup_form":"z_entitymast_company_001","value_field":"company_id","control_width":"width-10"},{"type":"dependentlookup","inputType":"dependentlookup","label":"Town","name":"company_town","helpText":"","required":false,"value":"","other_default_value":"0","lookup_form":"z_entitydtl_city_pin_code_mapping_001","display_field":"[{\"id\":\"city_name\",\"name\":\"City Name\"}]","value_field":"city_pin_code_mapping_id","dependentloopupid":"company_pincode","dependent_filter_field":"pin_code_master_id","dependent_lookup_type":"19","column":"1","labelalignment":"horizontal","labelcss":"col-lg-4 col-md-12 col-sm-12 text-right font8","controlcss":"col-sm-12 col-md-12 col-lg-8 ","display_order_no":26,"isAudit":false,"isConfirmationRequired":false,"visible_stage":"","editable_stage":"384","skiplogic":null,"lookup_view_field":"[]","isShowInGrid":false,"pkfk":"","visible":"always","validations":[{"name":"pattern","validator":"","message":""}],"filter_json":null,"is_multiple_dependentlookup":false,"advance_dependentlookup":"[]","isLinkwithForm":false,"linkwithFormViewid":"383,0","lookuplist":"[{\"field_binding\":\"pin_code_master_id\",\"lookup_form_id\":\"z_entitymast_pin_code_master_001\",\"lookup_display_field\":[{\"id\":\"pin_code\",\"name\":\"Pin Code\"}],\"lookup_value_field\":\"pin_code_master_id\"}]","seperator":"","control_width":"width-10"},{"type":"autopopulate","label":"District","name":"company_district","helpText":"","required":false,"value":"","lookup_form":"z_entitymast_pin_code_master_001","display_field":"[{\"id\":\"district_name\",\"name\":\"District Name\"}]","value_field":"pin_code_master_id","dependentloopupid":"company_pincode","dependent_filter_field":"pin_code_master_id","column":"1","labelalignment":"horizontal","validations":[{"name":"pattern","validator":"","message":""}],"labelcss":"col-lg-4 col-md-12 col-sm-12 text-right font8","controlcss":"col-sm-12 col-md-12 col-lg-8 ","display_order_no":27,"isAudit":false,"isConfirmationRequired":false,"visible_stage":"","editable_stage":"384","skiplogic":null,"lookup_view_field":"[]","isShowInGrid":false,"visible":"always","filter_json":null,"autopopulate_visibility":"editable","is_multiple_dependentlookup":false,"advance_dependentlookup":"[]","control_width":"width-10"},{"type":"autopopulate","label":"State","name":"company_state","helpText":"","required":false,"value":"","lookup_form":"z_entitymast_pin_code_master_001","display_field":"[{\"id\":\"state_name\",\"name\":\"State Name\"}]","value_field":"pin_code_master_id","dependentloopupid":"company_pincode","dependent_filter_field":"pin_code_master_id","column":"1","labelalignment":"horizontal","validations":[{"name":"pattern","validator":"","message":""}],"labelcss":"col-lg-4 col-md-12 col-sm-12 text-right font8","controlcss":"col-sm-12 col-md-12 col-lg-8 ","display_order_no":28,"isAudit":false,"isConfirmationRequired":false,"visible_stage":"","editable_stage":"384","skiplogic":null,"lookup_view_field":"[]","isShowInGrid":false,"visible":"always","filter_json":null,"autopopulate_visibility":"editable","is_multiple_dependentlookup":false,"advance_dependentlookup":"[]","control_width":"width-10"}],"visible_stage":"","binding_name":"section_2","isrepeat":false,"istabular":"1","display_order_no":23,"repeatable_save_as":"","isCaptionVisiable":"always","skiplogic":null,"section_dependent":false,"lookup_form":"0","display_field":"[]","value_field":null,"dependentloopupid":null,"dependent_filter_field":null,"lookup_view_field":"[]","editable_stage":"","filter_json":null,"is_multiple_dependentlookup":false,"advance_dependentlookup":"[]","section_hide":false},{"name":"Nearest SBI Branch Details","column":"2","alignment":"horizontal","FieldConfig":[{"type":"autopopulate","label":"SBI LHO ID","name":"sbi_lho","helpText":"","required":false,"value":"","lookup_form":"z_entitymast_pin_code_master_001","display_field":"[{\"id\":\"sbi_lho_id\",\"name\":\"SBI LHO\"}]","value_field":"pin_code_master_id","dependentloopupid":"company_pincode","dependent_filter_field":"pin_code_master_id","column":"1","labelalignment":"horizontal","validations":[{"name":"pattern","validator":"","message":""}],"labelcss":"col-lg-4 col-md-12 col-sm-12 text-right font8","controlcss":"col-sm-12 col-md-12 col-lg-8 ","display_order_no":30,"isAudit":false,"isConfirmationRequired":false,"visible_stage":"","editable_stage":"384","skiplogic":null,"lookup_view_field":"[]","isShowInGrid":false,"visible":"always","filter_json":null,"autopopulate_visibility":"hidden","is_multiple_dependentlookup":false,"advance_dependentlookup":"[]","control_width":"width-10"},{"type":"autopopulate","label":"SBI LHO","name":"sbi_lho_id","helpText":"","required":true,"value":"","lookup_form":"z_entitymast_sbi_lho_master_001","display_field":"[{\"id\":\"lho_name\",\"name\":\"LHO Name\"}]","value_field":"sbi_lho_master_id","dependentloopupid":"sbi_lho","dependent_filter_field":"sbi_lho_master_id","column":"1","labelalignment":"horizontal","validations":[{"name":"pattern","validator":"","message":""},{"name":"required","validator":"","message":"SBI LHO is required"}],"labelcss":"col-lg-4 col-md-12 col-sm-12 text-right font8","controlcss":"col-sm-12 col-md-12 col-lg-8 ","display_order_no":31,"isAudit":false,"isConfirmationRequired":false,"visible_stage":"","editable_stage":"384","skiplogic":null,"lookup_view_field":"[]","isShowInGrid":false,"visible":"always","filter_json":null,"autopopulate_visibility":"editable","is_multiple_dependentlookup":false,"advance_dependentlookup":"[]","control_width":"width-10"},{"type":"dependentlookup","inputType":"dependentlookup","label":"Branch Name","name":"branch_name_id","helpText":"","required":true,"value":"","other_default_value":"0","lookup_form":"z_entitydtl_sbi_branch_001","display_field":"[{\"id\":\"branch_name\",\"name\":\"Branch Name\"}]","value_field":"sbi_branch_id","dependentloopupid":"sbi_lho","dependent_filter_field":"sbi_lho_master_id","dependent_lookup_type":"24","column":"1","labelalignment":"horizontal","labelcss":"col-lg-4 col-md-12 col-sm-12 text-right font8","controlcss":"col-sm-12 col-md-12 col-lg-8 ","display_order_no":32,"isAudit":false,"isConfirmationRequired":false,"visible_stage":"","editable_stage":"384","skiplogic":null,"lookup_view_field":"[]","isShowInGrid":false,"pkfk":"","visible":"always","validations":[{"name":"pattern","validator":"","message":""},{"name":"required","validator":"","message":"Branch Name is required"}],"filter_json":null,"is_multiple_dependentlookup":false,"advance_dependentlookup":"[]","isLinkwithForm":false,"linkwithFormViewid":"436,0","lookuplist":"[{\"field_binding\":\"sbi_lho_master_id\",\"lookup_form_id\":\"z_entitymast_sbi_lho_master_001,435\",\"lookup_display_field\":[{\"id\":\"lho_name\",\"name\":\"LHO Name\"}],\"lookup_value_field\":\"sbi_lho_master_id\"}]","seperator":"","control_width":"width-10"}],"visible_stage":"","binding_name":"section_4","isrepeat":false,"istabular":"1","display_order_no":29,"repeatable_save_as":"","isCaptionVisiable":"always","skiplogic":null,"section_dependent":false,"lookup_form":"0","display_field":"[]","value_field":null,"dependentloopupid":null,"dependent_filter_field":null,"lookup_view_field":"[]","editable_stage":"","filter_json":null,"is_multiple_dependentlookup":false,"advance_dependentlookup":"[]","section_hide":false},{"name":"Approval Section","column":"2","alignment":"horizontal","FieldConfig":[{"type":"select","inputType":"select","label":"Status","name":"is_sbi_approval","helpText":"","required":false,"column":"1","labelalignment":"horizontal","labelcss":"col-lg-4 col-md-12 col-sm-12 text-right font8","controlcss":"col-sm-12 col-md-12 col-lg-8 ","value":"","validations":[{"name":"pattern","validator":"","message":""}],"options":[{"text":"approved","binding":"Approved"},{"text":"rejected","binding":"Rejected"},{"text":"pending","binding":"Pending"}],"display_order_no":34,"isAudit":false,"isConfirmationRequired":false,"visible_stage":"384","editable_stage":"","skiplogic":null,"isShowInGrid":false,"pkfk":"","visible":"always","control_width":"width-8"},{"type":"input","label":"Remarks","inputType":"text","name":"remarks","helpText":"","required":false,"value":"","maxlength":"250","column":"1","labelalignment":"horizontal","labelcss":"col-lg-4 col-md-12 col-sm-12 text-right font8","controlcss":"col-sm-12 col-md-12 col-lg-8 ","validations":[{"name":"pattern","validator":"","message":""}],"display_order_no":35,"isAudit":false,"isConfirmationRequired":false,"visible_stage":"384","editable_stage":"","skiplogic":null,"isShowInGrid":false,"pkfk":"","visible":"always","dependentInputField":false,"dependentInputDisplayValue":"","dependentInputFieldJson":[],"formula_json":null,"unique":false,"lookup_form":"z_entitymast_company_001","value_field":"company_id","control_width":"width-8"}],"visible_stage":"384","binding_name":"section_3","isrepeat":false,"istabular":"1","display_order_no":33,"repeatable_save_as":"","isCaptionVisiable":"none","skiplogic":null,"section_dependent":false,"lookup_form":"0","display_field":"[]","value_field":null,"dependentloopupid":null,"dependent_filter_field":null,"lookup_view_field":"[]","editable_stage":"","filter_json":null,"is_multiple_dependentlookup":false,"advance_dependentlookup":"[]","section_hide":false},{"name":"Processing - Section","column":"2","alignment":"horizontal","FieldConfig":[{"type":"lookup","inputType":"lookup","label":"ActionTaken","name":"actiontaken","helpText":"","required":false,"value":"","lookup_form":"mst_tblUserMaster","display_field":"[{\"id\":\"username\",\"name\":\"UserName\"}]","value_field":"id","labelalignment":"horizontal","labelcss":"col-lg-4 col-md-12 col-sm-12 text-right font8","controlcss":"col-sm-12 col-md-12 col-lg-8","display_order_no":29,"isAudit":false,"isConfirmationRequired":false,"stage":"","lookupFilterValue":"","dependent_filter_field":null,"skiplogic":null,"lookup_view_field":"[]","isShowInGrid":false,"pkfk":"","visible_stage":"","editable_stage":"","visible":"always"},{"type":"lookup","inputType":"lookup","label":"Send To","name":"sendto","helpText":"","required":true,"value":"","lookup_form":"mst_tblUserMaster","display_field":"[{\"id\":\"username\",\"name\":\"UserName\"}]","value_field":"id","labelalignment":"horizontal","labelcss":"col-lg-4 col-md-12 col-sm-12 text-right font8","controlcss":"col-sm-12 col-md-12 col-lg-8","display_order_no":29,"isAudit":false,"isConfirmationRequired":false,"stage":"","lookupFilterValue":"","dependent_filter_field":null,"skiplogic":null,"lookup_view_field":"[]","isShowInGrid":false,"pkfk":"","visible_stage":"","editable_stage":"","visible":"always"},{"type":"textarea","label":"Comments/ Notes ","inputType":"textarea","name":"textarea_remarks","helpText":"","required":true,"value":"","maxlength":"250","labelalignment":"horizontal","labelcss":"col-lg-4 col-md-12 col-sm-12 text-right font8","controlcss":"col-sm-12 col-md-12 col-lg-8","validations":[{"name":"pattern","validator":"","message":""}],"display_order_no":23,"isAudit":false,"isConfirmationRequired":false,"stage":"","skiplogic":null,"isShowInGrid":false,"pkfk":"","visible_stage":"","editable_stage":"","visible":"always"},{"type":"textarea","label":"Endorsement/ Notes ","inputType":"textarea","name":"textarea_indorsmentremarks","helpText":"","required":true,"value":"","maxlength":"250","labelalignment":"horizontal","labelcss":"col-lg-4 col-md-12 col-sm-12 text-right font8","controlcss":"col-sm-12 col-md-12 col-lg-8","validations":[{"name":"pattern","validator":"","message":""}],"display_order_no":203,"isAudit":false,"isConfirmationRequired":false,"stage":"","skiplogic":null,"isShowInGrid":false,"pkfk":"","visible_stage":"","editable_stage":"","visible":"always"},{"type":"hidden","label":"nxtstageid","inputType":"hidden","name":"hidden_nxtstageid","helpText":"","required":false,"value":"","maxlength":"250","labelalignment":"horizontal","labelcss":"col-lg-4 col-md-12 col-sm-12 text-right font8","controlcss":"col-sm-12 col-md-12 col-lg-8","validations":[{"name":"pattern","validator":"","message":""}],"display_order_no":231,"isAudit":false,"isConfirmationRequired":false,"stage":"","skiplogic":null,"isShowInGrid":false,"pkfk":"","visible_stage":"","editable_stage":"","visible":"always"}],"stage":"","binding_name":"processing_section","isrepeat":false,"istabular":"1","isprocess":"1","display_order_no":2221,"repeatable_save_as":"","isCaptionVisiable":false,"section_dependent":false,"lookup_form":null,"display_field":"[]","value_field":null,"dependentloopupid":"0","dependent_filter_field":null,"visible_stage":"","editable_stage":"","lookup_view_field":"[]"}]}