{"processid":21,"nodeJson":[{"title":"Approver","id":3,"x":473,"y":146,"type":"normal","state":"In Process","implemention":"","preimplemention":"","destination":"17","destination_query":"select up.userprofile_id as id, ur.user_fname as username from app_tbluserprofile up left join app_tbluser ur on up.user_id=ur.user_id where up.userprofile_id=9","destination_json":"[]","mail_alert":0,"routing_type":"rule","action_required_by":"all","is_Endorser":false},{"title":"BankIt Operation","id":2,"x":661,"y":354,"type":"normal","state":"In Operation","implemention":"","preimplemention":"","destination":"18","destination_query":"select up.userprofile_id as id, ur.user_fname as username from app_tbluserprofile up left join app_tbluser ur on up.user_id=ur.user_id where up.userprofile_id=31","destination_json":"[]","mail_alert":0,"routing_type":"rule","action_required_by":"all","is_Endorser":false},{"title":"Start","id":1,"x":148,"y":236,"type":"initial","state":"Initial","implemention":"","preimplemention":"","destination":0,"destination_query":null,"destination_json":"[]","mail_alert":0,"routing_type":"rule","action_required_by":"any","is_Endorser":false},{"title":"Approved","id":4,"x":919,"y":153,"type":"final","state":"Completed","implemention":"","preimplemention":"","destination":"10","destination_query":"select up.userprofile_id as id,(se.varibale_name||' '||ur.user_fname||' '||ur.user_lname||' '||r.role_name) as username\nfrom app_tbluserprofile up\nleft join app_tbluser ur on up.user_id=ur.user_id\nleft join app_tblsystemenum se on se.id=ur.user_prifix\nleft join app_tblrole r on r.role_id=up.role_id where up.userprofile_id=4","destination_json":"[]","mail_alert":0,"routing_type":"rule","action_required_by":"all","is_Endorser":false}],"connJson":[{"id":4,"from":{"title":"BankIt Operation","id":2,"x":661,"y":354,"type":"normal","state":"In Operation","implemention":"","preimplemention":"","destination":"18","destination_query":"select up.userprofile_id as id, ur.user_fname as username from app_tbluserprofile up left join app_tbluser ur on up.user_id=ur.user_id where up.userprofile_id=31","destination_json":"[]","mail_alert":0,"routing_type":"rule","action_required_by":"all","is_Endorser":false},"to":{"title":"Approved","id":4,"x":919,"y":153,"type":"final","state":"Completed","implemention":"","preimplemention":"","destination":"10","destination_query":"select up.userprofile_id as id,(se.varibale_name||' '||ur.user_fname||' '||ur.user_lname||' '||r.role_name) as username from app_tbluserprofile up left join app_tbluser ur on up.user_id=ur.user_id left join app_tblsystemenum se on se.id=ur.user_prifix left join app_tblrole r on r.role_id=up.role_id where up.userprofile_id=4","destination_json":"[]","mail_alert":0,"routing_type":"rule","action_required_by":"all","is_Endorser":false},"title":"CMD","fromSide":"right","toSide":"bottom","name":"","triggerTypeCommand":"1","condition":"[]"},{"id":3,"from":{"title":"Approver","id":3,"x":473,"y":146,"type":"normal","state":"In Process","implemention":"","preimplemention":"","destination":"17","destination_query":"select up.userprofile_id as id, ur.user_fname as username from app_tbluserprofile up left join app_tbluser ur on up.user_id=ur.user_id where ur.user_id=4","destination_json":"[]","mail_alert":0,"routing_type":"rule","action_required_by":"all","is_Endorser":false},"to":{"title":"Approved","id":4,"x":919,"y":153,"type":"final","state":"Completed","implemention":"","preimplemention":"","destination":"10","destination_query":"select up.userprofile_id as id,(se.varibale_name||' '||ur.user_fname||' '||ur.user_lname||' '||r.role_name) as username from app_tbluserprofile up left join app_tbluser ur on up.user_id=ur.user_id left join app_tblsystemenum se on se.id=ur.user_prifix left join app_tblrole r on r.role_id=up.role_id where up.userprofile_id=4","destination_json":"[]","mail_alert":0,"routing_type":"rule","action_required_by":"all","is_Endorser":false},"title":"CMD","fromSide":"right","toSide":"left","name":"","triggerTypeCommand":"3","condition":"[]"},{"id":2,"from":{"title":"Approver","id":3,"x":473,"y":146,"type":"normal","state":"In Process","implemention":"","preimplemention":"","destination":"17","destination_query":"select up.userprofile_id as id, ur.user_fname as username from app_tbluserprofile up left join app_tbluser ur on up.user_id=ur.user_id where ur.user_id=4","destination_json":"[]","mail_alert":0,"routing_type":"rule","action_required_by":"all","is_Endorser":false},"to":{"title":"BankIt Operation","id":2,"x":661,"y":354,"type":"normal","state":"In Operation","implemention":"","preimplemention":"","destination":"18","destination_query":"select up.userprofile_id as id, ur.user_fname as username from app_tbluserprofile up left join app_tbluser ur on up.user_id=ur.user_id where up.userprofile_id=31","destination_json":"[]","mail_alert":0,"routing_type":"rule","action_required_by":"all","is_Endorser":false},"title":"CMD","fromSide":"bottom","toSide":"left","name":"","triggerTypeCommand":"2","condition":"[]"},{"id":1,"from":{"title":"Start","id":1,"x":148,"y":236,"type":"initial","state":"Initial","implemention":"","preimplemention":"","destination":0,"destination_query":null,"destination_json":"[]","mail_alert":0,"routing_type":"rule","action_required_by":"any","is_Endorser":false},"to":{"title":"Approver","id":3,"x":473,"y":146,"type":"normal","state":"In Process","implemention":"","preimplemention":"","destination":"17","destination_query":"select up.userprofile_id as id, ur.user_fname as username from app_tbluserprofile up left join app_tbluser ur on up.user_id=ur.user_id where ur.user_id=4","destination_json":"[]","mail_alert":0,"routing_type":"rule","action_required_by":"all","is_Endorser":false},"title":"AU","fromSide":"right","toSide":"left","name":""}],"sectionJson":[{"name":"COMPANY DETAILS","column":"2","alignment":"horizontal","FieldConfig":[{"type":"lookup","inputType":"lookup","label":"Package Name","name":"package_id","helpText":"","required":false,"value":"","other_default_value":"session_office","lookup_form":"z_entitymast_card_product_001","display_field":"[{\"id\":\"card_product_title\",\"name\":\"Card Product Title\"}]","value_field":"card_product_id","dependent_lookup_type":"","column":"1","labelalignment":"horizontal","labelcss":"col-lg-4 col-md-12 col-sm-12 text-right font8","controlcss":"col-sm-12 col-md-12 col-lg-8 ","display_order_no":8,"isAudit":false,"isConfirmationRequired":false,"visible_stage":"","editable_stage":"350,387","lookupFilterValue":"","dependent_filter_field":null,"skiplogic":null,"lookup_view_field":"[]","isShowInGrid":false,"pkfk":"","visible":"always","validations":[{"name":"pattern","validator":"","message":""}],"filter_json":null,"minvalue":1,"isLinkwithForm":false,"linkwithFormViewid":"375,0","formula_json":null,"lookuplist":"[{\"field_binding\":\"card_type\",\"lookup_form_id\":\"app_tblsystemenum,290\",\"lookup_display_field\":[{\"id\":\"varibale_name\",\"name\":\"Variable Name\"}],\"lookup_value_field\":\"id\"}]","seperator":"","control_width":"width-8"},{"type":"lookup","inputType":"lookup","label":"Company","name":"company_id","helpText":"","required":false,"value":"","other_default_value":"session_UserCode","lookup_form":"z_entitymast_company_001","display_field":"[{\"id\":\"company_name\",\"name\":\"Company Name\"}]","value_field":"company_id","dependent_lookup_type":"","column":"1","labelalignment":"horizontal","labelcss":"col-lg-4 col-md-12 col-sm-12 text-right font8","controlcss":"col-sm-12 col-md-12 col-lg-8 ","display_order_no":9,"isAudit":false,"isConfirmationRequired":false,"visible_stage":"","editable_stage":"387","lookupFilterValue":"","dependent_filter_field":null,"skiplogic":null,"lookup_view_field":"[]","isShowInGrid":false,"pkfk":"F","visible":"always","validations":[{"name":"pattern","validator":"","message":""}],"filter_json":null,"minvalue":1,"isLinkwithForm":false,"linkwithFormViewid":"376,0","formula_json":null,"lookuplist":"[{\"field_binding\":\"company_type\",\"lookup_form_id\":\"app_tblsystemenum,290\",\"lookup_display_field\":[{\"id\":\"varibale_name\",\"name\":\"Variable Name\"}],\"lookup_value_field\":\"id\"},{\"field_binding\":\"company_pincode\",\"lookup_form_id\":\"z_entitymast_pin_code_master_001,382\",\"lookup_display_field\":[{\"id\":\"pin_code\",\"name\":\"Pin Code\"}],\"lookup_value_field\":\"pin_code_master_id\"},{\"field_binding\":\"company_town\",\"lookup_form_id\":\"z_entitydtl_city_pin_code_mapping_001,383\",\"lookup_display_field\":[{\"id\":\"city_name\",\"name\":\"City Name\"}],\"lookup_value_field\":\"city_pin_code_mapping_id\"},{\"field_binding\":\"company_district\",\"lookup_form_id\":\"z_entitymast_pin_code_master_001,382\",\"lookup_display_field\":[{\"id\":\"district_name\",\"name\":\"District Name\"}],\"lookup_value_field\":\"pin_code_master_id\"},{\"field_binding\":\"company_state\",\"lookup_form_id\":\"z_entitymast_pin_code_master_001,382\",\"lookup_display_field\":[{\"id\":\"state_name\",\"name\":\"State Name\"}],\"lookup_value_field\":\"pin_code_master_id\"},{\"field_binding\":\"sbi_lho\",\"lookup_form_id\":\"z_entitymast_pin_code_master_001,382\",\"lookup_display_field\":[{\"id\":\"sbi_lho_id\",\"name\":\"SBI LHO\"}],\"lookup_value_field\":\"pin_code_master_id\"},{\"field_binding\":\"sbi_lho_id\",\"lookup_form_id\":\"z_entitymast_sbi_lho_master_001,435\",\"lookup_display_field\":[{\"id\":\"lho_name\",\"name\":\"LHO Name\"}],\"lookup_value_field\":\"sbi_lho_master_id\"},{\"field_binding\":\"branch_name_id\",\"lookup_form_id\":\"z_entitydtl_sbi_branch_001,436\",\"lookup_display_field\":[{\"id\":\"branch_name\",\"name\":\"Branch Name\"}],\"lookup_value_field\":\"sbi_branch_id\"}]","seperator":"","control_width":"width-8"},{"type":"dependentinputfield","label":"Company Type","inputType":"dependentinputfield","name":"company_type","helpText":"","required":false,"value":"","maxlength":"250","column":"1","labelalignment":"horizontal","labelcss":"col-lg-4 col-md-12 col-sm-12 text-right font8","controlcss":"col-sm-12 col-md-12 col-lg-8 ","validations":[{"name":"pattern","validator":"","message":""}],"display_order_no":10,"isAudit":false,"isConfirmationRequired":false,"visible_stage":"","editable_stage":"","skiplogic":null,"isShowInGrid":false,"pkfk":"","visible":"always","dependentInputField":true,"dependentInputDisplayValue":"company_type","dependentInputFieldJson":{"lookup_form_id":"z_entitymast_company_001","lookup_value_field":"company_id","field_name":"z_entitymast_company_001,376","field_binding":"company_id","field_type":"14","dependent_lookup_form_id":"app_tblsystemenum","dependent_lookup_field_value":"id","dependent_display_value":[{"id":"varibale_name","name":"Variable Name"}],"dynamicSelectList":[]},"formula_json":null,"unique":false,"lookup_form":"z_entitydtl_company_subscription_001","value_field":"company_subscription_id","control_width":"width-8"},{"type":"dependentinputfield","label":"Company Name","inputType":"dependentinputfield","name":"company_name","helpText":"","required":false,"value":"","maxlength":"250","column":"1","labelalignment":"horizontal","labelcss":"col-lg-4 col-md-12 col-sm-12 text-right font8","controlcss":"col-sm-12 col-md-12 col-lg-8 ","validations":[{"name":"pattern","validator":"","message":""}],"display_order_no":11,"isAudit":false,"isConfirmationRequired":false,"visible_stage":"","editable_stage":"350","skiplogic":null,"isShowInGrid":false,"pkfk":"","visible":"none","dependentInputField":true,"dependentInputDisplayValue":"company_name","dependentInputFieldJson":{"lookup_form_id":"z_entitymast_company_001","lookup_value_field":"company_id","field_name":"z_entitymast_company_001,376","field_binding":"company_id","field_type":"1","dependent_lookup_form_id":"","dependent_lookup_field_value":"","dependent_display_value":"","dynamicSelectList":[]},"formula_json":null,"unique":false,"lookup_form":"z_entitydtl_company_subscription_001","value_field":"company_subscription_id","control_width":"width-8"},{"type":"dependentinputfield","label":"Company Representative Name","inputType":"dependentinputfield","name":"company_representative_name","helpText":"","required":false,"value":"","maxlength":"250","column":"1","labelalignment":"horizontal","labelcss":"col-lg-4 col-md-12 col-sm-12 text-right font8","controlcss":"col-sm-12 col-md-12 col-lg-8 ","validations":[{"name":"pattern","validator":"","message":""}],"display_order_no":12,"isAudit":false,"isConfirmationRequired":false,"visible_stage":"","editable_stage":"","skiplogic":null,"isShowInGrid":false,"pkfk":"","visible":"always","dependentInputField":true,"dependentInputDisplayValue":"company_representative_name","dependentInputFieldJson":{"lookup_form_id":"z_entitymast_company_001","lookup_value_field":"company_id","field_name":"z_entitymast_company_001,376","field_binding":"company_id","field_type":"1","dependent_lookup_form_id":"","dependent_lookup_field_value":"","dependent_display_value":"","dynamicSelectList":[]},"formula_json":null,"unique":false,"lookup_form":"z_entitydtl_company_subscription_001","value_field":"company_subscription_id","control_width":"width-8"},{"type":"dependentinputfield","label":"Company Landline No","inputType":"dependentinputfield","name":"company_landline_no","helpText":"","required":false,"value":"","maxlength":"250","column":"1","labelalignment":"horizontal","labelcss":"col-lg-4 col-md-12 col-sm-12 text-right font8","controlcss":"col-sm-12 col-md-12 col-lg-8 ","validations":[{"name":"pattern","validator":"","message":""}],"display_order_no":13,"isAudit":false,"isConfirmationRequired":false,"visible_stage":"","editable_stage":"","skiplogic":null,"isShowInGrid":false,"pkfk":"","visible":"always","dependentInputField":true,"dependentInputDisplayValue":"company_landline_no","dependentInputFieldJson":{"lookup_form_id":"z_entitymast_company_001","lookup_value_field":"company_id","field_name":"z_entitymast_company_001,376","field_binding":"company_id","field_type":"11","dependent_lookup_form_id":"","dependent_lookup_field_value":"","dependent_display_value":"","dynamicSelectList":[]},"formula_json":null,"unique":false,"lookup_form":"z_entitydtl_company_subscription_001","value_field":"company_subscription_id","control_width":"width-8"},{"type":"dependentinputfield","label":"Company Representative Mobile Number","inputType":"dependentinputfield","name":"company_mobile_number","helpText":"","required":false,"value":"","maxlength":"250","column":"1","labelalignment":"horizontal","labelcss":"col-lg-4 col-md-12 col-sm-12 text-right font8","controlcss":"col-sm-12 col-md-12 col-lg-8 ","validations":[{"name":"pattern","validator":"","message":""}],"display_order_no":14,"isAudit":false,"isConfirmationRequired":false,"visible_stage":"","editable_stage":"","skiplogic":null,"isShowInGrid":false,"pkfk":"","visible":"always","dependentInputField":true,"dependentInputDisplayValue":"company_mobile_number","dependentInputFieldJson":{"lookup_form_id":"z_entitymast_company_001","lookup_value_field":"company_id","field_name":"z_entitymast_company_001,376","field_binding":"company_id","field_type":"1","dependent_lookup_form_id":"","dependent_lookup_field_value":"","dependent_display_value":"","dynamicSelectList":[]},"formula_json":null,"unique":false,"lookup_form":"z_entitydtl_company_subscription_001","value_field":"company_subscription_id","control_width":"width-8"},{"type":"dependentinputfield","label":"Company PAN Number","inputType":"dependentinputfield","name":"company_pan_number","helpText":"","required":false,"value":"","maxlength":"20","column":"1","labelalignment":"horizontal","labelcss":"col-lg-4 col-md-12 col-sm-12 text-right font8","controlcss":"col-sm-12 col-md-12 col-lg-8 ","validations":[{"name":"pattern","validator":"","message":""}],"display_order_no":15,"isAudit":false,"isConfirmationRequired":false,"visible_stage":"","editable_stage":"","skiplogic":null,"isShowInGrid":false,"pkfk":"","visible":"always","dependentInputField":true,"dependentInputDisplayValue":"company_pan","dependentInputFieldJson":{"lookup_form_id":"z_entitymast_company_001","lookup_value_field":"company_id","field_name":"z_entitymast_company_001,376","field_binding":"company_id","field_type":"1","dependent_lookup_form_id":"","dependent_lookup_field_value":"","dependent_display_value":"","dynamicSelectList":[]},"formula_json":null,"unique":false,"lookup_form":"z_entitydtl_company_subscription_001","value_field":"company_subscription_id","control_width":"width-8"},{"type":"dependentinputfield","label":"Company GSTIN","inputType":"dependentinputfield","name":"company_gstin","helpText":"","required":false,"value":"","maxlength":"250","column":"1","labelalignment":"horizontal","labelcss":"col-lg-4 col-md-12 col-sm-12 text-right font8","controlcss":"col-sm-12 col-md-12 col-lg-8 ","validations":[{"name":"pattern","validator":"","message":""}],"display_order_no":16,"isAudit":false,"isConfirmationRequired":false,"visible_stage":"","editable_stage":"","skiplogic":null,"isShowInGrid":false,"pkfk":"","visible":"always","dependentInputField":true,"dependentInputDisplayValue":"company_gstin","dependentInputFieldJson":{"lookup_form_id":"z_entitymast_company_001","lookup_value_field":"company_id","field_name":"z_entitymast_company_001,376","field_binding":"company_id","field_type":"1","dependent_lookup_form_id":"","dependent_lookup_field_value":"","dependent_display_value":"","dynamicSelectList":[]},"formula_json":null,"unique":false,"lookup_form":"z_entitydtl_company_subscription_001","value_field":"company_subscription_id","control_width":"width-8"},{"type":"dependentinputfield","label":"Company CIN","inputType":"dependentinputfield","name":"company_cin","helpText":"","required":false,"value":"","maxlength":"250","column":"1","labelalignment":"horizontal","labelcss":"col-lg-4 col-md-12 col-sm-12 text-right font8","controlcss":"col-sm-12 col-md-12 col-lg-8 ","validations":[{"name":"pattern","validator":"","message":""}],"display_order_no":17,"isAudit":false,"isConfirmationRequired":false,"visible_stage":"","editable_stage":"","skiplogic":null,"isShowInGrid":false,"pkfk":"","visible":"always","dependentInputField":true,"dependentInputDisplayValue":"company_cin","dependentInputFieldJson":{"lookup_form_id":"z_entitymast_company_001","lookup_value_field":"company_id","field_name":"z_entitymast_company_001,376","field_binding":"company_id","field_type":"1","dependent_lookup_form_id":"","dependent_lookup_field_value":"","dependent_display_value":"","dynamicSelectList":[]},"formula_json":null,"unique":false,"lookup_form":"z_entitydtl_company_subscription_001","value_field":"company_subscription_id","control_width":"width-8"},{"type":"dependentinputfield","label":"Email","inputType":"dependentinputfield","name":"company_email","helpText":"","required":false,"value":"","maxlength":"250","column":"1","labelalignment":"horizontal","labelcss":"col-lg-4 col-md-12 col-sm-12 text-right font8","controlcss":"col-sm-12 col-md-12 col-lg-8 ","validations":[{"name":"pattern","validator":"","message":""}],"display_order_no":18,"isAudit":false,"isConfirmationRequired":false,"visible_stage":"","editable_stage":"","skiplogic":null,"isShowInGrid":false,"pkfk":"","visible":"always","dependentInputField":true,"dependentInputDisplayValue":"company_rep_email","dependentInputFieldJson":{"lookup_form_id":"z_entitymast_company_001","lookup_value_field":"company_id","field_name":"z_entitymast_company_001,376","field_binding":"company_id","field_type":"3","dependent_lookup_form_id":"","dependent_lookup_field_value":"","dependent_display_value":"","dynamicSelectList":[]},"formula_json":null,"unique":false,"lookup_form":"z_entitydtl_company_subscription_001","value_field":"company_subscription_id","control_width":"width-8"}],"visible_stage":"","binding_name":"company_subscription","isrepeat":false,"istabular":"1","display_order_no":3,"repeatable_save_as":"","isCaptionVisiable":"always","skiplogic":null,"section_dependent":false,"lookup_form":"0","display_field":"[]","value_field":null,"dependentloopupid":null,"dependent_filter_field":null,"lookup_view_field":"[]","editable_stage":"","filter_json":null,"is_multiple_dependentlookup":false,"advance_dependentlookup":"[]","section_hide":false},{"name":"CARD QUANTITY","column":"2","alignment":"horizontal","FieldConfig":[{"type":"input","label":"Referral Code","inputType":"text","name":"referral_code","helpText":"","required":false,"value":"","maxlength":"250","column":"1","labelalignment":"horizontal","labelcss":"col-lg-4 col-md-12 col-sm-12 text-right font8","controlcss":"col-sm-12 col-md-12 col-lg-8 ","validations":[{"name":"pattern","validator":"","message":""}],"display_order_no":20,"isAudit":false,"isConfirmationRequired":false,"visible_stage":"","editable_stage":"387,389","skiplogic":null,"isShowInGrid":false,"pkfk":"","visible":"always","dependentInputField":false,"dependentInputDisplayValue":"","dependentInputFieldJson":[],"formula_json":null,"unique":false,"lookup_form":"z_entitydtl_company_subscription_001","value_field":"company_subscription_id","control_width":"width-8"},{"type":"number","label":"No of Cards","inputType":"number","name":"no_of_cards","helpText":"","required":true,"value":"","other_default_value":"0","minvalue":"","maxvalue":"","column":"1","labelalignment":"horizontal","labelcss":"col-lg-4 col-md-12 col-sm-12 text-right font8","controlcss":"col-sm-12 col-md-12 col-lg-8 ","validations":[{"name":"pattern","validator":"","message":""},{"name":"required","validator":"","message":"No of Cards is required"}],"display_order_no":21,"isAudit":false,"isConfirmationRequired":false,"visible_stage":"","editable_stage":"387,389","skiplogic":null,"isShowInGrid":false,"pkfk":"","visible":"always","formula_json":null,"unique":false,"lookup_form":"z_entitydtl_company_subscription_001","value_field":"company_subscription_id","is_multiple_dependentlookup":false,"advance_dependentlookup":"[]","control_width":"width-8"}],"visible_stage":"","binding_name":"section_3","isrepeat":false,"istabular":"1","display_order_no":19,"repeatable_save_as":"","isCaptionVisiable":"always","skiplogic":null,"section_dependent":false,"lookup_form":"0","display_field":"[]","value_field":null,"dependentloopupid":null,"dependent_filter_field":null,"lookup_view_field":"[]","editable_stage":"","filter_json":null,"is_multiple_dependentlookup":false,"advance_dependentlookup":"[]","section_hide":false},{"name":"COMPANY ADDRESS","column":"2","alignment":"horizontal","FieldConfig":[{"type":"lookup","inputType":"lookup","label":"Pin Code","name":"company_pincode","helpText":"","required":false,"value":"","other_default_value":"0","lookup_form":"z_entitymast_pin_code_master_001","display_field":"[{\"id\":\"pin_code\",\"name\":\"Pin Code\"}]","value_field":"pin_code_master_id","dependent_lookup_type":"","column":"1","labelalignment":"horizontal","labelcss":"col-lg-4 col-md-12 col-sm-12 text-right font8","controlcss":"col-sm-12 col-md-12 col-lg-8 ","display_order_no":23,"isAudit":false,"isConfirmationRequired":false,"visible_stage":"","editable_stage":"3,2,4","lookupFilterValue":"","dependent_filter_field":null,"skiplogic":null,"lookup_view_field":"[]","isShowInGrid":false,"pkfk":"","visible":"always","validations":[{"name":"pattern","validator":"","message":""}],"filter_json":null,"minvalue":1,"isLinkwithForm":false,"linkwithFormViewid":"382,0","formula_json":null,"lookuplist":"[{\"field_binding\":\"sbi_lho_id\",\"lookup_form_id\":\"z_entitymast_sbi_lho_master_001,435\",\"lookup_display_field\":[{\"id\":\"lho_name\",\"name\":\"LHO Name\"}],\"lookup_value_field\":\"sbi_lho_master_id\"}]","seperator":"","control_width":"width-8"},{"type":"dependentinputfield","label":"Company Address (Building No.)","inputType":"dependentinputfield","name":"company_building_no","helpText":"","required":false,"value":"","maxlength":"250","column":"1","labelalignment":"horizontal","labelcss":"col-lg-4 col-md-12 col-sm-12 text-right font8","controlcss":"col-sm-12 col-md-12 col-lg-8 ","validations":[{"name":"pattern","validator":"","message":""}],"display_order_no":24,"isAudit":false,"isConfirmationRequired":false,"visible_stage":"","editable_stage":"3,2,4","skiplogic":null,"isShowInGrid":false,"pkfk":"","visible":"always","dependentInputField":true,"dependentInputDisplayValue":"company_address_building_no","dependentInputFieldJson":{"lookup_form_id":"z_entitymast_company_001","lookup_value_field":"company_id","field_name":"z_entitymast_company_001,376","field_binding":"company_id","field_type":"1","dependent_lookup_form_id":"","dependent_lookup_field_value":"","dependent_display_value":"","dynamicSelectList":[]},"formula_json":null,"unique":false,"lookup_form":"z_entitydtl_company_subscription_001","value_field":"company_subscription_id","control_width":"width-8"},{"type":"dependentlookup","inputType":"dependentlookup","label":"Town","name":"company_town","helpText":"","required":false,"value":"","other_default_value":"0","lookup_form":"z_entitydtl_city_pin_code_mapping_001","display_field":"[{\"id\":\"city_name\",\"name\":\"City Name\"}]","value_field":"city_pin_code_mapping_id","dependentloopupid":"company_pincode","dependent_filter_field":"pin_code_master_id","dependent_lookup_type":"14","column":"1","labelalignment":"horizontal","labelcss":"col-lg-4 col-md-12 col-sm-12 text-right font8","controlcss":"col-sm-12 col-md-12 col-lg-8 ","display_order_no":25,"isAudit":false,"isConfirmationRequired":false,"visible_stage":"","editable_stage":"3,2,4","skiplogic":null,"lookup_view_field":"[]","isShowInGrid":false,"pkfk":"","visible":"always","validations":[{"name":"pattern","validator":"","message":""}],"filter_json":null,"is_multiple_dependentlookup":false,"advance_dependentlookup":"[]","isLinkwithForm":false,"linkwithFormViewid":"383,0","lookuplist":"[{\"field_binding\":\"pin_code_master_id\",\"lookup_form_id\":\"z_entitymast_pin_code_master_001\",\"lookup_display_field\":[{\"id\":\"pin_code\",\"name\":\"Pin Code\"}],\"lookup_value_field\":\"pin_code_master_id\"}]","seperator":"","control_width":"width-8"},{"type":"autopopulate","label":"District","name":"company_district","helpText":"","required":false,"value":"","lookup_form":"z_entitymast_pin_code_master_001","display_field":"[{\"id\":\"district_name\",\"name\":\"District Name\"}]","value_field":"pin_code_master_id","dependentloopupid":"0","dependent_filter_field":null,"column":"1","labelalignment":"horizontal","validations":[{"name":"pattern","validator":"","message":""}],"labelcss":"col-lg-4 col-md-12 col-sm-12 text-right font8","controlcss":"col-sm-12 col-md-12 col-lg-8 ","display_order_no":26,"isAudit":false,"isConfirmationRequired":false,"visible_stage":"","editable_stage":"3,2,4","skiplogic":null,"lookup_view_field":"[]","isShowInGrid":false,"visible":"always","filter_json":null,"autopopulate_visibility":"editable","is_multiple_dependentlookup":false,"advance_dependentlookup":"[]","control_width":"width-8"},{"type":"autopopulate","label":"State","name":"company_state","helpText":"","required":false,"value":"","lookup_form":"z_entitymast_pin_code_master_001","display_field":"[{\"id\":\"state_name\",\"name\":\"State Name\"}]","value_field":"pin_code_master_id","dependentloopupid":"0","dependent_filter_field":null,"column":"1","labelalignment":"horizontal","validations":[{"name":"pattern","validator":"","message":""}],"labelcss":"col-lg-4 col-md-12 col-sm-12 text-right font8","controlcss":"col-sm-12 col-md-12 col-lg-8 ","display_order_no":27,"isAudit":false,"isConfirmationRequired":false,"visible_stage":"","editable_stage":"3,2,4","skiplogic":null,"lookup_view_field":"[]","isShowInGrid":false,"visible":"always","filter_json":null,"autopopulate_visibility":"editable","is_multiple_dependentlookup":false,"advance_dependentlookup":"[]","control_width":"width-8"}],"visible_stage":"","binding_name":"section_4","isrepeat":false,"istabular":"1","display_order_no":22,"repeatable_save_as":"","isCaptionVisiable":"always","skiplogic":null,"section_dependent":false,"lookup_form":"0","display_field":"[]","value_field":null,"dependentloopupid":null,"dependent_filter_field":null,"lookup_view_field":"[]","editable_stage":"3,2,4","filter_json":null,"is_multiple_dependentlookup":false,"advance_dependentlookup":"[]","section_hide":false},{"name":"SHIPPING ADDRESS","column":"2","alignment":"horizontal","FieldConfig":[{"type":"checkbox","inputType":"checkbox","label":"SAME AS COMPANY ADDRESS","name":"same_as_company_address","helpText":"","required":false,"value":"","validations":[{"name":"pattern","validator":"","message":""}],"column":"1","labelalignment":"horizontal","labelcss":"col-lg-4 col-md-12 col-sm-12 text-right font8","controlcss":"col-sm-12 col-md-12 col-lg-8 ","display_order_no":29,"isAudit":false,"isConfirmationRequired":false,"visible_stage":"","editable_stage":"3,2,4","skiplogic":null,"isShowInGrid":false,"pkfk":"","visible":"always","control_width":"width-8"},{"type":"lookup","inputType":"lookup","label":"Pin Code","name":"shipping_pincode","helpText":"","required":false,"value":"","other_default_value":"0","lookup_form":"z_entitymast_pin_code_master_001","display_field":"[{\"id\":\"pin_code\",\"name\":\"Pin Code\"}]","value_field":"pin_code_master_id","dependent_lookup_type":"","column":"1","labelalignment":"horizontal","labelcss":"col-lg-4 col-md-12 col-sm-12 text-right font8","controlcss":"col-sm-12 col-md-12 col-lg-8 ","display_order_no":30,"isAudit":false,"isConfirmationRequired":false,"visible_stage":"","editable_stage":"3,2,4","lookupFilterValue":"","dependent_filter_field":null,"skiplogic":null,"lookup_view_field":"[]","isShowInGrid":false,"pkfk":"","visible":"always","validations":[{"name":"pattern","validator":"","message":""}],"filter_json":null,"minvalue":1,"isLinkwithForm":false,"linkwithFormViewid":"382,0","formula_json":null,"lookuplist":"[{\"field_binding\":\"sbi_lho_id\",\"lookup_form_id\":\"z_entitymast_sbi_lho_master_001,435\",\"lookup_display_field\":[{\"id\":\"lho_name\",\"name\":\"LHO Name\"}],\"lookup_value_field\":\"sbi_lho_master_id\"}]","seperator":"","control_width":"width-8"},{"type":"input","label":"Company Address (Building No.)","inputType":"text","name":"shipping_building_no","helpText":"","required":false,"value":"","maxlength":"250","column":"1","labelalignment":"horizontal","labelcss":"col-lg-4 col-md-12 col-sm-12 text-right font8","controlcss":"col-sm-12 col-md-12 col-lg-8 ","validations":[{"name":"pattern","validator":"","message":""}],"display_order_no":31,"isAudit":false,"isConfirmationRequired":false,"visible_stage":"","editable_stage":"3,2,4","skiplogic":null,"isShowInGrid":false,"pkfk":"","visible":"always","dependentInputField":false,"dependentInputDisplayValue":"","dependentInputFieldJson":[],"formula_json":null,"unique":false,"lookup_form":"z_entitydtl_company_subscription_001","value_field":"company_subscription_id","control_width":"width-8"},{"type":"dependentlookup","inputType":"dependentlookup","label":"Town","name":"shipping_town","helpText":"","required":false,"value":"","other_default_value":"0","lookup_form":"z_entitydtl_city_pin_code_mapping_001","display_field":"[{\"id\":\"city_name\",\"name\":\"City Name\"}]","value_field":"city_pin_code_mapping_id","dependentloopupid":"shipping_pincode","dependent_filter_field":"pin_code_master_id","dependent_lookup_type":"14","column":"1","labelalignment":"horizontal","labelcss":"col-lg-4 col-md-12 col-sm-12 text-right font8","controlcss":"col-sm-12 col-md-12 col-lg-8 ","display_order_no":32,"isAudit":false,"isConfirmationRequired":false,"visible_stage":"","editable_stage":"3,2,4","skiplogic":null,"lookup_view_field":"[]","isShowInGrid":false,"pkfk":"","visible":"always","validations":[{"name":"pattern","validator":"","message":""}],"filter_json":null,"is_multiple_dependentlookup":false,"advance_dependentlookup":"[]","isLinkwithForm":false,"linkwithFormViewid":"383,0","lookuplist":"[{\"field_binding\":\"pin_code_master_id\",\"lookup_form_id\":\"z_entitymast_pin_code_master_001\",\"lookup_display_field\":[{\"id\":\"pin_code\",\"name\":\"Pin Code\"}],\"lookup_value_field\":\"pin_code_master_id\"}]","seperator":"","control_width":"width-8"},{"type":"autopopulate","label":"District","name":"shipping_district","helpText":"","required":false,"value":"","lookup_form":"z_entitymast_pin_code_master_001","display_field":"[{\"id\":\"district_name\",\"name\":\"District Name\"}]","value_field":"pin_code_master_id","dependentloopupid":"0","dependent_filter_field":"pin_code","column":"1","labelalignment":"horizontal","validations":[{"name":"pattern","validator":"","message":""}],"labelcss":"col-lg-4 col-md-12 col-sm-12 text-right font8","controlcss":"col-sm-12 col-md-12 col-lg-8 ","display_order_no":33,"isAudit":false,"isConfirmationRequired":false,"visible_stage":"","editable_stage":"3,2,4","skiplogic":null,"lookup_view_field":"[]","isShowInGrid":false,"visible":"always","filter_json":null,"autopopulate_visibility":"editable","is_multiple_dependentlookup":false,"advance_dependentlookup":"[]","control_width":"width-8"},{"type":"autopopulate","label":"State","name":"shipping_state","helpText":"","required":false,"value":"","lookup_form":"z_entitymast_pin_code_master_001","display_field":"[{\"id\":\"state_name\",\"name\":\"State Name\"}]","value_field":"pin_code_master_id","dependentloopupid":"0","dependent_filter_field":null,"column":"1","labelalignment":"horizontal","validations":[{"name":"pattern","validator":"","message":""}],"labelcss":"col-lg-4 col-md-12 col-sm-12 text-right font8","controlcss":"col-sm-12 col-md-12 col-lg-8 ","display_order_no":34,"isAudit":false,"isConfirmationRequired":false,"visible_stage":"","editable_stage":"3,2,4","skiplogic":null,"lookup_view_field":"[]","isShowInGrid":false,"visible":"always","filter_json":null,"autopopulate_visibility":"editable","is_multiple_dependentlookup":false,"advance_dependentlookup":"[]","control_width":"width-8"}],"visible_stage":"","binding_name":"section_5","isrepeat":false,"istabular":"1","display_order_no":28,"repeatable_save_as":"","isCaptionVisiable":"always","skiplogic":null,"section_dependent":false,"lookup_form":"0","display_field":"[]","value_field":null,"dependentloopupid":null,"dependent_filter_field":null,"lookup_view_field":"[]","editable_stage":"3,2,4","filter_json":null,"is_multiple_dependentlookup":false,"advance_dependentlookup":"[]","section_hide":false},{"name":"Approval Section","column":"2","alignment":"horizontal","FieldConfig":[{"type":"select","inputType":"select","label":"Status","name":"is_sbi_approved","helpText":"","required":false,"column":"1","labelalignment":"horizontal","labelcss":"col-lg-4 col-md-12 col-sm-12 text-right font8","controlcss":"col-sm-12 col-md-12 col-lg-8 ","value":"","validations":[{"name":"pattern","validator":"","message":""}],"options":[{"text":"approved","binding":"Approved"},{"text":"rejected","binding":"Rejected"},{"text":"pending","binding":"Pending"}],"display_order_no":36,"isAudit":false,"isConfirmationRequired":false,"visible_stage":"387","editable_stage":"","skiplogic":null,"isShowInGrid":false,"pkfk":"","visible":"none","control_width":"width-10"},{"type":"input","label":"Remarks","inputType":"text","name":"remark","helpText":"","required":false,"value":"","maxlength":"250","column":"1","labelalignment":"horizontal","labelcss":"col-lg-4 col-md-12 col-sm-12 text-right font8","controlcss":"col-sm-12 col-md-12 col-lg-8 ","validations":[{"name":"pattern","validator":"","message":""}],"display_order_no":37,"isAudit":false,"isConfirmationRequired":false,"visible_stage":"387","editable_stage":"350,364","skiplogic":null,"isShowInGrid":false,"pkfk":"","visible":"none","dependentInputField":false,"dependentInputDisplayValue":"","dependentInputFieldJson":[],"formula_json":null,"unique":false,"lookup_form":"z_entitydtl_company_subscription_001","value_field":"company_subscription_id","control_width":"width-10"},{"type":"select","inputType":"select","label":"Order Status","name":"order_status","helpText":"","required":false,"column":"1","labelalignment":"horizontal","labelcss":"col-lg-4 col-md-12 col-sm-12 text-right font8","controlcss":"col-sm-12 col-md-12 col-lg-8 ","value":"","validations":[{"name":"pattern","validator":"","message":""}],"options":[{"text":"dispatched","binding":"Dispatched"},{"text":"delivered","binding":"Delivered"},{"text":"cancelled","binding":"Cancelled"}],"display_order_no":38,"isAudit":false,"isConfirmationRequired":false,"visible_stage":"389","editable_stage":"","skiplogic":null,"isShowInGrid":false,"pkfk":"","visible":"none","control_width":"width-10"}],"visible_stage":"387,389","binding_name":"section_5","isrepeat":false,"istabular":"1","display_order_no":35,"repeatable_save_as":"","isCaptionVisiable":"none","skiplogic":null,"section_dependent":false,"lookup_form":"0","display_field":"[]","value_field":null,"dependentloopupid":null,"dependent_filter_field":null,"lookup_view_field":"[]","editable_stage":"350,364","filter_json":null,"is_multiple_dependentlookup":false,"advance_dependentlookup":"[]","section_hide":false},{"name":"BankIT Operation","column":"2","alignment":"horizontal","FieldConfig":[{"type":"lookup","inputType":"lookup","label":"Order Status","name":"order_status_id","helpText":"","required":false,"value":"","other_default_value":"0","lookup_form":"app_tblsystemenum","display_field":"[{\"id\":\"varibale_name\",\"name\":\"Variable Name\"}]","value_field":"id","dependent_lookup_type":"","column":"1","labelalignment":"horizontal","labelcss":"col-lg-4 col-md-12 col-sm-12 text-right font8","controlcss":"col-sm-12 col-md-12 col-lg-8 ","display_order_no":40,"isAudit":false,"isConfirmationRequired":false,"visible_stage":"2","editable_stage":"","lookupFilterValue":"","dependent_filter_field":null,"skiplogic":null,"lookup_view_field":"[]","isShowInGrid":false,"pkfk":"","visible":"always","validations":[{"name":"pattern","validator":"","message":""}],"filter_json":"[{\"type\":\"object\",\"operator\":\"and\",\"list\":[{\"type\":\"row\",\"id\":1,\"field_id\":\"varibale_type\",\"conditionList\":[],\"condition_id\":\"3\",\"control_type\":1,\"ddl\":[],\"value\":\"OrderStatus\",\"month\":null,\"days\":null,\"is_session_value\":false,\"session_value\":\"0\"}]}]","minvalue":1,"isLinkwithForm":false,"linkwithFormViewid":"290,0","formula_json":null,"lookuplist":"[]","seperator":"","control_width":"width-8"},{"type":"number","label":"No of Kits","inputType":"number","name":"no_of_kits","helpText":"","required":false,"value":"","other_default_value":"0","minvalue":"","maxvalue":"","column":"1","labelalignment":"horizontal","labelcss":"col-lg-4 col-md-12 col-sm-12 text-right font8","controlcss":"col-sm-12 col-md-12 col-lg-8 ","validations":[{"name":"pattern","validator":"","message":""}],"display_order_no":41,"isAudit":false,"isConfirmationRequired":false,"visible_stage":"2","editable_stage":"","skiplogic":null,"isShowInGrid":false,"pkfk":"","visible":"always","formula_json":null,"unique":false,"lookup_form":"z_entitydtl_company_subscription_001","value_field":"company_subscription_id","is_multiple_dependentlookup":false,"advance_dependentlookup":"[]","control_width":"width-8"},{"type":"radiobutton","inputType":"radiobutton","label":"Is Kit Number","name":"is_kit_uploaded","helpText":"","required":true,"value":"","validations":[{"name":"pattern","validator":"","message":""},{"name":"required","validator":"","message":"Is Kit Number is required"}],"column":"1","labelalignment":"horizontal","labelcss":"col-lg-4 col-md-12 col-sm-12 text-right font8","controlcss":"col-sm-12 col-md-12 col-lg-8 ","options":[{"text":"Y","binding":"Yes"},{"text":"N","binding":"No"}],"display_order_no":42,"isAudit":false,"isConfirmationRequired":false,"visible_stage":"2","editable_stage":"","skiplogic":null,"isShowInGrid":false,"pkfk":"","visible":"always","control_width":"width-8"}],"visible_stage":"2","binding_name":"section_6","isrepeat":false,"istabular":"1","display_order_no":39,"repeatable_save_as":"","isCaptionVisiable":"always","skiplogic":null,"section_dependent":false,"lookup_form":"0","display_field":"[]","value_field":null,"dependentloopupid":null,"dependent_filter_field":null,"lookup_view_field":"[]","editable_stage":"","filter_json":null,"is_multiple_dependentlookup":false,"advance_dependentlookup":"[]","section_hide":false},{"name":"Processing - Section","column":"2","alignment":"horizontal","FieldConfig":[{"type":"lookup","inputType":"lookup","label":"ActionTaken","name":"actiontaken","helpText":"","required":false,"value":"","lookup_form":"mst_tblUserMaster","display_field":"[{\"id\":\"username\",\"name\":\"UserName\"}]","value_field":"id","labelalignment":"horizontal","labelcss":"col-lg-4 col-md-12 col-sm-12 text-right font8","controlcss":"col-sm-12 col-md-12 col-lg-8","display_order_no":29,"isAudit":false,"isConfirmationRequired":false,"stage":"","lookupFilterValue":"","dependent_filter_field":null,"skiplogic":null,"lookup_view_field":"[]","isShowInGrid":false,"pkfk":"","visible_stage":"","editable_stage":"","visible":"always"},{"type":"lookup","inputType":"lookup","label":"Send To","name":"sendto","helpText":"","required":true,"value":"","lookup_form":"mst_tblUserMaster","display_field":"[{\"id\":\"username\",\"name\":\"UserName\"}]","value_field":"id","labelalignment":"horizontal","labelcss":"col-lg-4 col-md-12 col-sm-12 text-right font8","controlcss":"col-sm-12 col-md-12 col-lg-8","display_order_no":29,"isAudit":false,"isConfirmationRequired":false,"stage":"","lookupFilterValue":"","dependent_filter_field":null,"skiplogic":null,"lookup_view_field":"[]","isShowInGrid":false,"pkfk":"","visible_stage":"","editable_stage":"","visible":"always"},{"type":"textarea","label":"Comments/ Notes ","inputType":"textarea","name":"textarea_remarks","helpText":"","required":true,"value":"","maxlength":"250","labelalignment":"horizontal","labelcss":"col-lg-4 col-md-12 col-sm-12 text-right font8","controlcss":"col-sm-12 col-md-12 col-lg-8","validations":[{"name":"pattern","validator":"","message":""}],"display_order_no":23,"isAudit":false,"isConfirmationRequired":false,"stage":"","skiplogic":null,"isShowInGrid":false,"pkfk":"","visible_stage":"","editable_stage":"","visible":"always"},{"type":"textarea","label":"Endorsement/ Notes ","inputType":"textarea","name":"textarea_indorsmentremarks","helpText":"","required":true,"value":"","maxlength":"250","labelalignment":"horizontal","labelcss":"col-lg-4 col-md-12 col-sm-12 text-right font8","controlcss":"col-sm-12 col-md-12 col-lg-8","validations":[{"name":"pattern","validator":"","message":""}],"display_order_no":203,"isAudit":false,"isConfirmationRequired":false,"stage":"","skiplogic":null,"isShowInGrid":false,"pkfk":"","visible_stage":"","editable_stage":"","visible":"always"},{"type":"hidden","label":"nxtstageid","inputType":"hidden","name":"hidden_nxtstageid","helpText":"","required":false,"value":"","maxlength":"250","labelalignment":"horizontal","labelcss":"col-lg-4 col-md-12 col-sm-12 text-right font8","controlcss":"col-sm-12 col-md-12 col-lg-8","validations":[{"name":"pattern","validator":"","message":""}],"display_order_no":231,"isAudit":false,"isConfirmationRequired":false,"stage":"","skiplogic":null,"isShowInGrid":false,"pkfk":"","visible_stage":"","editable_stage":"","visible":"always"}],"stage":"","binding_name":"processing_section","isrepeat":false,"istabular":"1","isprocess":"1","display_order_no":2221,"repeatable_save_as":"","isCaptionVisiable":false,"section_dependent":false,"lookup_form":null,"display_field":"[]","value_field":null,"dependentloopupid":"0","dependent_filter_field":null,"visible_stage":"","editable_stage":"","lookup_view_field":"[]"}]}