[{"name":"Company Branch","column":"2","alignment":"horizontal","FieldConfig":[{"type":"autocomplete","inputType":"lookup","label":"Company","name":"company_id","helpText":"","required":false,"value":"","lookup_form":"z_entitymast_company_001","display_field":"[{\"id\":\"company_name\",\"name\":\"Company Name\"}]","value_field":"company_id","other_default_value":"0","column":"2","labelalignment":"horizontal","labelcss":"col-lg-4 col-md-12 col-sm-12 text-right font8","controlcss":"col-sm-12 col-md-12 col-lg-8","display_order_no":8,"isAudit":false,"isConfirmationRequired":false,"visible_stage":"","editable_stage":"","lookupFilterValue":"","dependent_filter_field":null,"skiplogic":null,"lookup_view_field":"[]","isShowInGrid":false,"pkfk":"F","visible":"always","validations":[{"name":"pattern","validator":"","message":""}],"filter_json":null,"minvalue":1,"isLinkwithForm":false,"linkwithFormViewid":"376,0","lookuplist":"[{\"field_binding\":\"company_state\",\"lookup_form_id\":\"z_entitymast_pin_code_master_001,382\",\"lookup_display_field\":[{\"id\":\"state_name\",\"name\":\"State Name\"}],\"lookup_value_field\":\"pin_code_master_id\"},{\"field_binding\":\"company_district\",\"lookup_form_id\":\"z_entitymast_pin_code_master_001,382\",\"lookup_display_field\":[{\"id\":\"district_name\",\"name\":\"District Name\"}],\"lookup_value_field\":\"pin_code_master_id\"},{\"field_binding\":\"company_town\",\"lookup_form_id\":\"z_entitydtl_city_pin_code_mapping_001,383\",\"lookup_display_field\":[{\"id\":\"city_name\",\"name\":\"City Name\"}],\"lookup_value_field\":\"city_pin_code_mapping_id\"},{\"field_binding\":\"company_pincode\",\"lookup_form_id\":\"z_entitymast_pin_code_master_001,382\",\"lookup_display_field\":[{\"id\":\"pin_code\",\"name\":\"Pin Code\"}],\"lookup_value_field\":\"pin_code_master_id\"},{\"field_binding\":\"company_type\",\"lookup_form_id\":\"app_tblsystemenum,290\",\"lookup_display_field\":[{\"id\":\"varibale_name\",\"name\":\"Variable Name\"}],\"lookup_value_field\":\"id\"}]","seperator":""},{"type":"input","label":"Barch Name","inputType":"text","name":"barchname","helpText":"","required":true,"value":"","maxlength":"250","column":"2","labelalignment":"horizontal","labelcss":"col-lg-4 col-md-12 col-sm-12 text-right font8","controlcss":"col-sm-12 col-md-12 col-lg-8","validations":[{"name":"pattern","validator":"","message":""},{"name":"required","validator":"","message":"Barch Name is required"}],"display_order_no":9,"isAudit":false,"isConfirmationRequired":false,"visible_stage":"","editable_stage":"","skiplogic":null,"isShowInGrid":false,"pkfk":"","visible":"always","dependentInputField":false,"dependentInputDisplayValue":"","dependentInputFieldJson":[],"formula_json":null,"unique":false,"lookup_form":"z_entitydtl_company_branch_001","value_field":"company_branch_id"},{"type":"checkbox","inputType":"checkbox","label":"Is Active","name":"is_active","helpText":"","required":false,"value":"true","validations":[{"name":"pattern","validator":"","message":""}],"column":"2","labelalignment":"horizontal","labelcss":"col-lg-4 col-md-12 col-sm-12 text-right font8","controlcss":"col-sm-12 col-md-12 col-lg-8","display_order_no":10,"isAudit":false,"isConfirmationRequired":false,"visible_stage":"","editable_stage":"","skiplogic":null,"isShowInGrid":false,"pkfk":"","visible":"always"}],"visible_stage":"","binding_name":"company_branch","isrepeat":false,"istabular":"1","display_order_no":3,"repeatable_save_as":"","isCaptionVisiable":"always","skiplogic":null,"section_dependent":false,"lookup_form":"0","display_field":"[]","value_field":null,"dependentloopupid":null,"dependent_filter_field":null,"lookup_view_field":"[]","editable_stage":"","filter_json":null,"is_multiple_dependentlookup":false,"advance_dependentlookup":"[]","section_hide":false}]