[{"name":"Company User","column":"2","alignment":"horizontal","FieldConfig":[{"type":"lookup","inputType":"lookup","label":"Company","name":"company_id","helpText":"","required":false,"value":"","other_default_value":"session_UserCode","lookup_form":"z_entitymast_company_001","display_field":"[{\"id\":\"company_name\",\"name\":\"Company Name\"}]","value_field":"company_id","column":"1","labelalignment":"horizontal","labelcss":"col-lg-4 col-md-12 col-sm-12 text-right font8","controlcss":"col-sm-12 col-md-12 col-lg-8 ","display_order_no":8,"isAudit":false,"isConfirmationRequired":false,"visible_stage":"","editable_stage":"361","lookupFilterValue":"","dependent_filter_field":null,"skiplogic":null,"lookup_view_field":"[]","isShowInGrid":false,"pkfk":"F","visible":"always","validations":[{"name":"pattern","validator":"","message":""}],"filter_json":null,"minvalue":1,"isLinkwithForm":false,"linkwithFormViewid":"376,0","formula_json":null,"lookuplist":"[{\"field_binding\":\"company_type\",\"lookup_form_id\":\"app_tblsystemenum,290\",\"lookup_display_field\":[{\"id\":\"varibale_name\",\"name\":\"Variable Name\"}],\"lookup_value_field\":\"id\"},{\"field_binding\":\"company_pincode\",\"lookup_form_id\":\"z_entitymast_pin_code_master_001,382\",\"lookup_display_field\":[{\"id\":\"pin_code\",\"name\":\"Pin Code\"}],\"lookup_value_field\":\"pin_code_master_id\"},{\"field_binding\":\"company_town\",\"lookup_form_id\":\"z_entitydtl_city_pin_code_mapping_001,383\",\"lookup_display_field\":[{\"id\":\"city_name\",\"name\":\"City Name\"}],\"lookup_value_field\":\"city_pin_code_mapping_id\"},{\"field_binding\":\"company_district\",\"lookup_form_id\":\"z_entitymast_pin_code_master_001,382\",\"lookup_display_field\":[{\"id\":\"district_name\",\"name\":\"District Name\"}],\"lookup_value_field\":\"pin_code_master_id\"},{\"field_binding\":\"company_state\",\"lookup_form_id\":\"z_entitymast_pin_code_master_001,382\",\"lookup_display_field\":[{\"id\":\"state_name\",\"name\":\"State Name\"}],\"lookup_value_field\":\"pin_code_master_id\"}]","seperator":"","control_width":"width-8"},{"type":"dependentlookup","inputType":"dependentlookup","label":"Branch","name":"branch_id","helpText":"","required":false,"value":"","other_default_value":"0","lookup_form":"z_entitydtl_company_branch_001","display_field":"[{\"id\":\"barchname\",\"name\":\"Barch Name\"}]","value_field":"company_branch_id","dependentloopupid":"company_id","dependent_filter_field":"company_id","column":"1","labelalignment":"horizontal","labelcss":"col-lg-4 col-md-12 col-sm-12 text-right font8","controlcss":"col-sm-12 col-md-12 col-lg-8 ","display_order_no":9,"isAudit":false,"isConfirmationRequired":false,"visible_stage":"","editable_stage":"","skiplogic":null,"lookup_view_field":"[]","isShowInGrid":false,"pkfk":"","visible":"always","validations":[{"name":"pattern","validator":"","message":""}],"filter_json":null,"is_multiple_dependentlookup":false,"advance_dependentlookup":"[]","isLinkwithForm":false,"linkwithFormViewid":"380,0","lookuplist":"[{\"field_binding\":\"company_id\",\"lookup_form_id\":\"z_entitymast_company_001,376\",\"lookup_display_field\":[{\"id\":\"company_name\",\"name\":\"Company Name\"}],\"lookup_value_field\":\"company_id\"}]","seperator":"","control_width":"width-8"},{"type":"input","label":"Full Name","inputType":"text","name":"full_name","helpText":"","required":false,"value":"","maxlength":"250","column":"1","labelalignment":"horizontal","labelcss":"col-lg-4 col-md-12 col-sm-12 text-right font8","controlcss":"col-sm-12 col-md-12 col-lg-8 ","validations":[{"name":"pattern","validator":"","message":""}],"display_order_no":10,"isAudit":false,"isConfirmationRequired":false,"visible_stage":"","editable_stage":"","skiplogic":null,"isShowInGrid":false,"pkfk":"","visible":"always","dependentInputField":false,"dependentInputDisplayValue":"","dependentInputFieldJson":[],"formula_json":null,"unique":false,"lookup_form":"z_entitydtl_company_user_001","value_field":"company_user_id","control_width":"width-8"},{"type":"input","label":"Employee Id","inputType":"text","name":"employee_id","helpText":"","required":false,"value":"","maxlength":"250","column":"1","labelalignment":"horizontal","labelcss":"col-lg-4 col-md-12 col-sm-12 text-right font8","controlcss":"col-sm-12 col-md-12 col-lg-8 ","validations":[{"name":"pattern","validator":"","message":""}],"display_order_no":11,"isAudit":false,"isConfirmationRequired":false,"visible_stage":"","editable_stage":"","skiplogic":null,"isShowInGrid":false,"pkfk":"","visible":"always","dependentInputField":false,"dependentInputDisplayValue":"","dependentInputFieldJson":[],"formula_json":null,"unique":false,"lookup_form":"z_entitydtl_company_user_001","value_field":"company_user_id","control_width":"width-8"},{"type":"input","label":"Mobile Number","inputType":"text","name":"mobile_number","helpText":"","required":false,"value":"","maxlength":"20","column":"1","labelalignment":"horizontal","labelcss":"col-lg-4 col-md-12 col-sm-12 text-right font8","controlcss":"col-sm-12 col-md-12 col-lg-8 ","validations":[{"name":"pattern","validator":"^[+]?[(]?[0-9]{3}[)]?[-s.]?[0-9]{3}[-s.]?[0-9]{4,6}$","message":"Please enter a valid phone number"}],"display_order_no":12,"isAudit":false,"isConfirmationRequired":false,"visible_stage":"","editable_stage":"","skiplogic":null,"isShowInGrid":false,"pkfk":"","visible":"always","dependentInputField":false,"dependentInputDisplayValue":"","dependentInputFieldJson":[],"formula_json":null,"unique":false,"lookup_form":"z_entitydtl_company_user_001","value_field":"company_user_id","control_width":"width-8"},{"type":"input","label":"Email Address","inputType":"text","name":"email_address","helpText":"","required":false,"value":"","maxlength":"150","column":"1","labelalignment":"horizontal","labelcss":"col-lg-4 col-md-12 col-sm-12 text-right font8","controlcss":"col-sm-12 col-md-12 col-lg-8 ","validations":[{"name":"pattern","validator":"^[a-z0-9._%+-]+@[a-z0-9.-]+.[a-z]{2,4}$","message":"Please enter a valid email"}],"display_order_no":13,"isAudit":false,"isConfirmationRequired":false,"visible_stage":"","editable_stage":"","skiplogic":null,"isShowInGrid":false,"pkfk":"","visible":"always","dependentInputField":false,"dependentInputDisplayValue":"","dependentInputFieldJson":[],"formula_json":null,"unique":false,"lookup_form":"z_entitydtl_company_user_001","value_field":"company_user_id","control_width":"width-8"},{"type":"lookup","inputType":"lookup","label":"User Role","name":"user_role_id","helpText":"","required":false,"value":"","other_default_value":"0","lookup_form":"app_tblrole","display_field":"[{\"id\":\"role_name\",\"name\":\"Role Name\"}]","value_field":"role_id","column":"1","labelalignment":"horizontal","labelcss":"col-lg-4 col-md-12 col-sm-12 text-right font8","controlcss":"col-sm-12 col-md-12 col-lg-8 ","display_order_no":14,"isAudit":false,"isConfirmationRequired":false,"visible_stage":"","editable_stage":"","lookupFilterValue":"","dependent_filter_field":null,"skiplogic":null,"lookup_view_field":"[]","isShowInGrid":false,"pkfk":"","visible":"always","validations":[{"name":"pattern","validator":"","message":""}],"filter_json":null,"minvalue":1,"isLinkwithForm":false,"linkwithFormViewid":"289,0","formula_json":null,"lookuplist":"[]","seperator":"","control_width":"width-8"},{"type":"checkbox","inputType":"checkbox","label":"Is Active","name":"is_active","helpText":"","required":false,"value":"true","validations":[{"name":"pattern","validator":"","message":""}],"column":"1","labelalignment":"horizontal","labelcss":"col-lg-4 col-md-12 col-sm-12 text-right font8","controlcss":"col-sm-12 col-md-12 col-lg-8 ","display_order_no":15,"isAudit":false,"isConfirmationRequired":false,"visible_stage":"","editable_stage":"","skiplogic":null,"isShowInGrid":false,"pkfk":"","visible":"always","control_width":"width-8"}],"visible_stage":"","binding_name":"company_user","isrepeat":false,"istabular":"1","display_order_no":3,"repeatable_save_as":"","isCaptionVisiable":"always","skiplogic":null,"section_dependent":false,"lookup_form":"0","display_field":"[]","value_field":null,"dependentloopupid":null,"dependent_filter_field":null,"lookup_view_field":"[]","editable_stage":"","filter_json":null,"is_multiple_dependentlookup":false,"advance_dependentlookup":"[]","section_hide":false}]