[{"name":"Pin Code Master","column":"2","alignment":"horizontal","FieldConfig":[{"type":"input","label":"Pin Code","inputType":"text","name":"pin_code","helpText":"","required":false,"value":"","maxlength":"10","column":"2","labelalignment":"horizontal","labelcss":"col-lg-4 col-md-12 col-sm-12 text-right font8","controlcss":"col-sm-12 col-md-12 col-lg-8 ","validations":[{"name":"pattern","validator":"","message":""}],"display_order_no":8,"isAudit":false,"isConfirmationRequired":false,"visible_stage":"","editable_stage":"","skiplogic":null,"isShowInGrid":false,"pkfk":"","visible":"always","dependentInputField":false,"dependentInputDisplayValue":"","dependentInputFieldJson":[],"formula_json":null,"unique":false,"lookup_form":"z_entitymast_pin_code_master_001","value_field":"pin_code_master_id","control_width":""},{"type":"input","label":"District Name","inputType":"text","name":"district_name","helpText":"","required":false,"value":"","maxlength":"250","column":"2","labelalignment":"horizontal","labelcss":"col-lg-4 col-md-12 col-sm-12 text-right font8","controlcss":"col-sm-12 col-md-12 col-lg-8 ","validations":[{"name":"pattern","validator":"","message":""}],"display_order_no":9,"isAudit":false,"isConfirmationRequired":false,"visible_stage":"","editable_stage":"","skiplogic":null,"isShowInGrid":false,"pkfk":"","visible":"always","dependentInputField":false,"dependentInputDisplayValue":"","dependentInputFieldJson":[],"formula_json":null,"unique":false,"lookup_form":"z_entitymast_pin_code_master_001","value_field":"pin_code_master_id","control_width":""},{"type":"input","label":"State Name","inputType":"text","name":"state_name","helpText":"","required":false,"value":"","maxlength":"250","column":"2","labelalignment":"horizontal","labelcss":"col-lg-4 col-md-12 col-sm-12 text-right font8","controlcss":"col-sm-12 col-md-12 col-lg-8 ","validations":[{"name":"pattern","validator":"","message":""}],"display_order_no":10,"isAudit":false,"isConfirmationRequired":false,"visible_stage":"","editable_stage":"","skiplogic":null,"isShowInGrid":false,"pkfk":"","visible":"always","dependentInputField":false,"dependentInputDisplayValue":"","dependentInputFieldJson":[],"formula_json":null,"unique":false,"lookup_form":"z_entitymast_pin_code_master_001","value_field":"pin_code_master_id","control_width":""},{"type":"lookup","inputType":"lookup","label":"SBI LHO","name":"sbi_lho_id","helpText":"","required":false,"value":"","other_default_value":"0","lookup_form":"z_entitymast_sbi_lho_master_001","display_field":"[{\"id\":\"lho_name\",\"name\":\"LHO Name\"}]","value_field":"sbi_lho_master_id","dependent_lookup_type":"","column":"2","labelalignment":"horizontal","labelcss":"col-lg-4 col-md-12 col-sm-12 text-right font8","controlcss":"col-sm-12 col-md-12 col-lg-8 ","display_order_no":11,"isAudit":false,"isConfirmationRequired":false,"visible_stage":"","editable_stage":"","lookupFilterValue":"","dependent_filter_field":null,"skiplogic":null,"lookup_view_field":"[]","isShowInGrid":false,"pkfk":"","visible":"always","validations":[{"name":"pattern","validator":"","message":""}],"filter_json":null,"minvalue":1,"isLinkwithForm":false,"linkwithFormViewid":"435,0","formula_json":null,"lookuplist":"[]","seperator":"","control_width":""},{"type":"checkbox","inputType":"checkbox","label":"Is Active","name":"is_active","helpText":"","required":false,"value":"","validations":[{"name":"pattern","validator":"","message":""}],"column":"2","labelalignment":"horizontal","labelcss":"col-lg-4 col-md-12 col-sm-12 text-right font8","controlcss":"col-sm-12 col-md-12 col-lg-8 ","display_order_no":12,"isAudit":false,"isConfirmationRequired":false,"visible_stage":"","editable_stage":"","skiplogic":null,"isShowInGrid":false,"pkfk":"","visible":"always","control_width":""}],"visible_stage":"","binding_name":"pin_code_master","isrepeat":false,"istabular":"1","display_order_no":3,"repeatable_save_as":"","isCaptionVisiable":"always","skiplogic":null,"section_dependent":false,"lookup_form":"0","display_field":"[]","value_field":null,"dependentloopupid":null,"dependent_filter_field":null,"lookup_view_field":"[]","editable_stage":"","filter_json":null,"is_multiple_dependentlookup":false,"advance_dependentlookup":"[]","section_hide":false}]