[{"name":"City Pin Code Mapping","column":"2","alignment":"horizontal","FieldConfig":[{"type":"autocomplete","inputType":"lookup","label":"Pin","name":"pin_code_master_id","helpText":"","required":false,"value":"","lookup_form":"z_entitymast_pin_code_master_001","display_field":"[{\"id\":\"pin_code\",\"name\":\"Pin Code\"}]","value_field":"pin_code_master_id","column":"2","labelalignment":"horizontal","labelcss":"col-lg-4 col-md-12 col-sm-12 text-right font8","controlcss":"col-sm-12 col-md-12 col-lg-8","display_order_no":8,"isAudit":false,"isConfirmationRequired":false,"visible_stage":"","editable_stage":"","lookupFilterValue":"","dependent_filter_field":null,"skiplogic":null,"isShowInGrid":false,"pkfk":"F","visible":"always","validations":[{"name":"pattern"}],"filter_json":null,"minvalue":1,"isLinkwithForm":false,"linkwithFormViewid":"0","seperator":""},{"type":"input","label":"City Name","inputType":"text","name":"city_name","helpText":"","required":false,"value":"","maxlength":"250","column":"2","labelalignment":"horizontal","labelcss":"col-lg-4 col-md-12 col-sm-12 text-right font8","controlcss":"col-sm-12 col-md-12 col-lg-8","validations":[{"name":"pattern","validator":"","message":""}],"display_order_no":9,"isAudit":false,"isConfirmationRequired":false,"visible_stage":"","editable_stage":"","skiplogic":null,"isShowInGrid":false,"pkfk":"","visible":"always","dependentInputField":false,"dependentInputDisplayValue":"","dependentInputFieldJson":[],"formula_json":null,"unique":false,"lookup_form":"z_entitydtl_city_pin_code_mapping_001","value_field":"city_pin_code_mapping_id"},{"type":"checkbox","inputType":"checkbox","label":"Is Active","name":"is_active","helpText":"","required":false,"value":"true","validations":[{"name":"pattern","validator":"","message":""}],"column":"2","labelalignment":"horizontal","labelcss":"col-lg-4 col-md-12 col-sm-12 text-right font8","controlcss":"col-sm-12 col-md-12 col-lg-8","display_order_no":10,"isAudit":false,"isConfirmationRequired":false,"visible_stage":"","editable_stage":"","skiplogic":null,"isShowInGrid":false,"pkfk":"","visible":"always"}],"visible_stage":"","binding_name":"city_pin_code_mapping","isrepeat":false,"istabular":"1","display_order_no":3,"repeatable_save_as":"","isCaptionVisiable":"always","skiplogic":null,"section_dependent":false,"lookup_form":"0","display_field":"[]","value_field":null,"dependentloopupid":null,"dependent_filter_field":null,"lookup_view_field":"[]","editable_stage":"","filter_json":null,"is_multiple_dependentlookup":false,"advance_dependentlookup":"[]","section_hide":false}]