[{"name":"Load Wallet","column":"2","alignment":"horizontal","FieldConfig":[{"type":"lookup","inputType":"lookup","label":"Agency Name","name":"company_id","helpText":"","required":false,"value":"","other_default_value":"session_UserCode","lookup_form":"z_entitymast_company_001","display_field":"[{\"id\":\"company_name\",\"name\":\"Company Name\"}]","value_field":"company_id","column":"1","labelalignment":"horizontal","labelcss":"col-lg-4 col-md-12 col-sm-12 text-right font8","controlcss":"col-sm-12 col-md-12 col-lg-8 ","display_order_no":8,"isAudit":false,"isConfirmationRequired":false,"visible_stage":"","editable_stage":"","lookupFilterValue":"","dependent_filter_field":null,"skiplogic":null,"lookup_view_field":"[]","isShowInGrid":false,"pkfk":"F","visible":"always","validations":[{"name":"pattern","validator":"","message":""}],"filter_json":null,"minvalue":1,"isLinkwithForm":false,"linkwithFormViewid":"376,0","formula_json":null,"lookuplist":"[{\"field_binding\":\"company_type\",\"lookup_form_id\":\"app_tblsystemenum,290\",\"lookup_display_field\":[{\"id\":\"varibale_name\",\"name\":\"Variable Name\"}],\"lookup_value_field\":\"id\"},{\"field_binding\":\"company_pincode\",\"lookup_form_id\":\"z_entitymast_pin_code_master_001,382\",\"lookup_display_field\":[{\"id\":\"pin_code\",\"name\":\"Pin Code\"}],\"lookup_value_field\":\"pin_code_master_id\"},{\"field_binding\":\"company_town\",\"lookup_form_id\":\"z_entitydtl_city_pin_code_mapping_001,383\",\"lookup_display_field\":[{\"id\":\"city_name\",\"name\":\"City Name\"}],\"lookup_value_field\":\"city_pin_code_mapping_id\"},{\"field_binding\":\"company_district\",\"lookup_form_id\":\"z_entitymast_pin_code_master_001,382\",\"lookup_display_field\":[{\"id\":\"district_name\",\"name\":\"District Name\"}],\"lookup_value_field\":\"pin_code_master_id\"},{\"field_binding\":\"company_state\",\"lookup_form_id\":\"z_entitymast_pin_code_master_001,382\",\"lookup_display_field\":[{\"id\":\"state_name\",\"name\":\"State Name\"}],\"lookup_value_field\":\"pin_code_master_id\"}]","seperator":"","control_width":"width-8"},{"type":"dependentinputfield","label":"Current Amount Balance (INR)","inputType":"dependentinputfield","name":"current_amount_balance","helpText":"","required":false,"value":"","maxlength":"250","column":"1","labelalignment":"horizontal","labelcss":"col-lg-4 col-md-12 col-sm-12 text-right font8","controlcss":"col-sm-12 col-md-12 col-lg-8 ","validations":[{"name":"pattern","validator":"","message":""}],"display_order_no":9,"isAudit":false,"isConfirmationRequired":false,"visible_stage":"","editable_stage":"","skiplogic":null,"isShowInGrid":false,"pkfk":"","visible":"always","dependentInputField":true,"dependentInputDisplayValue":"current_amount_balance","dependentInputFieldJson":{"lookup_form_id":"z_entitymast_company_001","lookup_value_field":"company_id","field_name":"z_entitymast_company_001,376","field_binding":"company_id","field_type":"13","dependent_lookup_form_id":"","dependent_lookup_field_value":"","dependent_display_value":"","dynamicSelectList":[]},"formula_json":null,"unique":false,"lookup_form":"z_entitydtl_load_wallet_001","value_field":"load_wallet_id","control_width":"width-8"},{"type":"decimal","label":"Request for Amount (INR)","inputType":"number","name":"request_for_amount","helpText":"","required":false,"value":"","minvalue":"","maxvalue":"","column":"1","labelalignment":"horizontal","labelcss":"col-lg-4 col-md-12 col-sm-12 text-right font8","controlcss":"col-sm-12 col-md-12 col-lg-8 ","validations":[{"name":"pattern","validator":"","message":""}],"display_order_no":10,"isAudit":false,"isConfirmationRequired":false,"visible_stage":"","editable_stage":"","skiplogic":null,"isShowInGrid":false,"pkfk":"","visible":"always","formula_json":null,"unique":false,"lookup_form":"z_entitydtl_load_wallet_001","value_field":"load_wallet_id","is_multiple_dependentlookup":false,"advance_dependentlookup":"[]","control_width":"width-8"},{"type":"radiobutton","inputType":"radiobutton","label":"Payment Mode","name":"payment_mode","helpText":"","required":false,"value":"","validations":[{"name":"pattern","validator":"","message":""}],"column":"1","labelalignment":"horizontal","labelcss":"col-lg-4 col-md-12 col-sm-12 text-right font8","controlcss":"col-sm-12 col-md-12 col-lg-8 ","options":[{"text":"Net banking","binding":"Net banking"},{"text":"UPI","binding":"UPI"}],"display_order_no":11,"isAudit":false,"isConfirmationRequired":false,"visible_stage":"","editable_stage":"","skiplogic":null,"isShowInGrid":false,"pkfk":"","visible":"always","control_width":"width-8"},{"type":"dependentinputfield","label":"Email Id","inputType":"dependentinputfield","name":"field_10","helpText":"","required":false,"value":"","maxlength":"250","column":"1","labelalignment":"horizontal","labelcss":"col-lg-4 col-md-12 col-sm-12 text-right font8","controlcss":"col-sm-12 col-md-12 col-lg-8 ","validations":[{"name":"pattern","validator":"","message":""}],"display_order_no":12,"isAudit":false,"isConfirmationRequired":false,"visible_stage":"","editable_stage":"","skiplogic":null,"isShowInGrid":false,"pkfk":"","visible":"always","dependentInputField":true,"dependentInputDisplayValue":"company_rep_email","dependentInputFieldJson":{"lookup_form_id":"z_entitymast_company_001","lookup_value_field":"company_id","field_name":"z_entitymast_company_001,376","field_binding":"company_id","field_type":"3","dependent_lookup_form_id":"","dependent_lookup_field_value":"","dependent_display_value":"","dynamicSelectList":[]},"formula_json":null,"unique":false,"lookup_form":"z_entitydtl_load_wallet_001","value_field":"load_wallet_id","control_width":"width-8"},{"type":"dependentinputfield","label":"Mobile Number","inputType":"dependentinputfield","name":"mobilenumber","helpText":"","required":false,"value":"","maxlength":"250","column":"1","labelalignment":"horizontal","labelcss":"col-lg-4 col-md-12 col-sm-12 text-right font8","controlcss":"col-sm-12 col-md-12 col-lg-8 ","validations":[{"name":"pattern","validator":"","message":""}],"display_order_no":13,"isAudit":false,"isConfirmationRequired":false,"visible_stage":"","editable_stage":"","skiplogic":null,"isShowInGrid":false,"pkfk":"","visible":"always","dependentInputField":true,"dependentInputDisplayValue":"company_mobile_number","dependentInputFieldJson":{"lookup_form_id":"z_entitymast_company_001","lookup_value_field":"company_id","field_name":"z_entitymast_company_001,376","field_binding":"company_id","field_type":"1","dependent_lookup_form_id":"","dependent_lookup_field_value":"","dependent_display_value":"","dynamicSelectList":[]},"formula_json":null,"unique":false,"lookup_form":"z_entitydtl_load_wallet_001","value_field":"load_wallet_id","control_width":"width-8"},{"type":"input","label":"Depositor Name","inputType":"text","name":"depositor_name","helpText":"","required":false,"value":"","maxlength":"250","column":"1","labelalignment":"horizontal","labelcss":"col-lg-4 col-md-12 col-sm-12 text-right font8","controlcss":"col-sm-12 col-md-12 col-lg-8 ","validations":[{"name":"pattern","validator":"","message":""}],"display_order_no":14,"isAudit":false,"isConfirmationRequired":false,"visible_stage":"","editable_stage":"","skiplogic":null,"isShowInGrid":false,"pkfk":"","visible":"always","dependentInputField":false,"dependentInputDisplayValue":"","dependentInputFieldJson":[],"formula_json":null,"unique":false,"lookup_form":"z_entitydtl_load_wallet_001","value_field":"load_wallet_id","control_width":"width-8"},{"type":"input","label":"Remark","inputType":"text","name":"wallet_remark","helpText":"","required":false,"value":"","maxlength":"250","column":"1","labelalignment":"horizontal","labelcss":"col-lg-4 col-md-12 col-sm-12 text-right font8","controlcss":"col-sm-12 col-md-12 col-lg-8 ","validations":[{"name":"pattern","validator":"","message":""}],"display_order_no":15,"isAudit":false,"isConfirmationRequired":false,"visible_stage":"","editable_stage":"","skiplogic":null,"isShowInGrid":false,"pkfk":"","visible":"always","dependentInputField":false,"dependentInputDisplayValue":"","dependentInputFieldJson":[],"formula_json":null,"unique":false,"lookup_form":"z_entitydtl_load_wallet_001","value_field":"load_wallet_id","control_width":"width-8"}],"visible_stage":"","binding_name":"load_wallet","isrepeat":false,"istabular":"1","display_order_no":3,"repeatable_save_as":"","isCaptionVisiable":"always","skiplogic":null,"section_dependent":false,"lookup_form":"0","display_field":"[]","value_field":null,"dependentloopupid":null,"dependent_filter_field":null,"lookup_view_field":"[]","editable_stage":"","filter_json":null,"is_multiple_dependentlookup":false,"advance_dependentlookup":"[]","section_hide":false}]