[{"name":"Load Card","column":"2","alignment":"horizontal","FieldConfig":[{"type":"autocomplete","inputType":"lookup","label":"Mobile Number","name":"issue_card_id","helpText":"","required":false,"value":"","lookup_form":"z_entitydtl_issue_card_001","display_field":"[{\"id\":\"mobile_number\",\"name\":\"Mobile Number\"}]","value_field":"issue_card_id","other_default_value":"0","column":"1","labelalignment":"horizontal","labelcss":"col-lg-4 col-md-12 col-sm-12 text-right font8","controlcss":"col-sm-12 col-md-12 col-lg-8 ","display_order_no":8,"isAudit":false,"isConfirmationRequired":false,"visible_stage":"","editable_stage":"","lookupFilterValue":"","dependent_filter_field":null,"skiplogic":null,"lookup_view_field":"[]","isShowInGrid":false,"pkfk":"F","visible":"always","validations":[{"name":"pattern","validator":"","message":""}],"filter_json":null,"minvalue":1,"isLinkwithForm":false,"linkwithFormViewid":"378,0","lookuplist":"[{\"field_binding\":\"company_id\",\"lookup_form_id\":\"z_entitymast_company_001,376\",\"lookup_display_field\":[{\"id\":\"company_name\",\"name\":\"Company Name\"}],\"lookup_value_field\":\"company_id\"},{\"field_binding\":\"card_type\",\"lookup_form_id\":\"app_tblsystemenum,290\",\"lookup_display_field\":[{\"id\":\"varibale_name\",\"name\":\"Variable Name\"}],\"lookup_value_field\":\"id\"},{\"field_binding\":\"kit_number_id\",\"lookup_form_id\":\"z_entitydtl_company_kit_number_001,379\",\"lookup_display_field\":[{\"id\":\"kit_number\",\"name\":\"Kit Number\"}],\"lookup_value_field\":\"company_kit_number_id\"},{\"field_binding\":\"gender_id\",\"lookup_form_id\":\"app_tblsystemenum,290\",\"lookup_display_field\":[{\"id\":\"varibale_name\",\"name\":\"Variable Name\"}],\"lookup_value_field\":\"id\"},{\"field_binding\":\"pin_code\",\"lookup_form_id\":\"z_entitymast_pin_code_master_001,382\",\"lookup_display_field\":[{\"id\":\"pin_code\",\"name\":\"Pin Code\"}],\"lookup_value_field\":\"pin_code_master_id\"},{\"field_binding\":\"city_name\",\"lookup_form_id\":\"z_entitydtl_city_pin_code_mapping_001,383\",\"lookup_display_field\":[{\"id\":\"city_name\",\"name\":\"City Name\"}],\"lookup_value_field\":\"city_pin_code_mapping_id\"},{\"field_binding\":\"district_name\",\"lookup_form_id\":\"z_entitymast_pin_code_master_001,382\",\"lookup_display_field\":[{\"id\":\"district_name\",\"name\":\"District Name\"}],\"lookup_value_field\":\"pin_code_master_id\"},{\"field_binding\":\"state_name\",\"lookup_form_id\":\"z_entitymast_pin_code_master_001,382\",\"lookup_display_field\":[{\"id\":\"state_name\",\"name\":\"State Name\"}],\"lookup_value_field\":\"pin_code_master_id\"}]","seperator":"","control_width":"width-6"},{"type":"dependentlookup","inputType":"dependentlookup","label":"Card List","name":"card_list","helpText":"","required":false,"value":"","other_default_value":"0","lookup_form":"z_entitydtl_issue_card_001","display_field":"[{\"id\":\"kit_number_id\",\"name\":\"Kit Number\"}]","value_field":"issue_card_id","dependentloopupid":"issue_card_id","dependent_filter_field":"issue_card_id","column":"1","labelalignment":"horizontal","labelcss":"col-lg-4 col-md-12 col-sm-12 text-right font8","controlcss":"col-sm-12 col-md-12 col-lg-8 ","display_order_no":9,"isAudit":false,"isConfirmationRequired":false,"visible_stage":"","editable_stage":"","skiplogic":null,"lookup_view_field":"[]","isShowInGrid":false,"pkfk":"","visible":"always","validations":[{"name":"pattern","validator":"","message":""}],"filter_json":null,"is_multiple_dependentlookup":false,"advance_dependentlookup":"[]","isLinkwithForm":false,"linkwithFormViewid":"378,0","lookuplist":"[{\"field_binding\":\"company_id\",\"lookup_form_id\":\"z_entitymast_company_001,376\",\"lookup_display_field\":[{\"id\":\"company_name\",\"name\":\"Company Name\"}],\"lookup_value_field\":\"company_id\"},{\"field_binding\":\"card_type\",\"lookup_form_id\":\"app_tblsystemenum,290\",\"lookup_display_field\":[{\"id\":\"varibale_name\",\"name\":\"Variable Name\"}],\"lookup_value_field\":\"id\"},{\"field_binding\":\"kit_number_id\",\"lookup_form_id\":\"z_entitydtl_company_kit_number_001,379\",\"lookup_display_field\":[{\"id\":\"kit_number\",\"name\":\"Kit Number\"}],\"lookup_value_field\":\"company_kit_number_id\"},{\"field_binding\":\"gender_id\",\"lookup_form_id\":\"app_tblsystemenum,290\",\"lookup_display_field\":[{\"id\":\"varibale_name\",\"name\":\"Variable Name\"}],\"lookup_value_field\":\"id\"},{\"field_binding\":\"pin_code\",\"lookup_form_id\":\"z_entitymast_pin_code_master_001,382\",\"lookup_display_field\":[{\"id\":\"pin_code\",\"name\":\"Pin Code\"}],\"lookup_value_field\":\"pin_code_master_id\"},{\"field_binding\":\"city_name\",\"lookup_form_id\":\"z_entitydtl_city_pin_code_mapping_001,383\",\"lookup_display_field\":[{\"id\":\"city_name\",\"name\":\"City Name\"}],\"lookup_value_field\":\"city_pin_code_mapping_id\"},{\"field_binding\":\"district_name\",\"lookup_form_id\":\"z_entitymast_pin_code_master_001,382\",\"lookup_display_field\":[{\"id\":\"district_name\",\"name\":\"District Name\"}],\"lookup_value_field\":\"pin_code_master_id\"},{\"field_binding\":\"state_name\",\"lookup_form_id\":\"z_entitymast_pin_code_master_001,382\",\"lookup_display_field\":[{\"id\":\"state_name\",\"name\":\"State Name\"}],\"lookup_value_field\":\"pin_code_master_id\"}]","seperator":"","control_width":"width-6"},{"type":"decimal","label":"Amount (INR)","inputType":"number","name":"field_9","helpText":"","required":false,"value":"","minvalue":"","maxvalue":"","column":"1","labelalignment":"horizontal","labelcss":"col-lg-4 col-md-12 col-sm-12 text-right font8","controlcss":"col-sm-12 col-md-12 col-lg-8 ","validations":[{"name":"pattern","validator":"","message":""}],"display_order_no":10,"isAudit":false,"isConfirmationRequired":false,"visible_stage":"","editable_stage":"","skiplogic":null,"isShowInGrid":false,"pkfk":"","visible":"always","formula_json":null,"unique":false,"lookup_form":"z_entitydtl_load_card_001","value_field":"load_card_id","is_multiple_dependentlookup":false,"advance_dependentlookup":"[]","control_width":"width-6"}],"visible_stage":"","binding_name":"load_card","isrepeat":false,"istabular":"1","display_order_no":3,"repeatable_save_as":"","isCaptionVisiable":"always","skiplogic":null,"section_dependent":false,"lookup_form":"0","display_field":"[]","value_field":null,"dependentloopupid":null,"dependent_filter_field":null,"lookup_view_field":"[]","editable_stage":"","filter_json":null,"is_multiple_dependentlookup":false,"advance_dependentlookup":"[]","section_hide":false}]