[{"name":"Raise Complaint","column":"1","alignment":"horizontal","FieldConfig":[{"type":"info","is_empty":false,"isLabel":"","label":"Customer care Number - 7289819444","inputType":"label","name":"cust_care_number","helpText":"","required":false,"value":"","minvalue":"","maxvalue":"","column":"1","labelalignment":"horizontal","labelcss":"col-lg-8 col-md-12 col-sm-8 font8","controlcss":"col-sm-12 col-md-12 col-lg-4","validations":[{"name":"pattern","validator":"","message":""}],"display_order_no":4,"isAudit":false,"isConfirmationRequired":false,"visible_stage":"","editable_stage":"","skiplogic":null,"isShowInGrid":false,"visible":"always","formula_json":null,"unique":false,"color_value":"undefined","control_width":"width-10"},{"type":"info","is_empty":false,"isLabel":"","label":"Email - cardsupport@bankit.in","inputType":"label","name":"cust_care_email","helpText":"","required":false,"value":"","minvalue":"","maxvalue":"","column":"1","labelalignment":"horizontal","labelcss":"col-lg-8 col-md-12 col-sm-8 font8","controlcss":"col-sm-12 col-md-12 col-lg-4","validations":[{"name":"pattern","validator":"","message":""}],"display_order_no":5,"isAudit":false,"isConfirmationRequired":false,"visible_stage":"","editable_stage":"","skiplogic":null,"isShowInGrid":false,"visible":"always","formula_json":null,"unique":false,"color_value":"undefined","control_width":"width-10"}],"visible_stage":"","binding_name":"section_2","isrepeat":false,"istabular":"1","display_order_no":3,"repeatable_save_as":"","isCaptionVisiable":"always","skiplogic":null,"section_dependent":false,"lookup_form":"0","display_field":"[]","value_field":null,"dependentloopupid":null,"dependent_filter_field":null,"lookup_view_field":"[]","editable_stage":"","filter_json":null,"is_multiple_dependentlookup":false,"advance_dependentlookup":"[]","section_hide":true},{"name":"Raise Complaint","column":"2","alignment":"horizontal","FieldConfig":[{"type":"autocomplete","inputType":"lookup","label":"Company","name":"company_id","helpText":"","required":false,"value":"","lookup_form":"z_entitymast_company_001","display_field":"[{\"id\":\"company_name\",\"name\":\"Company Name\"}]","value_field":"company_id","other_default_value":"session_UserCode","column":"2","labelalignment":"horizontal","labelcss":"col-lg-4 col-md-12 col-sm-12 text-right font8","controlcss":"col-sm-12 col-md-12 col-lg-8 ","display_order_no":11,"isAudit":false,"isConfirmationRequired":false,"visible_stage":"","editable_stage":"","lookupFilterValue":"","dependent_filter_field":null,"skiplogic":null,"lookup_view_field":"[]","isShowInGrid":false,"pkfk":"F","visible":"none","validations":[{"name":"pattern","validator":"","message":""}],"filter_json":null,"minvalue":1,"isLinkwithForm":false,"linkwithFormViewid":"376,0","lookuplist":"[{\"field_binding\":\"company_type\",\"lookup_form_id\":\"app_tblsystemenum,290\",\"lookup_display_field\":[{\"id\":\"varibale_name\",\"name\":\"Variable Name\"}],\"lookup_value_field\":\"id\"},{\"field_binding\":\"company_pincode\",\"lookup_form_id\":\"z_entitymast_pin_code_master_001,382\",\"lookup_display_field\":[{\"id\":\"pin_code\",\"name\":\"Pin Code\"}],\"lookup_value_field\":\"pin_code_master_id\"},{\"field_binding\":\"company_town\",\"lookup_form_id\":\"z_entitydtl_city_pin_code_mapping_001,383\",\"lookup_display_field\":[{\"id\":\"city_name\",\"name\":\"City Name\"}],\"lookup_value_field\":\"city_pin_code_mapping_id\"},{\"field_binding\":\"company_district\",\"lookup_form_id\":\"z_entitymast_pin_code_master_001,382\",\"lookup_display_field\":[{\"id\":\"district_name\",\"name\":\"District Name\"}],\"lookup_value_field\":\"pin_code_master_id\"},{\"field_binding\":\"company_state\",\"lookup_form_id\":\"z_entitymast_pin_code_master_001,382\",\"lookup_display_field\":[{\"id\":\"state_name\",\"name\":\"State Name\"}],\"lookup_value_field\":\"pin_code_master_id\"}]","seperator":"","control_width":""},{"type":"input","label":"Subject","inputType":"text","name":"complaint_subject","helpText":"","required":false,"value":"","maxlength":"250","column":"2","labelalignment":"horizontal","labelcss":"col-lg-4 col-md-12 col-sm-12 text-right font8","controlcss":"col-sm-12 col-md-12 col-lg-8 ","validations":[{"name":"pattern","validator":"","message":""}],"display_order_no":12,"isAudit":false,"isConfirmationRequired":false,"visible_stage":"","editable_stage":"","skiplogic":null,"isShowInGrid":false,"pkfk":"","visible":"always","dependentInputField":false,"dependentInputDisplayValue":"","dependentInputFieldJson":[],"formula_json":null,"unique":false,"lookup_form":"z_entitydtl_raise_complaint_001","value_field":"raise_complaint_id","control_width":""},{"type":"textarea","label":"Message","inputType":"textarea","maxlength":"","name":"complaint_message","helpText":"","required":false,"value":"","column":"1","labelalignment":"horizontal","labelcss":"col-lg-4 col-md-12 col-sm-12 text-right font8","controlcss":"col-sm-12 col-md-12 col-lg-8 ","validations":[{"name":"pattern","validator":"","message":""}],"display_order_no":13,"isAudit":false,"isConfirmationRequired":false,"visible_stage":"","editable_stage":"","skiplogic":null,"isShowInGrid":false,"pkfk":"","visible":"always","control_width":"width-10"}],"visible_stage":"","binding_name":"raise_complaint","isrepeat":false,"istabular":"1","display_order_no":6,"repeatable_save_as":"","isCaptionVisiable":"always","skiplogic":null,"section_dependent":false,"lookup_form":"0","display_field":"[]","value_field":null,"dependentloopupid":null,"dependent_filter_field":null,"lookup_view_field":"[]","editable_stage":"","filter_json":null,"is_multiple_dependentlookup":false,"advance_dependentlookup":"[]","section_hide":true}]