[{"name":"Menu Link Mapping","column":"2","alignment":"horizontal","FieldConfig":[{"type":"lookup","inputType":"lookup","label":"Menu","name":"menu_id","helpText":"","required":false,"value":"","other_default_value":"0","lookup_form":"app_menu","display_field":"[{\"id\":\"menu_txt\",\"name\":\"Folder Name\"}]","value_field":"menu_id","column":"2","labelalignment":"horizontal","labelcss":"col-lg-4 col-md-12 col-sm-12 text-right font8","controlcss":"col-sm-12 col-md-12 col-lg-8","display_order_no":8,"isAudit":false,"isConfirmationRequired":false,"visible_stage":"","editable_stage":"","lookupFilterValue":"","dependent_filter_field":null,"skiplogic":null,"lookup_view_field":"[]","isShowInGrid":false,"pkfk":"","visible":"always","validations":[{"name":"pattern","validator":"","message":""}],"filter_json":null,"minvalue":1,"isLinkwithForm":false,"linkwithFormViewid":"388,0","formula_json":null,"lookuplist":"[]","seperator":""},{"type":"lookup","inputType":"lookup","label":"Form Name","name":"form_id","helpText":"","required":false,"value":"","other_default_value":"0","lookup_form":"app_forms","display_field":"[{\"id\":\"form_name\",\"name\":\"Form Name\"}]","value_field":"form_id","column":"2","labelalignment":"horizontal","labelcss":"col-lg-4 col-md-12 col-sm-12 text-right font8","controlcss":"col-sm-12 col-md-12 col-lg-8","display_order_no":9,"isAudit":false,"isConfirmationRequired":false,"visible_stage":"","editable_stage":"","lookupFilterValue":"","dependent_filter_field":null,"skiplogic":null,"lookup_view_field":"[]","isShowInGrid":false,"pkfk":"","visible":"always","validations":[{"name":"pattern","validator":"","message":""}],"filter_json":null,"minvalue":1,"isLinkwithForm":false,"linkwithFormViewid":"390,0","formula_json":null,"lookuplist":"[]","seperator":""},{"type":"dependentlookup","inputType":"dependentlookup","label":"Link Name","name":"view_id","helpText":"","required":false,"value":"","other_default_value":"0","lookup_form":"app_form_view_details","display_field":"[{\"id\":\"link_name\",\"name\":\"Link Name\"}]","value_field":"view_id","dependentloopupid":"form_id","dependent_filter_field":"form_id","column":"2","labelalignment":"horizontal","labelcss":"col-lg-4 col-md-12 col-sm-12 text-right font8","controlcss":"col-sm-12 col-md-12 col-lg-8","display_order_no":10,"isAudit":false,"isConfirmationRequired":false,"visible_stage":"","editable_stage":"","skiplogic":null,"lookup_view_field":"[]","isShowInGrid":false,"pkfk":"","visible":"always","validations":[{"name":"pattern","validator":"","message":""}],"filter_json":null,"is_multiple_dependentlookup":false,"advance_dependentlookup":"[]","isLinkwithForm":false,"linkwithFormViewid":"391,0","lookuplist":"[{\"field_binding\":\"form_id\",\"lookup_form_id\":\"app_forms,390\",\"lookup_display_field\":[{\"id\":\"form_name\",\"name\":\"Form Name\"}],\"lookup_value_field\":\"form_id\"}]","seperator":""}],"visible_stage":"","binding_name":"menu_link_mapping","isrepeat":false,"istabular":"1","display_order_no":3,"repeatable_save_as":"","isCaptionVisiable":"always","skiplogic":null,"section_dependent":false,"lookup_form":"0","display_field":"[]","value_field":null,"dependentloopupid":null,"dependent_filter_field":null,"lookup_view_field":"[]","editable_stage":"","filter_json":null,"is_multiple_dependentlookup":false,"advance_dependentlookup":"[]","section_hide":false}]