[{"name":"SBI Branch","column":"2","alignment":"horizontal","FieldConfig":[{"type":"autocomplete","inputType":"lookup","label":"LHO Name","name":"sbi_lho_master_id","helpText":"","required":false,"value":"","lookup_form":"z_entitymast_sbi_lho_master_001","display_field":"[{\"id\":\"lho_name\",\"name\":\"LHO Name\"}]","value_field":"sbi_lho_master_id","other_default_value":"0","column":"2","labelalignment":"horizontal","labelcss":"col-lg-4 col-md-12 col-sm-12 text-right font8","controlcss":"col-sm-12 col-md-12 col-lg-8 ","display_order_no":8,"isAudit":false,"isConfirmationRequired":false,"visible_stage":"","editable_stage":"","lookupFilterValue":"","dependent_filter_field":null,"skiplogic":null,"lookup_view_field":"[]","isShowInGrid":false,"pkfk":"F","visible":"always","validations":[{"name":"pattern","validator":"","message":""}],"filter_json":null,"minvalue":1,"isLinkwithForm":false,"linkwithFormViewid":"435,0","lookuplist":"[]","seperator":"","control_width":""},{"type":"input","label":"Branch Name","inputType":"text","name":"branch_name","helpText":"","required":false,"value":"","maxlength":"250","column":"2","labelalignment":"horizontal","labelcss":"col-lg-4 col-md-12 col-sm-12 text-right font8","controlcss":"col-sm-12 col-md-12 col-lg-8 ","validations":[{"name":"pattern","validator":"","message":""}],"display_order_no":9,"isAudit":false,"isConfirmationRequired":false,"visible_stage":"","editable_stage":"","skiplogic":null,"isShowInGrid":false,"pkfk":"","visible":"always","dependentInputField":false,"dependentInputDisplayValue":"","dependentInputFieldJson":[],"formula_json":null,"unique":false,"lookup_form":"z_entitydtl_sbi_branch_001","value_field":"sbi_branch_id","control_width":""},{"type":"input","label":"Branch Code","inputType":"text","name":"branch_code","helpText":"","required":false,"value":"","maxlength":"250","column":"2","labelalignment":"horizontal","labelcss":"col-lg-4 col-md-12 col-sm-12 text-right font8","controlcss":"col-sm-12 col-md-12 col-lg-8 ","validations":[{"name":"pattern","validator":"","message":""}],"display_order_no":10,"isAudit":false,"isConfirmationRequired":false,"visible_stage":"","editable_stage":"","skiplogic":null,"isShowInGrid":false,"pkfk":"","visible":"always","dependentInputField":false,"dependentInputDisplayValue":"","dependentInputFieldJson":[],"formula_json":null,"unique":false,"lookup_form":"z_entitydtl_sbi_branch_001","value_field":"sbi_branch_id","control_width":""},{"type":"radiobutton","inputType":"radiobutton","label":"Is Active","name":"is_active","helpText":"","required":false,"value":"","validations":[{"name":"pattern","validator":"","message":""}],"column":"2","labelalignment":"horizontal","labelcss":"col-lg-4 col-md-12 col-sm-12 text-right font8","controlcss":"col-sm-12 col-md-12 col-lg-8 ","options":[{"text":"Y","binding":"Yes"},{"text":"N","binding":"No"}],"display_order_no":11,"isAudit":false,"isConfirmationRequired":false,"visible_stage":"","editable_stage":"","skiplogic":null,"isShowInGrid":false,"pkfk":"","visible":"always","control_width":""}],"visible_stage":"","binding_name":"sbi_branch","isrepeat":false,"istabular":"1","display_order_no":3,"repeatable_save_as":"","isCaptionVisiable":"always","skiplogic":null,"section_dependent":false,"lookup_form":"0","display_field":"[]","value_field":null,"dependentloopupid":null,"dependent_filter_field":null,"lookup_view_field":"[]","editable_stage":"","filter_json":null,"is_multiple_dependentlookup":false,"advance_dependentlookup":"[]","section_hide":false}]