[{"name":"Card Product","column":"2","alignment":"horizontal","FieldConfig":[{"type":"input","label":"Product Title","inputType":"text","name":"card_product_title","helpText":"","required":false,"value":"","maxlength":"250","column":"2","labelalignment":"horizontal","labelcss":"col-lg-4 col-md-12 col-sm-12 text-right font8","controlcss":"col-sm-12 col-md-12 col-lg-8 ","validations":[{"name":"pattern","validator":"","message":""}],"display_order_no":8,"isAudit":false,"isConfirmationRequired":false,"visible_stage":"","editable_stage":"","skiplogic":null,"isShowInGrid":false,"pkfk":"","visible":"always","dependentInputField":false,"dependentInputDisplayValue":"","dependentInputFieldJson":[],"formula_json":null,"unique":false,"lookup_form":"z_entitymast_card_product_001","value_field":"card_product_id","control_width":""},{"type":"input","label":"Product Code","inputType":"text","name":"card_product_code","helpText":"","required":false,"value":"","maxlength":"250","column":"2","labelalignment":"horizontal","labelcss":"col-lg-4 col-md-12 col-sm-12 text-right font8","controlcss":"col-sm-12 col-md-12 col-lg-8 ","validations":[{"name":"pattern","validator":"","message":""}],"display_order_no":9,"isAudit":false,"isConfirmationRequired":false,"visible_stage":"","editable_stage":"","skiplogic":null,"isShowInGrid":false,"pkfk":"","visible":"always","dependentInputField":false,"dependentInputDisplayValue":"","dependentInputFieldJson":[],"formula_json":null,"unique":false,"lookup_form":"z_entitymast_card_product_001","value_field":"card_product_id","control_width":""},{"type":"input","label":"Product Description","inputType":"text","name":"card_product_description","helpText":"","required":false,"value":"","maxlength":"250","column":"2","labelalignment":"horizontal","labelcss":"col-lg-4 col-md-12 col-sm-12 text-right font8","controlcss":"col-sm-12 col-md-12 col-lg-8 ","validations":[{"name":"pattern","validator":"","message":""}],"display_order_no":10,"isAudit":false,"isConfirmationRequired":false,"visible_stage":"","editable_stage":"","skiplogic":null,"isShowInGrid":false,"pkfk":"","visible":"always","dependentInputField":false,"dependentInputDisplayValue":"","dependentInputFieldJson":[],"formula_json":null,"unique":false,"lookup_form":"z_entitymast_card_product_001","value_field":"card_product_id","control_width":""},{"type":"number","label":"Insurance Surcharge","inputType":"number","name":"insurance_surcharges","helpText":"","required":false,"value":"","other_default_value":"0","minvalue":"","maxvalue":"","column":"2","labelalignment":"horizontal","labelcss":"col-lg-4 col-md-12 col-sm-12 text-right font8","controlcss":"col-sm-12 col-md-12 col-lg-8 ","validations":[{"name":"pattern","validator":"","message":""}],"display_order_no":11,"isAudit":false,"isConfirmationRequired":false,"visible_stage":"","editable_stage":"","skiplogic":null,"isShowInGrid":false,"pkfk":"","visible":"always","formula_json":null,"unique":false,"lookup_form":"z_entitymast_card_product_001","value_field":"card_product_id","is_multiple_dependentlookup":false,"advance_dependentlookup":"[]","control_width":""},{"type":"number","label":"Petrol Surcharges","inputType":"number","name":"petrol_surcharges","helpText":"","required":false,"value":"","other_default_value":"0","minvalue":"","maxvalue":"","column":"2","labelalignment":"horizontal","labelcss":"col-lg-4 col-md-12 col-sm-12 text-right font8","controlcss":"col-sm-12 col-md-12 col-lg-8 ","validations":[{"name":"pattern","validator":"","message":""}],"display_order_no":12,"isAudit":false,"isConfirmationRequired":false,"visible_stage":"","editable_stage":"","skiplogic":null,"isShowInGrid":false,"pkfk":"","visible":"always","formula_json":null,"unique":false,"lookup_form":"z_entitymast_card_product_001","value_field":"card_product_id","is_multiple_dependentlookup":false,"advance_dependentlookup":"[]","control_width":""},{"type":"number","label":"Annual Maintenance","inputType":"number","name":"annual_maintenance","helpText":"","required":false,"value":"","other_default_value":"0","minvalue":"","maxvalue":"","column":"2","labelalignment":"horizontal","labelcss":"col-lg-4 col-md-12 col-sm-12 text-right font8","controlcss":"col-sm-12 col-md-12 col-lg-8 ","validations":[{"name":"pattern","validator":"","message":""}],"display_order_no":13,"isAudit":false,"isConfirmationRequired":false,"visible_stage":"","editable_stage":"","skiplogic":null,"isShowInGrid":false,"pkfk":"","visible":"always","formula_json":null,"unique":false,"lookup_form":"z_entitymast_card_product_001","value_field":"card_product_id","is_multiple_dependentlookup":false,"advance_dependentlookup":"[]","control_width":""},{"type":"number","label":"Portal Reporting","inputType":"number","name":"portal_reporting","helpText":"","required":false,"value":"","other_default_value":"0","minvalue":"","maxvalue":"","column":"2","labelalignment":"horizontal","labelcss":"col-lg-4 col-md-12 col-sm-12 text-right font8","controlcss":"col-sm-12 col-md-12 col-lg-8 ","validations":[{"name":"pattern","validator":"","message":""}],"display_order_no":14,"isAudit":false,"isConfirmationRequired":false,"visible_stage":"","editable_stage":"","skiplogic":null,"isShowInGrid":false,"pkfk":"","visible":"always","formula_json":null,"unique":false,"lookup_form":"z_entitymast_card_product_001","value_field":"card_product_id","is_multiple_dependentlookup":false,"advance_dependentlookup":"[]","control_width":""},{"type":"number","label":"Balance Inquiry","inputType":"number","name":"balance_inquiry","helpText":"","required":false,"value":"","other_default_value":"0","minvalue":"","maxvalue":"","column":"2","labelalignment":"horizontal","labelcss":"col-lg-4 col-md-12 col-sm-12 text-right font8","controlcss":"col-sm-12 col-md-12 col-lg-8 ","validations":[{"name":"pattern","validator":"","message":""}],"display_order_no":15,"isAudit":false,"isConfirmationRequired":false,"visible_stage":"","editable_stage":"","skiplogic":null,"isShowInGrid":false,"pkfk":"","visible":"always","formula_json":null,"unique":false,"lookup_form":"z_entitymast_card_product_001","value_field":"card_product_id","is_multiple_dependentlookup":false,"advance_dependentlookup":"[]","control_width":""},{"type":"number","label":"Minimum Value","inputType":"number","name":"minimum_value","helpText":"","required":false,"value":"","other_default_value":"0","minvalue":"","maxvalue":"","column":"2","labelalignment":"horizontal","labelcss":"col-lg-4 col-md-12 col-sm-12 text-right font8","controlcss":"col-sm-12 col-md-12 col-lg-8 ","validations":[{"name":"pattern","validator":"","message":""}],"display_order_no":16,"isAudit":false,"isConfirmationRequired":false,"visible_stage":"","editable_stage":"","skiplogic":null,"isShowInGrid":false,"pkfk":"","visible":"always","formula_json":null,"unique":false,"lookup_form":"z_entitymast_card_product_001","value_field":"card_product_id","is_multiple_dependentlookup":false,"advance_dependentlookup":"[]","control_width":""},{"type":"number","label":"Card Cost","inputType":"number","name":"card_cost","helpText":"","required":false,"value":"","other_default_value":"0","minvalue":"","maxvalue":"","column":"2","labelalignment":"horizontal","labelcss":"col-lg-4 col-md-12 col-sm-12 text-right font8","controlcss":"col-sm-12 col-md-12 col-lg-8 ","validations":[{"name":"pattern","validator":"","message":""}],"display_order_no":17,"isAudit":false,"isConfirmationRequired":false,"visible_stage":"","editable_stage":"","skiplogic":null,"isShowInGrid":false,"pkfk":"","visible":"always","formula_json":null,"unique":false,"lookup_form":"z_entitymast_card_product_001","value_field":"card_product_id","is_multiple_dependentlookup":false,"advance_dependentlookup":"[]","control_width":""},{"type":"number","label":"Card Form Id","inputType":"number","name":"cardform_id","helpText":"","required":false,"value":"","other_default_value":"0","minvalue":"","maxvalue":"","column":"2","labelalignment":"horizontal","labelcss":"col-lg-4 col-md-12 col-sm-12 text-right font8","controlcss":"col-sm-12 col-md-12 col-lg-8 ","validations":[{"name":"pattern","validator":"","message":""}],"display_order_no":18,"isAudit":false,"isConfirmationRequired":false,"visible_stage":"","editable_stage":"","skiplogic":null,"isShowInGrid":false,"pkfk":"","visible":"always","formula_json":null,"unique":false,"lookup_form":"z_entitymast_card_product_001","value_field":"card_product_id","is_multiple_dependentlookup":false,"advance_dependentlookup":"[]","control_width":""},{"type":"number","label":"mcccategory_id","inputType":"number","name":"mcccategory_id","helpText":"","required":false,"value":"","other_default_value":"0","minvalue":"","maxvalue":"","column":"2","labelalignment":"horizontal","labelcss":"col-lg-4 col-md-12 col-sm-12 text-right font8","controlcss":"col-sm-12 col-md-12 col-lg-8 ","validations":[{"name":"pattern","validator":"","message":""}],"display_order_no":19,"isAudit":false,"isConfirmationRequired":false,"visible_stage":"","editable_stage":"","skiplogic":null,"isShowInGrid":false,"pkfk":"","visible":"always","formula_json":null,"unique":false,"lookup_form":"z_entitymast_card_product_001","value_field":"card_product_id","is_multiple_dependentlookup":false,"advance_dependentlookup":"[]","control_width":""},{"type":"number","label":"Channels Id","inputType":"number","name":"channels_id","helpText":"","required":false,"value":"","other_default_value":"0","minvalue":"","maxvalue":"","column":"2","labelalignment":"horizontal","labelcss":"col-lg-4 col-md-12 col-sm-12 text-right font8","controlcss":"col-sm-12 col-md-12 col-lg-8 ","validations":[{"name":"pattern","validator":"","message":""}],"display_order_no":20,"isAudit":false,"isConfirmationRequired":false,"visible_stage":"","editable_stage":"","skiplogic":null,"isShowInGrid":false,"pkfk":"","visible":"always","formula_json":null,"unique":false,"lookup_form":"z_entitymast_card_product_001","value_field":"card_product_id","is_multiple_dependentlookup":false,"advance_dependentlookup":"[]","control_width":""},{"type":"number","label":"Loadingfrequency Id","inputType":"number","name":"loadingfrequency_id","helpText":"","required":false,"value":"","other_default_value":"0","minvalue":"","maxvalue":"","column":"2","labelalignment":"horizontal","labelcss":"col-lg-4 col-md-12 col-sm-12 text-right font8","controlcss":"col-sm-12 col-md-12 col-lg-8 ","validations":[{"name":"pattern","validator":"","message":""}],"display_order_no":21,"isAudit":false,"isConfirmationRequired":false,"visible_stage":"","editable_stage":"","skiplogic":null,"isShowInGrid":false,"pkfk":"","visible":"always","formula_json":null,"unique":false,"lookup_form":"z_entitymast_card_product_001","value_field":"card_product_id","is_multiple_dependentlookup":false,"advance_dependentlookup":"[]","control_width":""},{"type":"number","label":"Eligibleloadsource Id","inputType":"number","name":"eligibleloadsource_id","helpText":"","required":false,"value":"","other_default_value":"0","minvalue":"","maxvalue":"","column":"2","labelalignment":"horizontal","labelcss":"col-lg-4 col-md-12 col-sm-12 text-right font8","controlcss":"col-sm-12 col-md-12 col-lg-8 ","validations":[{"name":"pattern","validator":"","message":""}],"display_order_no":22,"isAudit":false,"isConfirmationRequired":false,"visible_stage":"","editable_stage":"","skiplogic":null,"isShowInGrid":false,"pkfk":"","visible":"always","formula_json":null,"unique":false,"lookup_form":"z_entitymast_card_product_001","value_field":"card_product_id","is_multiple_dependentlookup":false,"advance_dependentlookup":"[]","control_width":""},{"type":"number","label":"Limitsbalanceamount Id","inputType":"number","name":"limitsbalanceamount_id","helpText":"","required":false,"value":"","other_default_value":"0","minvalue":"","maxvalue":"","column":"2","labelalignment":"horizontal","labelcss":"col-lg-4 col-md-12 col-sm-12 text-right font8","controlcss":"col-sm-12 col-md-12 col-lg-8 ","validations":[{"name":"pattern","validator":"","message":""}],"display_order_no":23,"isAudit":false,"isConfirmationRequired":false,"visible_stage":"","editable_stage":"","skiplogic":null,"isShowInGrid":false,"pkfk":"","visible":"always","formula_json":null,"unique":false,"lookup_form":"z_entitymast_card_product_001","value_field":"card_product_id","is_multiple_dependentlookup":false,"advance_dependentlookup":"[]","control_width":""},{"type":"number","label":"Limitsspendamount Id","inputType":"number","name":"limitsspendamount_id","helpText":"","required":false,"value":"","other_default_value":"0","minvalue":"","maxvalue":"","column":"2","labelalignment":"horizontal","labelcss":"col-lg-4 col-md-12 col-sm-12 text-right font8","controlcss":"col-sm-12 col-md-12 col-lg-8 ","validations":[{"name":"pattern","validator":"","message":""}],"display_order_no":24,"isAudit":false,"isConfirmationRequired":false,"visible_stage":"","editable_stage":"","skiplogic":null,"isShowInGrid":false,"pkfk":"","visible":"always","formula_json":null,"unique":false,"lookup_form":"z_entitymast_card_product_001","value_field":"card_product_id","is_multiple_dependentlookup":false,"advance_dependentlookup":"[]","control_width":""},{"type":"number","label":"Limitsspendfrequency Id","inputType":"number","name":"limitsspendfrequency_id","helpText":"","required":false,"value":"","other_default_value":"0","minvalue":"","maxvalue":"","column":"2","labelalignment":"horizontal","labelcss":"col-lg-4 col-md-12 col-sm-12 text-right font8","controlcss":"col-sm-12 col-md-12 col-lg-8 ","validations":[{"name":"pattern","validator":"","message":""}],"display_order_no":25,"isAudit":false,"isConfirmationRequired":false,"visible_stage":"","editable_stage":"","skiplogic":null,"isShowInGrid":false,"pkfk":"","visible":"always","formula_json":null,"unique":false,"lookup_form":"z_entitymast_card_product_001","value_field":"card_product_id","is_multiple_dependentlookup":false,"advance_dependentlookup":"[]","control_width":""},{"type":"number","label":"Velocity Id","inputType":"number","name":"velocity_id","helpText":"","required":false,"value":"","other_default_value":"0","minvalue":"","maxvalue":"","column":"2","labelalignment":"horizontal","labelcss":"col-lg-4 col-md-12 col-sm-12 text-right font8","controlcss":"col-sm-12 col-md-12 col-lg-8 ","validations":[{"name":"pattern","validator":"","message":""}],"display_order_no":26,"isAudit":false,"isConfirmationRequired":false,"visible_stage":"","editable_stage":"","skiplogic":null,"isShowInGrid":false,"pkfk":"","visible":"always","formula_json":null,"unique":false,"lookup_form":"z_entitymast_card_product_001","value_field":"card_product_id","is_multiple_dependentlookup":false,"advance_dependentlookup":"[]","control_width":""},{"type":"number","label":"Eligiblekyc Id","inputType":"number","name":"eligiblekyc_id","helpText":"","required":false,"value":"","other_default_value":"0","minvalue":"","maxvalue":"","column":"2","labelalignment":"horizontal","labelcss":"col-lg-4 col-md-12 col-sm-12 text-right font8","controlcss":"col-sm-12 col-md-12 col-lg-8 ","validations":[{"name":"pattern","validator":"","message":""}],"display_order_no":27,"isAudit":false,"isConfirmationRequired":false,"visible_stage":"","editable_stage":"","skiplogic":null,"isShowInGrid":false,"pkfk":"","visible":"always","formula_json":null,"unique":false,"lookup_form":"z_entitymast_card_product_001","value_field":"card_product_id","is_multiple_dependentlookup":false,"advance_dependentlookup":"[]","control_width":""},{"type":"checkbox","inputType":"checkbox","label":"Is Active","name":"is_active","helpText":"","required":false,"value":"","validations":[{"name":"pattern","validator":"","message":""}],"column":"2","labelalignment":"horizontal","labelcss":"col-lg-4 col-md-12 col-sm-12 text-right font8","controlcss":"col-sm-12 col-md-12 col-lg-8 ","display_order_no":28,"isAudit":false,"isConfirmationRequired":false,"visible_stage":"","editable_stage":"","skiplogic":null,"isShowInGrid":false,"pkfk":"","visible":"always","control_width":""}],"visible_stage":"","binding_name":"card_product","isrepeat":false,"istabular":"1","display_order_no":3,"repeatable_save_as":"","isCaptionVisiable":"always","skiplogic":null,"section_dependent":false,"lookup_form":"0","display_field":"[]","value_field":null,"dependentloopupid":null,"dependent_filter_field":null,"lookup_view_field":"[]","editable_stage":"","filter_json":null,"is_multiple_dependentlookup":false,"advance_dependentlookup":"[]","section_hide":false}]