[{"id":12,"field_name":"Code","help_text":"","filed_type":"1","field_binding":"short_name","field_visible":"always","field_enable":false,"field_no_duplicate":false,"field_required":false,"field_default_value":"","field_error_msg":"","field_regular_exp":"","min_value":"","max_value":"","field_max_len":"10","section_column":"2","section_alignment":"horizontal","isRepeatable":false,"layout":"1","labelcss":"col-lg-4 col-md-12 col-sm-12 text-right font8","controlcss":"col-sm-12 col-lg-8 col-md-12","validRecord":true,"dynamicSelectList":"[]","treeLevel":"control","lookup_form_id":"0","lookup_display_field":"[]","lookup_value_field":"","dateSetting":"none","parentid":"3","dependentloopupid":"","dependent_filter_field":"","is_dependent_lookup":false,"is_display":true,"publish":"yes","visible_stage":"","editable_stage":"","isAuditable":false,"isConfirm":false,"repeatable_save_as":null,"lookup_filter_value":"","lookup_view_field":"[]","section_dependent":false,"is_show_in_grid":false,"dependentInputField":false,"dependentInputValue":"","listgridselection":null,"field_unique":false,"autopopulate_visibility":"editable","advance_dependent_lookup":"[]","child_form_id":"","child_view_id":"","child_layout":"","is_section_hide":false,"link_with_form":false,"lookuplist":[],"seperator":"0","display_order_no":10},{"id":11,"field_name":"id","help_text":null,"filed_type":0,"field_binding":"id","field_visible":0,"field_enable":null,"field_no_duplicate":null,"field_required":null,"field_default_value":null,"field_error_msg":null,"field_regular_exp":null,"min_value":null,"max_value":null,"field_max_len":null,"section_column":null,"section_alignment":null,"labelcss":null,"controlcss":null,"validRecord":null,"dynamicSelectList":[],"treeLevel":"control","lookup_form_id":null,"lookup_display_field":[],"lookup_value_field":null,"dateSetting":null,"parentid":3,"dependentloopupid":null,"dependent_filter_field":null,"is_dependent_lookup":null,"is_display":false,"Primay_foreign_key":"P","publish":"yes"},{"id":10,"field_name":"Is Active","help_text":"","filed_type":"6","field_binding":"isactive","field_visible":"always","field_enable":false,"field_no_duplicate":false,"field_required":false,"field_default_value":"","field_error_msg":"","field_regular_exp":"","min_value":"","max_value":"","field_max_len":"250","section_column":"2","section_alignment":"horizontal","isRepeatable":false,"layout":"1","labelcss":"col-lg-4 col-md-12 col-sm-12 text-right font8","controlcss":"col-sm-12 col-lg-8 col-md-12","validRecord":true,"dynamicSelectList":"[]","treeLevel":"control","lookup_form_id":"0","lookup_display_field":"[]","lookup_value_field":"","dateSetting":"none","parentid":"3","dependentloopupid":"","dependent_filter_field":"","is_dependent_lookup":false,"is_display":true,"publish":"yes","visible_stage":"","editable_stage":"","isAuditable":false,"isConfirm":false,"repeatable_save_as":null,"lookup_filter_value":"","lookup_view_field":"[]","section_dependent":false,"is_show_in_grid":false,"dependentInputField":false,"dependentInputValue":"","listgridselection":null,"field_unique":false,"display_order_no":11},{"id":9,"field_name":"Variable Type","help_text":"","filed_type":"1","field_binding":"varibale_type","field_visible":"always","field_enable":false,"field_no_duplicate":false,"field_required":true,"field_default_value":"","field_error_msg":"","field_regular_exp":"","min_value":"","max_value":"","field_max_len":"50","section_column":"2","section_alignment":"horizontal","isRepeatable":false,"layout":"1","labelcss":"col-lg-4 col-md-12 col-sm-12 text-right font8","controlcss":"col-sm-12 col-lg-8 col-md-12","validRecord":false,"dynamicSelectList":"[]","treeLevel":"control","lookup_form_id":"0","lookup_display_field":"[]","lookup_value_field":"","dateSetting":"none","parentid":"3","dependentloopupid":"","dependent_filter_field":"","is_dependent_lookup":false,"is_display":true,"publish":"yes","visible_stage":"","editable_stage":"","isAuditable":false,"isConfirm":false,"repeatable_save_as":null,"lookup_filter_value":"","lookup_view_field":"[]","section_dependent":false,"is_show_in_grid":false,"dependentInputField":false,"dependentInputValue":"","listgridselection":null,"field_unique":false,"display_order_no":9},{"id":8,"field_name":"Variable Name","help_text":"","filed_type":"1","field_binding":"varibale_name","field_visible":"always","field_enable":false,"field_no_duplicate":false,"field_required":true,"field_default_value":"","field_error_msg":"","field_regular_exp":"","min_value":"","max_value":"","field_max_len":"250","section_column":"2","section_alignment":"horizontal","isRepeatable":false,"layout":"1","labelcss":"col-lg-4 col-md-12 col-sm-12 text-right font8","controlcss":"col-sm-12 col-lg-8 col-md-12","validRecord":true,"dynamicSelectList":"[]","treeLevel":"control","lookup_form_id":"0","lookup_display_field":"[]","lookup_value_field":"","dateSetting":"none","parentid":"3","dependentloopupid":"","dependent_filter_field":"","is_dependent_lookup":false,"is_display":true,"publish":"yes","visible_stage":"","editable_stage":"","isAuditable":false,"isConfirm":false,"repeatable_save_as":null,"lookup_filter_value":"","lookup_view_field":"[]","section_dependent":false,"is_show_in_grid":false,"dependentInputField":false,"dependentInputValue":"","listgridselection":null,"field_unique":false,"display_order_no":8,"autopopulate_visibility":"editable","advance_dependent_lookup":"[]","child_form_id":"","child_view_id":"","child_layout":"","is_section_hide":false,"link_with_form":false,"lookuplist":[],"seperator":"0"},{"id":7,"field_name":"Updated Date","help_text":"","filed_type":7,"field_binding":"updateddate","field_visible":"always","field_enable":false,"field_no_duplicate":false,"field_required":false,"field_default_value":"","field_validation_error_msg":[],"min_value":"","max_value":"","section_column":"2","section_alignment":"horizontal","validRecord":false,"dynamicSelectList":[],"treeLevel":"control","parentid":3,"publish":"yes","display_order_no":7},{"id":6,"field_name":"Updated By","help_text":"","filed_type":4,"field_binding":"updatedby","field_visible":"always","field_enable":false,"field_no_duplicate":false,"field_required":false,"field_default_value":"","field_validation_error_msg":[],"min_value":"","max_value":"","section_column":"2","section_alignment":"horizontal","validRecord":false,"dynamicSelectList":[],"treeLevel":"control","field_max_len":"250","parentid":3,"publish":"yes","display_order_no":6},{"id":5,"field_name":"Created Date","help_text":"","filed_type":7,"field_binding":"createddate","field_visible":"always","field_enable":false,"field_no_duplicate":false,"field_required":false,"field_default_value":"","field_validation_error_msg":[],"min_value":"","max_value":"","section_column":"2","section_alignment":"horizontal","validRecord":false,"dynamicSelectList":[],"treeLevel":"control","parentid":3,"publish":"yes","display_order_no":5},{"id":4,"field_name":"Created By","help_text":"","filed_type":4,"field_binding":"createdby","field_visible":"always","field_enable":false,"field_no_duplicate":false,"field_required":false,"field_default_value":"","field_validation_error_msg":[],"min_value":"","max_value":"","section_column":"2","section_alignment":"horizontal","validRecord":false,"dynamicSelectList":[],"treeLevel":"control","field_max_len":"250","parentid":3,"publish":"yes","display_order_no":4},{"id":3,"field_name":"System Enum","help_text":"","filed_type":"1","field_binding":"system_enum","field_visible":"always","field_enable":false,"field_no_duplicate":false,"field_required":false,"field_default_value":"","field_validation_error_msg":[],"min_value":"","max_value":"","section_column":"2","section_alignment":"horizontal","validRecord":false,"dynamicSelectList":"[]","isRepeatable":false,"layout":"1","treeLevel":"section","parentid":2,"publish":"yes","field_error_msg":"","field_regular_exp":"","field_max_len":"250","labelcss":"col-lg-4 col-md-12 col-sm-12 text-right font8","controlcss":"col-sm-12 col-lg-8 col-md-12","lookup_form_id":"0","lookup_display_field":"[]","lookup_value_field":"","dateSetting":"none","dependentloopupid":"","dependent_filter_field":"","is_dependent_lookup":false,"is_display":true,"visible_stage":"","editable_stage":"","isAuditable":false,"isConfirm":false,"repeatable_save_as":null,"lookup_filter_value":"","lookup_view_field":"[]","section_dependent":false,"is_show_in_grid":false,"dependentInputField":false,"dependentInputValue":"","listgridselection":null,"field_unique":false,"display_order_no":3,"autopopulate_visibility":"editable","advance_dependent_lookup":"[]","child_form_id":"","child_view_id":"","child_layout":"","is_section_hide":false,"link_with_form":false,"lookuplist":[],"seperator":"0"},{"id":2,"field_name":"System Enum Details","help_text":"","filed_type":17,"field_binding":"system_enum_details","field_visible":"always","field_enable":false,"field_no_duplicate":false,"field_required":false,"field_default_value":"","field_validation_error_msg":[],"min_value":"","max_value":"","section_column":"2","section_alignment":"horizontal","validRecord":false,"dynamicSelectList":[],"treeLevel":"tab","parentid":1,"publish":"yes","display_order_no":2},{"id":1,"field_name":"System Enum","help_text":"","filed_type":"1","field_binding":"system_enum","field_visible":"always","field_enable":false,"field_no_duplicate":false,"field_required":false,"field_default_value":"","field_validation_error_msg":[],"min_value":"","max_value":"","section_column":"1","section_alignment":"horizontal","validRecord":true,"dynamicSelectList":"[]","treeLevel":"form","publish":"yes","display_order_no":1,"field_error_msg":"","field_regular_exp":"","field_max_len":"250","isRepeatable":false,"layout":null,"labelcss":"col-sm-12 col-lg-3 col-md-12 text-right font8","controlcss":"col-sm-12 col-lg-9 col-md-12","lookup_form_id":"0","lookup_display_field":"[]","lookup_value_field":"","dateSetting":"none","dependentloopupid":"","dependent_filter_field":"","is_dependent_lookup":false,"is_display":true,"visible_stage":"","editable_stage":"","isAuditable":false,"isConfirm":false,"repeatable_save_as":null,"lookup_filter_value":"","lookup_view_field":"[]","section_dependent":false,"is_show_in_grid":false,"dependentInputField":false,"dependentInputValue":"","listgridselection":null,"field_unique":false,"autopopulate_visibility":"editable","advance_dependent_lookup":"[]","child_form_id":"","child_view_id":"","child_layout":"","is_section_hide":false,"link_with_form":false,"lookuplist":[],"seperator":"0"}]