[{"id":15,"field_name":"Actor Type","help_text":"","filed_type":"14","field_binding":"actortype_id","field_visible":"always","field_enable":false,"field_no_duplicate":false,"field_required":false,"field_default_value":"","field_error_msg":"","field_regular_exp":"","min_value":"","max_value":"","field_max_len":"0","section_column":"2","section_alignment":"horizontal","isRepeatable":false,"layout":"1","labelcss":"col-lg-4 col-md-12 col-sm-12 text-right font8","controlcss":"col-sm-12 col-lg-8 col-md-12","validRecord":true,"dynamicSelectList":"[]","treeLevel":"control","lookup_form_id":"app_actortype,394","lookup_display_field":"[{\"id\":\"actortype_name\",\"name\":\"Actor Type\"}]","lookup_value_field":"actortype_id","dateSetting":"none","parentid":"3","dependentloopupid":"0","dependent_filter_field":null,"is_dependent_lookup":false,"is_display":true,"publish":"no","field_default_other_value":"0","visible_stage":"","editable_stage":"","isAuditable":false,"isConfirm":false,"repeatable_save_as":null,"lookup_filter_value":"","lookup_view_field":"[]","section_dependent":false,"is_show_in_grid":false,"dependentInputField":false,"dependentInputValue":"","listgridselection":null,"field_unique":false,"autopopulate_visibility":"editable","advance_dependent_lookup":"[]","child_form_id":"","child_view_id":"","child_layout":"","child_json":null,"child_rule_filter":"","btn_input_json":"","is_section_hide":false,"link_with_form":false,"link_form_viewid":"0","lookuplist":[],"seperator":"0","btn_input_param":null,"btn_output_param":null,"btn_readonly_param":null,"date_format":null,"color_value":null,"display_order_no":13},{"id":14,"field_name":"Designation","help_text":"","filed_type":"4","field_binding":"designation_id","field_visible":"none","field_enable":false,"field_no_duplicate":false,"field_required":false,"field_default_value":"","field_error_msg":"","field_regular_exp":"","min_value":"","max_value":"","field_max_len":"0","section_column":"2","section_alignment":"horizontal","isRepeatable":false,"layout":"1","labelcss":"col-lg-4 col-md-12 col-sm-12 text-right font8","controlcss":"col-sm-12 col-lg-8 col-md-12","validRecord":true,"dynamicSelectList":"[]","treeLevel":"control","lookup_form_id":"z_entitymast_designation_001,358","lookup_display_field":"[]","lookup_value_field":"designation_id","dateSetting":"none","parentid":"3","dependentloopupid":"0","dependent_filter_field":null,"is_dependent_lookup":false,"is_display":true,"publish":"yes","field_default_other_value":"0","visible_stage":"","editable_stage":"","isAuditable":false,"isConfirm":false,"repeatable_save_as":null,"lookup_filter_value":"","lookup_view_field":"[]","section_dependent":false,"is_show_in_grid":false,"dependentInputField":false,"dependentInputValue":"","listgridselection":null,"field_unique":false,"autopopulate_visibility":"editable","advance_dependent_lookup":"[]","child_form_id":"","child_view_id":"","child_layout":"","is_section_hide":false,"link_with_form":false,"lookuplist":[],"seperator":"0","display_order_no":10,"filter_json":"[{\"type\":\"object\",\"operator\":\"and\",\"list\":[{\"type\":\"row\",\"id\":1,\"field_id\":\"isactive\",\"conditionList\":[],\"condition_id\":\"3\",\"control_type\":6,\"ddl\":[],\"value\":true,\"month\":null,\"days\":null,\"is_session_value\":false,\"session_value\":\"0\"}]}]","child_rule_filter":"","btn_input_param":null,"btn_output_param":null,"date_format":null,"color_value":null,"child_json":null,"btn_input_json":"","btn_readonly_param":null},{"id":13,"field_name":"userprofile_id","help_text":null,"filed_type":0,"field_binding":"userprofile_id","field_visible":0,"field_enable":null,"field_no_duplicate":null,"field_required":null,"field_default_value":null,"field_error_msg":null,"field_regular_exp":null,"min_value":null,"max_value":null,"field_max_len":null,"section_column":null,"section_alignment":null,"labelcss":null,"controlcss":null,"validRecord":null,"dynamicSelectList":[],"treeLevel":"control","lookup_form_id":null,"lookup_display_field":[],"lookup_value_field":null,"dateSetting":null,"parentid":3,"dependentloopupid":null,"dependent_filter_field":null,"is_dependent_lookup":null,"is_display":false,"Primay_foreign_key":"P","publish":"yes"},{"id":12,"field_name":"User List","help_text":"","filed_type":"15","field_binding":"section_2","field_visible":"always","field_enable":false,"field_no_duplicate":false,"field_required":false,"field_default_value":"","field_error_msg":"","field_regular_exp":"","min_value":"","max_value":"","field_max_len":"0","section_column":"2","section_alignment":"horizontal","isRepeatable":false,"layout":"2","labelcss":"col-lg-4 col-md-12 col-sm-12 text-right font8","controlcss":"col-sm-12 col-lg-8 col-md-12","validRecord":true,"dynamicSelectList":"[]","treeLevel":"section","lookup_form_id":"app_tbluserprofile","lookup_display_field":"[{\"id\":\"office_id\",\"name\":\"Office Name\"}]","lookup_value_field":"userprofile_id","dateSetting":"none","parentid":"2","dependentloopupid":"user_id","dependent_filter_field":"user_id","is_dependent_lookup":false,"is_display":true,"publish":"yes","visible_stage":"","editable_stage":"","isAuditable":false,"isConfirm":false,"repeatable_save_as":null,"lookup_filter_value":"","lookup_view_field":"[{\"id\":\"user_id\",\"name\":\"User Name\",\"label\":\"User Name\",\"display_order_no\":1,\"control_type\":\"14\",\"table_name\":\"app_tbluser,292\",\"value_filed\":\"user_id\",\"display_filed\":\"[{\\\"id\\\":\\\"user_loginname\\\",\\\"name\\\":\\\"Login Name\\\"},{\\\"id\\\":\\\"user_fname\\\",\\\"name\\\":\\\"First Name\\\"}]\",\"dynamiclist\":\"[]\"},{\"id\":\"role_id\",\"name\":\"Role Name\",\"label\":\"Role Name\",\"display_order_no\":2,\"control_type\":\"14\",\"table_name\":\"app_tblrole,289\",\"value_filed\":\"role_id\",\"display_filed\":\"[{\\\"id\\\":\\\"role_name\\\",\\\"name\\\":\\\"Role Name\\\"}]\",\"dynamiclist\":\"[]\"},{\"id\":\"actortype_id\",\"name\":\"Actor Type\",\"label\":\"Actor Type\",\"display_order_no\":3,\"control_type\":\"14\",\"table_name\":\"app_actortype,394\",\"value_filed\":\"actortype_id\",\"display_filed\":\"[{\\\"id\\\":\\\"actortype_name\\\",\\\"name\\\":\\\"Actor Type\\\"}]\",\"dynamiclist\":\"[]\"}]","section_dependent":true,"is_show_in_grid":false,"dependentInputField":false,"dependentInputValue":"","listgridselection":null,"field_unique":false,"autopopulate_visibility":"editable","advance_dependent_lookup":"[{\"dependentlookupid\":\"user_id\",\"dependentlookupfilterid\":\"user_id\"},{\"dependentlookupid\":\"role_id\",\"dependentlookupfilterid\":\"role_id\"}]","display_field":[],"display_order_no":14,"field_default_other_value":"0","child_form_id":"","child_view_id":"","child_layout":"","is_section_hide":false,"link_with_form":false,"link_form_viewid":"0","lookuplist":[],"seperator":"0","child_json":null,"child_rule_filter":"","btn_input_json":"","btn_input_param":null,"btn_output_param":null,"btn_readonly_param":null,"date_format":null,"color_value":null},{"id":11,"field_name":"Office Name","help_text":"","filed_type":"15","field_binding":"office_id","field_visible":"none","field_enable":false,"field_no_duplicate":false,"field_required":true,"field_default_value":"","field_error_msg":"","field_regular_exp":"","min_value":"","max_value":"","field_max_len":"0","section_column":"2","section_alignment":"horizontal","isRepeatable":false,"layout":"1","labelcss":"col-lg-4 col-md-12 col-sm-12 text-right font8","controlcss":"col-sm-12 col-lg-8 col-md-12","validRecord":false,"dynamicSelectList":"[]","treeLevel":"control","lookup_form_id":"z_entitymast_manage_offices_001,294","lookup_display_field":"[{\"id\":\"office_name\",\"name\":\"Office Name\"}]","lookup_value_field":"offices_id","dateSetting":"none","parentid":"3","dependentloopupid":"department_id","dependent_filter_field":"department_id","is_dependent_lookup":false,"is_display":true,"publish":"yes","visible_stage":"","editable_stage":"","isAuditable":false,"isConfirm":false,"repeatable_save_as":null,"lookup_filter_value":"","lookup_view_field":"[]","section_dependent":false,"is_show_in_grid":false,"dependentInputField":false,"dependentInputValue":"","listgridselection":null,"field_unique":false,"autopopulate_visibility":"editable","advance_dependent_lookup":"[]","display_order_no":12,"filter_json":"[{\"type\":\"object\",\"operator\":\"and\",\"list\":[{\"type\":\"row\",\"id\":1,\"field_id\":\"isactive\",\"conditionList\":[],\"condition_id\":\"3\",\"control_type\":6,\"ddl\":[],\"value\":true,\"month\":null,\"days\":null,\"is_session_value\":false,\"session_value\":\"0\"}]}]","field_default_other_value":"0","child_form_id":"","child_view_id":"","child_layout":"","child_rule_filter":"","is_section_hide":false,"link_with_form":false,"link_form_viewid":"0","lookuplist":[{"field_binding":"office_type","lookup_form_id":"app_tblsystemenum,290","lookup_display_field":[{"id":"varibale_name","name":"Variable Name"}],"lookup_value_field":"id"},{"field_binding":"office_level","lookup_form_id":"app_tblsystemenum,290","lookup_display_field":[{"id":"varibale_name","name":"Variable Name"}],"lookup_value_field":"id"},{"field_binding":"department_id","lookup_form_id":"z_entitymast_department_001,293","lookup_display_field":[{"id":"department_name","name":"Department Name"}],"lookup_value_field":"department_id"},{"field_binding":"hod_designation","lookup_form_id":"z_entitymast_designation_001,358","lookup_display_field":[{"id":"designation_name","name":"Designation"}],"lookup_value_field":"designation_id"},{"field_binding":"reporting_office","lookup_form_id":"z_entitymast_manage_offices_001","lookup_display_field":[{"id":"office_name","name":"Office Name"}],"lookup_value_field":"offices_id"},{"field_binding":"state_id","lookup_form_id":"z_entitymast_state_001,295","lookup_display_field":[{"id":"state_name","name":"State Name"}],"lookup_value_field":"state_id"},{"field_binding":"division_id","lookup_form_id":"z_entitymast_division_001,297","lookup_display_field":[{"id":"division_name","name":"Division Name"}],"lookup_value_field":"division_id"},{"field_binding":"district_id","lookup_form_id":"z_entitymast_district_001,296","lookup_display_field":[{"id":"district_name","name":"District Name"}],"lookup_value_field":"district_id"}],"seperator":"0","btn_input_param":null,"btn_output_param":null,"date_format":null,"color_value":null,"child_json":null,"btn_input_json":"","btn_readonly_param":null},{"id":10,"field_name":"Department Name","help_text":"","filed_type":"14","field_binding":"department_id","field_visible":"none","field_enable":false,"field_no_duplicate":false,"field_required":true,"field_default_value":"","field_error_msg":"","field_regular_exp":"","min_value":"","max_value":"","field_max_len":"0","section_column":"2","section_alignment":"horizontal","isRepeatable":false,"layout":"1","labelcss":"col-lg-4 col-md-12 col-sm-12 text-right font8","controlcss":"col-sm-12 col-lg-8 col-md-12","validRecord":false,"dynamicSelectList":"[]","treeLevel":"control","lookup_form_id":"z_entitymast_department_001,293","lookup_display_field":"[{\"id\":\"department_name\",\"name\":\"Department Name\"}]","lookup_value_field":"department_id","dateSetting":"none","parentid":"3","dependentloopupid":"0","dependent_filter_field":null,"is_dependent_lookup":false,"is_display":true,"publish":"yes","visible_stage":"","editable_stage":"","isAuditable":false,"isConfirm":false,"repeatable_save_as":null,"lookup_filter_value":"","lookup_view_field":"[]","section_dependent":false,"is_show_in_grid":false,"dependentInputField":false,"dependentInputValue":"","listgridselection":null,"field_unique":false,"autopopulate_visibility":"editable","advance_dependent_lookup":"[]","display_order_no":11,"filter_json":"[{\"type\":\"object\",\"operator\":\"and\",\"list\":[{\"type\":\"row\",\"id\":1,\"field_id\":\"isactive\",\"conditionList\":[],\"condition_id\":\"3\",\"control_type\":6,\"ddl\":[],\"value\":true,\"month\":null,\"days\":null,\"is_session_value\":false,\"session_value\":\"0\"}]}]","field_default_other_value":"0","child_form_id":"","child_view_id":"","child_layout":"","child_rule_filter":"","is_section_hide":false,"link_with_form":false,"link_form_viewid":"0","lookuplist":[{"field_binding":"hod_designation","lookup_form_id":"z_entitymast_designation_001,358","lookup_display_field":[{"id":"designation_name","name":"Designation"}],"lookup_value_field":"designation_id"}],"seperator":"0","btn_input_param":null,"btn_output_param":null,"date_format":null,"color_value":null,"child_json":null,"btn_input_json":"","btn_readonly_param":null},{"id":9,"field_name":"Role Name","help_text":"","filed_type":"14","field_binding":"role_id","field_visible":"always","field_enable":false,"field_no_duplicate":false,"field_required":true,"field_default_value":"","field_error_msg":"","field_regular_exp":"","min_value":"","max_value":"","field_max_len":"0","section_column":"2","section_alignment":"horizontal","isRepeatable":false,"layout":"1","labelcss":"col-lg-4 col-md-12 col-sm-12 text-right font8","controlcss":"col-sm-12 col-lg-8 col-md-12","validRecord":false,"dynamicSelectList":"[]","treeLevel":"control","lookup_form_id":"app_tblrole,289","lookup_display_field":"[{\"id\":\"role_name\",\"name\":\"Role Name\"}]","lookup_value_field":"role_id","dateSetting":"none","parentid":"3","dependentloopupid":"0","dependent_filter_field":null,"is_dependent_lookup":false,"is_display":true,"publish":"yes","visible_stage":"","editable_stage":"","isAuditable":false,"isConfirm":false,"repeatable_save_as":null,"lookup_filter_value":"","lookup_view_field":"[]","section_dependent":false,"is_show_in_grid":false,"dependentInputField":false,"dependentInputValue":"","listgridselection":null,"field_unique":false,"autopopulate_visibility":"editable","advance_dependent_lookup":"[]","display_order_no":9,"filter_json":"[{\"type\":\"object\",\"operator\":\"and\",\"list\":[{\"type\":\"row\",\"id\":1,\"field_id\":\"isactive\",\"conditionList\":[],\"condition_id\":\"3\",\"control_type\":6,\"ddl\":[],\"value\":true,\"month\":null,\"days\":null,\"is_session_value\":false,\"session_value\":\"0\"}]}]","field_default_other_value":"0","child_form_id":"","child_view_id":"","child_layout":"","child_rule_filter":"","is_section_hide":false,"link_with_form":false,"link_form_viewid":"0","lookuplist":[],"seperator":"0","btn_input_param":null,"btn_output_param":null,"date_format":null,"color_value":null,"child_json":null,"btn_input_json":"","btn_readonly_param":null},{"id":8,"field_name":"User Name","help_text":"","filed_type":"14","field_binding":"user_id","field_visible":"always","field_enable":false,"field_no_duplicate":false,"field_required":true,"field_default_value":"","field_error_msg":"","field_regular_exp":"","min_value":"","max_value":"","field_max_len":"0","section_column":"2","section_alignment":"horizontal","isRepeatable":false,"layout":"1","labelcss":"col-lg-4 col-md-12 col-sm-12 text-right font8","controlcss":"col-sm-12 col-lg-8 col-md-12","validRecord":false,"dynamicSelectList":"[]","treeLevel":"control","lookup_form_id":"app_tbluser,292","lookup_display_field":"[{\"id\":\"user_loginname\",\"name\":\"Login Name\"},{\"id\":\"user_fname\",\"name\":\"First Name\"}]","lookup_value_field":"user_id","dateSetting":"none","parentid":"3","dependentloopupid":"0","dependent_filter_field":null,"is_dependent_lookup":false,"is_display":true,"publish":"yes","visible_stage":"","editable_stage":"","isAuditable":false,"isConfirm":false,"repeatable_save_as":null,"lookup_filter_value":"","lookup_view_field":"[]","section_dependent":false,"is_show_in_grid":false,"dependentInputField":false,"dependentInputValue":"","listgridselection":null,"field_unique":false,"autopopulate_visibility":"editable","advance_dependent_lookup":"[]","display_order_no":8,"field_default_other_value":"0","child_form_id":"","child_view_id":"","child_layout":"","child_json":null,"child_rule_filter":"","btn_input_json":"","is_section_hide":false,"link_with_form":false,"link_form_viewid":"0","lookuplist":[{"field_binding":"user_prifix","lookup_form_id":"app_tblsystemenum,290","lookup_display_field":[{"id":"varibale_name","name":"Variable Name"}],"lookup_value_field":"id"},{"field_binding":"user_gender","lookup_form_id":"app_tblsystemenum,290","lookup_display_field":[{"id":"varibale_name","name":"Variable Name"}],"lookup_value_field":"id"},{"field_binding":"user_password","lookup_form_id":"app_tblsystemenum,290","lookup_display_field":[{"id":"varibale_name","name":"Variable Name"}],"lookup_value_field":"id"}],"seperator":"0","btn_input_param":null,"btn_output_param":null,"btn_readonly_param":null,"date_format":null,"color_value":null},{"id":7,"field_name":"Updated Date","help_text":"","filed_type":7,"field_binding":"updateddate","field_visible":"always","field_enable":false,"field_no_duplicate":false,"field_required":false,"field_default_value":"","field_validation_error_msg":[],"min_value":"","max_value":"","section_column":"2","section_alignment":"horizontal","validRecord":false,"dynamicSelectList":[],"treeLevel":"control","parentid":3,"publish":"yes","display_order_no":7},{"id":6,"field_name":"Updated By","help_text":"","filed_type":4,"field_binding":"updatedby","field_visible":"always","field_enable":false,"field_no_duplicate":false,"field_required":false,"field_default_value":"","field_validation_error_msg":[],"min_value":"","max_value":"","section_column":"2","section_alignment":"horizontal","validRecord":false,"dynamicSelectList":[],"treeLevel":"control","field_max_len":"250","parentid":3,"publish":"yes","display_order_no":6},{"id":5,"field_name":"Created Date","help_text":"","filed_type":7,"field_binding":"createddate","field_visible":"always","field_enable":false,"field_no_duplicate":false,"field_required":false,"field_default_value":"","field_validation_error_msg":[],"min_value":"","max_value":"","section_column":"2","section_alignment":"horizontal","validRecord":false,"dynamicSelectList":[],"treeLevel":"control","parentid":3,"publish":"yes","display_order_no":5},{"id":4,"field_name":"Created By","help_text":"","filed_type":4,"field_binding":"createdby","field_visible":"always","field_enable":false,"field_no_duplicate":false,"field_required":false,"field_default_value":"","field_validation_error_msg":[],"min_value":"","max_value":"","section_column":"2","section_alignment":"horizontal","validRecord":false,"dynamicSelectList":[],"treeLevel":"control","field_max_len":"250","parentid":3,"publish":"yes","display_order_no":4},{"id":3,"field_name":"User Role Mapping","help_text":"","filed_type":"1","field_binding":"user_role_mapping","field_visible":"always","field_enable":false,"field_no_duplicate":false,"field_required":false,"field_default_value":"","field_validation_error_msg":[],"min_value":"","max_value":"","section_column":"2","section_alignment":"horizontal","validRecord":false,"dynamicSelectList":"[]","isRepeatable":false,"layout":"1","treeLevel":"section","parentid":2,"publish":"yes","field_error_msg":"","field_regular_exp":"","field_max_len":"250","labelcss":"col-lg-4 col-md-12 col-sm-12 text-right font8","controlcss":"col-sm-12 col-lg-8 col-md-12","lookup_form_id":"0","lookup_display_field":"[]","lookup_value_field":"","dateSetting":"none","dependentloopupid":"","dependent_filter_field":"","is_dependent_lookup":false,"is_display":true,"visible_stage":"","editable_stage":"","isAuditable":false,"isConfirm":false,"repeatable_save_as":null,"lookup_filter_value":"","lookup_view_field":"[]","section_dependent":false,"is_show_in_grid":false,"dependentInputField":false,"dependentInputValue":"","listgridselection":null,"field_unique":false,"autopopulate_visibility":"editable","advance_dependent_lookup":"[]","display_order_no":3,"child_form_id":"","child_view_id":"","child_layout":"","is_section_hide":false,"link_with_form":false,"lookuplist":[],"seperator":"0","child_json":null,"child_rule_filter":"","btn_input_json":"","btn_input_param":null,"btn_output_param":null,"btn_readonly_param":null,"date_format":null,"color_value":null},{"id":2,"field_name":"User Role Mapping Details","help_text":"","filed_type":"17","field_binding":"user_role_mapping_details","field_visible":"always","field_enable":false,"field_no_duplicate":false,"field_required":false,"field_default_value":"","field_validation_error_msg":[],"min_value":"","max_value":"","section_column":"2","section_alignment":"horizontal","validRecord":true,"dynamicSelectList":"[]","treeLevel":"tab","parentid":1,"publish":"yes","display_order_no":2,"field_error_msg":"","field_regular_exp":"","field_max_len":"","isRepeatable":false,"layout":null,"labelcss":"col-lg-4 col-md-12 col-sm-12 text-right font8","controlcss":"col-sm-12 col-lg-8 col-md-12","lookup_form_id":"0","lookup_display_field":"[]","lookup_value_field":"","dateSetting":"none","dependentloopupid":"","dependent_filter_field":"","is_dependent_lookup":false,"is_display":true,"visible_stage":"","editable_stage":"","isAuditable":false,"isConfirm":false,"repeatable_save_as":null,"lookup_filter_value":"","lookup_view_field":"[]","section_dependent":false,"is_show_in_grid":false,"dependentInputField":false,"dependentInputValue":"","listgridselection":null,"field_unique":false,"autopopulate_visibility":"editable","advance_dependent_lookup":"[]"},{"id":1,"field_name":"User Role Mapping","help_text":"","filed_type":"1","field_binding":"user_role_mapping","field_visible":"always","field_enable":false,"field_no_duplicate":false,"field_required":false,"field_default_value":"","field_validation_error_msg":[],"min_value":"","max_value":"","section_column":"1","section_alignment":"horizontal","validRecord":true,"dynamicSelectList":"[]","treeLevel":"form","publish":"yes","display_order_no":1,"field_error_msg":"","field_regular_exp":"","field_max_len":"250","isRepeatable":false,"layout":null,"labelcss":"col-sm-12 col-lg-3 col-md-12 text-right font8","controlcss":"col-sm-12 col-lg-9 col-md-12","lookup_form_id":"0","lookup_display_field":"[]","lookup_value_field":"","dateSetting":"none","dependentloopupid":"","dependent_filter_field":"","is_dependent_lookup":false,"is_display":true,"visible_stage":"","editable_stage":"","isAuditable":false,"isConfirm":false,"repeatable_save_as":null,"lookup_filter_value":"","lookup_view_field":"[]","section_dependent":false,"is_show_in_grid":false,"dependentInputField":false,"dependentInputValue":"","listgridselection":null,"field_unique":false,"autopopulate_visibility":"editable","advance_dependent_lookup":"[]","child_form_id":"","child_view_id":"","child_layout":"","child_json":null,"child_rule_filter":"","btn_input_json":"","is_section_hide":false,"link_with_form":false,"lookuplist":[],"seperator":"0","btn_input_param":null,"btn_output_param":null,"btn_readonly_param":null,"date_format":null,"color_value":null}]