[{"id":8,"field_name":"company_id","help_text":null,"filed_type":0,"field_binding":"company_id","field_visible":0,"field_enable":null,"field_no_duplicate":null,"field_required":null,"field_default_value":null,"field_error_msg":null,"field_regular_exp":null,"min_value":null,"max_value":null,"field_max_len":null,"section_column":"2","section_alignment":"horizontal","labelcss":null,"controlcss":null,"validRecord":null,"dynamicSelectList":[],"treeLevel":"control","lookup_form_id":null,"lookup_display_field":[],"lookup_value_field":null,"dateSetting":null,"parentid":3,"dependentloopupid":null,"dependent_filter_field":null,"is_dependent_lookup":null,"is_display":false,"Primay_foreign_key":"P","publish":"yes","layout":"1","repeatable_save_as":"json"},{"id":1,"field_name":"Company","help_text":"","filed_type":"1","field_binding":"company","field_visible":"always","field_enable":false,"field_no_duplicate":false,"field_required":false,"field_default_value":"","field_validation_error_msg":[],"min_value":"","max_value":"","section_column":"1","section_alignment":"horizontal","validRecord":true,"dynamicSelectList":"[]","treeLevel":"form","publish":"yes","display_order_no":1,"field_error_msg":"","field_regular_exp":"","field_max_len":"250","isRepeatable":false,"layout":null,"labelcss":"col-sm-12 col-lg-3 col-md-12 text-right font8","controlcss":"col-sm-12 col-lg-9 col-md-12","lookup_form_id":"0","lookup_display_field":"[]","lookup_value_field":"","dateSetting":"none","dependentloopupid":"","dependent_filter_field":"","is_dependent_lookup":false,"is_display":true,"visible_stage":"","editable_stage":"","isAuditable":false,"isConfirm":false,"repeatable_save_as":null,"lookup_filter_value":"","lookup_view_field":"[]","section_dependent":false,"is_show_in_grid":false,"dependentInputField":false,"dependentInputValue":"","listgridselection":null,"field_unique":false,"autopopulate_visibility":"editable","advance_dependent_lookup":"[]","child_form_id":"","child_view_id":"","child_layout":"","child_json":null,"child_rule_filter":"","btn_input_json":"","is_section_hide":false,"link_with_form":false,"lookuplist":[],"seperator":"0","btn_input_param":null,"btn_output_param":null,"btn_readonly_param":null,"date_format":null,"color_value":null,"controlwidth":"width-10","dependentLookupType":"","io_mapping_json":null},{"id":2,"field_name":"Company Details","help_text":"","filed_type":"17","field_binding":"company_details","field_visible":"always","field_enable":false,"field_no_duplicate":false,"field_required":false,"field_default_value":"","field_validation_error_msg":[],"min_value":"","max_value":"","section_column":"2","section_alignment":"horizontal","validRecord":true,"dynamicSelectList":"[]","treeLevel":"tab","parentid":1,"publish":"yes","display_order_no":2,"field_error_msg":"","field_regular_exp":"","field_max_len":"0","isRepeatable":false,"layout":null,"labelcss":"col-lg-4 col-md-12 col-sm-12 text-right font8","controlcss":"col-sm-12 col-lg-8 col-md-12","lookup_form_id":"0","lookup_display_field":"[]","lookup_value_field":"","dateSetting":"none","dependentloopupid":"","dependent_filter_field":"","is_dependent_lookup":false,"is_display":true,"visible_stage":"","editable_stage":"","isAuditable":false,"isConfirm":false,"repeatable_save_as":null,"lookup_filter_value":"","lookup_view_field":"[]","section_dependent":false,"is_show_in_grid":false,"dependentInputField":false,"dependentInputValue":"","listgridselection":null,"field_unique":false,"autopopulate_visibility":"editable","advance_dependent_lookup":"[]","child_form_id":"","child_view_id":"","child_layout":"","child_json":null,"child_rule_filter":"","btn_input_json":"","is_section_hide":false,"link_with_form":false,"lookuplist":[],"seperator":"0","btn_input_param":null,"btn_output_param":null,"btn_readonly_param":null,"date_format":null,"color_value":null,"dependentLookupType":"","controlwidth":"","io_mapping_json":null},{"id":3,"field_name":"COMPANY DETAILS","help_text":"","filed_type":"1","field_binding":"company","field_visible":"always","field_enable":false,"field_no_duplicate":false,"field_required":false,"field_default_value":"","field_validation_error_msg":[],"min_value":"","max_value":"","section_column":"2","section_alignment":"horizontal","validRecord":false,"dynamicSelectList":"[]","isRepeatable":false,"layout":"1","treeLevel":"section","parentid":2,"publish":"yes","field_error_msg":"","field_regular_exp":"","field_max_len":"250","labelcss":"col-lg-4 col-md-12 col-sm-12 text-right font8","controlcss":"col-sm-12 col-lg-8 col-md-12","lookup_form_id":"0","lookup_display_field":"[]","lookup_value_field":"","dateSetting":"none","dependentloopupid":"","dependent_filter_field":"","is_dependent_lookup":false,"is_display":true,"visible_stage":"","editable_stage":"","isAuditable":false,"isConfirm":false,"repeatable_save_as":null,"lookup_filter_value":"","lookup_view_field":"[]","section_dependent":false,"is_show_in_grid":false,"dependentInputField":false,"dependentInputValue":"","listgridselection":null,"field_unique":false,"autopopulate_visibility":"editable","advance_dependent_lookup":"[]","child_form_id":"","child_view_id":"","child_layout":"","child_json":null,"child_rule_filter":"","btn_input_json":"","is_section_hide":false,"link_with_form":false,"lookuplist":[],"seperator":"0","btn_input_param":null,"btn_output_param":null,"btn_readonly_param":null,"date_format":null,"color_value":null,"display_order_no":3,"dependentLookupType":"","controlwidth":"","io_mapping_json":null},{"id":4,"field_name":"Created By","help_text":"","filed_type":4,"field_binding":"createdby","field_visible":"always","field_enable":false,"field_no_duplicate":false,"field_required":false,"field_default_value":"","field_validation_error_msg":[],"min_value":"","max_value":"","section_column":"2","section_alignment":"horizontal","validRecord":false,"dynamicSelectList":[],"treeLevel":"control","field_max_len":"250","parentid":3,"publish":"yes","display_order_no":4,"layout":"1","repeatable_save_as":"json"},{"id":5,"field_name":"Created Date","help_text":"","filed_type":7,"field_binding":"createddate","field_visible":"always","field_enable":false,"field_no_duplicate":false,"field_required":false,"field_default_value":"","field_validation_error_msg":[],"min_value":"","max_value":"","section_column":"2","section_alignment":"horizontal","validRecord":false,"dynamicSelectList":[],"treeLevel":"control","parentid":3,"publish":"yes","display_order_no":5,"layout":"1","repeatable_save_as":"json"},{"id":6,"field_name":"Updated By","help_text":"","filed_type":4,"field_binding":"updatedby","field_visible":"always","field_enable":false,"field_no_duplicate":false,"field_required":false,"field_default_value":"","field_validation_error_msg":[],"min_value":"","max_value":"","section_column":"2","section_alignment":"horizontal","validRecord":false,"dynamicSelectList":[],"treeLevel":"control","field_max_len":"250","parentid":3,"publish":"yes","display_order_no":6,"layout":"1","repeatable_save_as":"json"},{"id":7,"field_name":"Updated Date","help_text":"","filed_type":7,"field_binding":"updateddate","field_visible":"always","field_enable":false,"field_no_duplicate":false,"field_required":false,"field_default_value":"","field_validation_error_msg":[],"min_value":"","max_value":"","section_column":"2","section_alignment":"horizontal","validRecord":false,"dynamicSelectList":[],"treeLevel":"control","parentid":3,"publish":"yes","display_order_no":7,"layout":"1","repeatable_save_as":"json"},{"id":9,"field_name":"Company Type","help_text":"","filed_type":"14","field_binding":"company_type","field_visible":"always","field_enable":false,"field_no_duplicate":false,"field_required":true,"field_default_value":"","field_error_msg":"","field_regular_exp":"","min_value":"","max_value":"","field_max_len":"0","section_column":"1","section_alignment":"horizontal","isRepeatable":false,"layout":"1","labelcss":"col-sm-12 col-lg-3 col-md-12 text-right font8","controlcss":"col-sm-12 col-lg-9 col-md-12","validRecord":false,"dynamicSelectList":"[]","treeLevel":"control","lookup_form_id":"app_tblsystemenum,290","lookup_display_field":"[{\"id\":\"varibale_name\",\"name\":\"Variable Name\"}]","lookup_value_field":"id","dateSetting":"none","parentid":3,"dependentloopupid":"0","dependent_filter_field":null,"is_dependent_lookup":false,"is_display":true,"publish":"yes","field_default_other_value":"0","visible_stage":"","editable_stage":"384","isAuditable":false,"isConfirm":false,"repeatable_save_as":null,"lookup_filter_value":"","lookup_view_field":"[]","section_dependent":false,"is_show_in_grid":false,"dependentInputField":false,"dependentInputValue":"","listgridselection":null,"field_unique":false,"autopopulate_visibility":"editable","advance_dependent_lookup":"[]","child_form_id":"","child_view_id":"","child_layout":"","child_json":null,"child_rule_filter":"","btn_input_json":"","is_section_hide":false,"link_with_form":false,"link_form_viewid":"0","lookuplist":[],"seperator":"0","btn_input_param":null,"btn_output_param":null,"btn_readonly_param":null,"date_format":null,"color_value":null,"filter_json":"[{\"type\":\"object\",\"operator\":\"and\",\"list\":[{\"type\":\"row\",\"id\":1,\"field_id\":\"varibale_type\",\"conditionList\":[],\"condition_id\":\"3\",\"control_type\":1,\"ddl\":[],\"value\":\"CompanyType\",\"month\":null,\"days\":null,\"is_session_value\":false,\"session_value\":\"0\"}]}]","display_order_no":8,"controlwidth":"width-10","dependentLookupType":"","io_mapping_json":null},{"id":10,"field_name":"Company Name","help_text":"","filed_type":"1","field_binding":"company_name","field_visible":"always","field_enable":false,"field_no_duplicate":false,"field_required":true,"field_default_value":"","field_error_msg":"","field_regular_exp":"","min_value":"","max_value":"","field_max_len":"250","section_column":"1","section_alignment":"horizontal","isRepeatable":false,"layout":"1","labelcss":"col-sm-12 col-lg-3 col-md-12 text-right font8","controlcss":"col-sm-12 col-lg-9 col-md-12","validRecord":false,"dynamicSelectList":"[]","treeLevel":"control","lookup_form_id":"0","lookup_display_field":"[]","lookup_value_field":"","dateSetting":"none","parentid":3,"dependentloopupid":"","dependent_filter_field":"","is_dependent_lookup":false,"is_display":true,"publish":"yes","visible_stage":"","editable_stage":"384","isAuditable":false,"isConfirm":false,"repeatable_save_as":null,"lookup_filter_value":"","lookup_view_field":"[]","section_dependent":false,"is_show_in_grid":false,"dependentInputField":false,"dependentInputValue":"","listgridselection":null,"field_unique":false,"autopopulate_visibility":"editable","advance_dependent_lookup":"[]","child_form_id":"","child_view_id":"","child_layout":"","child_json":null,"child_rule_filter":"","btn_input_json":"","is_section_hide":false,"link_with_form":false,"lookuplist":[],"seperator":"0","btn_input_param":null,"btn_output_param":null,"btn_readonly_param":null,"date_format":null,"color_value":null,"display_order_no":9,"controlwidth":"width-10","dependentLookupType":"","io_mapping_json":null},{"id":11,"field_name":"Company Representative Name","help_text":"","filed_type":"1","field_binding":"company_representative_name","field_visible":"always","field_enable":false,"field_no_duplicate":false,"field_required":true,"field_default_value":"","field_error_msg":"","field_regular_exp":"","min_value":"","max_value":"","field_max_len":"250","section_column":"1","section_alignment":"horizontal","isRepeatable":false,"layout":"1","labelcss":"col-sm-12 col-lg-3 col-md-12 text-right font8","controlcss":"col-sm-12 col-lg-9 col-md-12","validRecord":false,"dynamicSelectList":"[]","treeLevel":"control","lookup_form_id":"0","lookup_display_field":"[]","lookup_value_field":"","dateSetting":"none","parentid":3,"dependentloopupid":"","dependent_filter_field":"","is_dependent_lookup":false,"is_display":true,"publish":"yes","visible_stage":"","editable_stage":"384","isAuditable":false,"isConfirm":false,"repeatable_save_as":null,"lookup_filter_value":"","lookup_view_field":"[]","section_dependent":false,"is_show_in_grid":false,"dependentInputField":false,"dependentInputValue":"","listgridselection":null,"field_unique":false,"autopopulate_visibility":"editable","advance_dependent_lookup":"[]","child_form_id":"","child_view_id":"","child_layout":"","child_json":null,"child_rule_filter":"","btn_input_json":"","is_section_hide":false,"link_with_form":false,"lookuplist":[],"seperator":"0","btn_input_param":null,"btn_output_param":null,"btn_readonly_param":null,"date_format":null,"color_value":null,"display_order_no":10,"controlwidth":"width-10","dependentLookupType":"","io_mapping_json":null},{"id":12,"field_name":"Company Landline No","help_text":"","filed_type":"11","field_binding":"company_landline_no","field_visible":"always","field_enable":false,"field_no_duplicate":false,"field_required":false,"field_default_value":"","field_error_msg":"Please enter a valid phone number","field_regular_exp":"^[+]?[(]?[0-9]{3}[)]?[-s.]?[0-9]{3}[-s.]?[0-9]{4,6}$","min_value":"","max_value":"","field_max_len":"20","section_column":"1","section_alignment":"horizontal","isRepeatable":false,"layout":"1","labelcss":"col-sm-12 col-lg-3 col-md-12 text-right font8","controlcss":"col-sm-12 col-lg-9 col-md-12","validRecord":false,"dynamicSelectList":"[]","treeLevel":"control","lookup_form_id":"0","lookup_display_field":"[]","lookup_value_field":"","dateSetting":"none","parentid":3,"dependentloopupid":"","dependent_filter_field":"","is_dependent_lookup":false,"is_display":true,"publish":"yes","visible_stage":"","editable_stage":"384","isAuditable":false,"isConfirm":false,"repeatable_save_as":null,"lookup_filter_value":"","lookup_view_field":"[]","section_dependent":false,"is_show_in_grid":false,"dependentInputField":false,"dependentInputValue":"","listgridselection":null,"field_unique":false,"autopopulate_visibility":"editable","advance_dependent_lookup":"[]","child_form_id":"","child_view_id":"","child_layout":"","child_json":null,"child_rule_filter":"","btn_input_json":"","is_section_hide":false,"link_with_form":false,"lookuplist":[],"seperator":"0","btn_input_param":null,"btn_output_param":null,"btn_readonly_param":null,"date_format":null,"color_value":null,"display_order_no":11,"controlwidth":"width-10","dependentLookupType":"","io_mapping_json":null},{"id":13,"field_name":"Company Representative Mobile Number","help_text":"","filed_type":"1","field_binding":"company_mobile_number","field_visible":"always","field_enable":false,"field_no_duplicate":false,"field_required":true,"field_default_value":"","field_error_msg":"","field_regular_exp":"","min_value":"","max_value":"","field_max_len":"250","section_column":"1","section_alignment":"horizontal","isRepeatable":false,"layout":"1","labelcss":"col-sm-12 col-lg-3 col-md-12 text-right font8","controlcss":"col-sm-12 col-lg-9 col-md-12","validRecord":true,"dynamicSelectList":"[]","treeLevel":"control","lookup_form_id":"0","lookup_display_field":"[]","lookup_value_field":"","dateSetting":"none","parentid":3,"dependentloopupid":"","dependent_filter_field":"","is_dependent_lookup":false,"is_display":true,"publish":"yes","visible_stage":"","editable_stage":"349,384","isAuditable":false,"isConfirm":false,"repeatable_save_as":null,"lookup_filter_value":"","lookup_view_field":"[]","section_dependent":false,"is_show_in_grid":false,"dependentInputField":false,"dependentInputValue":"","listgridselection":null,"field_unique":false,"autopopulate_visibility":"editable","advance_dependent_lookup":"[]","child_form_id":"","child_view_id":"","child_layout":"","child_json":null,"child_rule_filter":"","btn_input_json":"","is_section_hide":false,"link_with_form":false,"lookuplist":[],"seperator":"0","btn_input_param":null,"btn_output_param":null,"btn_readonly_param":null,"date_format":null,"color_value":null,"display_order_no":12,"controlwidth":"width-10","dependentLookupType":"","io_mapping_json":null},{"id":14,"field_name":"PAN Number (e.g. ABCTY1234D)","help_text":"","filed_type":"1","field_binding":"company_pan","field_visible":"always","field_enable":false,"field_no_duplicate":false,"field_required":true,"field_default_value":"","field_error_msg":"Please enter PAN Number","field_regular_exp":"^([A-Z]){3}(C|P|H|F|A|T|B|L|J|G){1}([A-Z]){1}([0-9]){4}([A-Z]){1}?$","min_value":"","max_value":"","field_max_len":"250","section_column":"1","section_alignment":"horizontal","isRepeatable":false,"layout":"1","labelcss":"col-sm-12 col-lg-3 col-md-12 text-right font8","controlcss":"col-sm-12 col-lg-9 col-md-12","validRecord":false,"dynamicSelectList":"[]","treeLevel":"control","lookup_form_id":"0","lookup_display_field":"[]","lookup_value_field":"","dateSetting":"none","parentid":3,"dependentloopupid":"","dependent_filter_field":"","is_dependent_lookup":false,"is_display":true,"publish":"yes","visible_stage":"","editable_stage":"384","isAuditable":false,"isConfirm":false,"repeatable_save_as":null,"lookup_filter_value":"","lookup_view_field":"[]","section_dependent":false,"is_show_in_grid":false,"dependentInputField":false,"dependentInputValue":"","listgridselection":null,"field_unique":false,"autopopulate_visibility":"editable","advance_dependent_lookup":"[]","child_form_id":"","child_view_id":"","child_layout":"","child_json":null,"child_rule_filter":"","btn_input_json":"","is_section_hide":false,"link_with_form":false,"lookuplist":[],"seperator":"0","btn_input_param":null,"btn_output_param":null,"btn_readonly_param":null,"date_format":null,"color_value":null,"display_order_no":13,"controlwidth":"width-10","dependentLookupType":"","io_mapping_json":null},{"id":15,"field_name":"Company GSTIN (e.g. 37AADCS0472N2Z0)","help_text":"","filed_type":"1","field_binding":"company_gstin","field_visible":"always","field_enable":false,"field_no_duplicate":false,"field_required":true,"field_default_value":"","field_error_msg":"Please enter valid GSTIN","field_regular_exp":"^[0-9]{2}[A-Z]{5}[0-9]{4}[A-Z]{1}[1-9A-Z]{1}Z[0-9A-Z]{1}$","min_value":"","max_value":"","field_max_len":"250","section_column":"1","section_alignment":"horizontal","isRepeatable":false,"layout":"1","labelcss":"col-sm-12 col-lg-3 col-md-12 text-right font8","controlcss":"col-sm-12 col-lg-9 col-md-12","validRecord":false,"dynamicSelectList":"[]","treeLevel":"control","lookup_form_id":"0","lookup_display_field":"[]","lookup_value_field":"","dateSetting":"none","parentid":3,"dependentloopupid":"","dependent_filter_field":"","is_dependent_lookup":false,"is_display":true,"publish":"yes","visible_stage":"","editable_stage":"384","isAuditable":false,"isConfirm":false,"repeatable_save_as":null,"lookup_filter_value":"","lookup_view_field":"[]","section_dependent":false,"is_show_in_grid":false,"dependentInputField":false,"dependentInputValue":"","listgridselection":null,"field_unique":false,"autopopulate_visibility":"editable","advance_dependent_lookup":"[]","child_form_id":"","child_view_id":"","child_layout":"","child_json":null,"child_rule_filter":"","btn_input_json":"","is_section_hide":false,"link_with_form":false,"lookuplist":[],"seperator":"0","btn_input_param":null,"btn_output_param":null,"btn_readonly_param":null,"date_format":null,"color_value":null,"display_order_no":14,"controlwidth":"width-10","dependentLookupType":"","io_mapping_json":null},{"id":16,"field_name":"CIN (e.g. L21091KA2019OPC141331)","help_text":"","filed_type":"1","field_binding":"company_cin","field_visible":"always","field_enable":false,"field_no_duplicate":false,"field_required":false,"field_default_value":"","field_error_msg":"Please enter valid CIN","field_regular_exp":"^([L|U]{1})([0-9]{5})([A-Za-z]{2})([0-9]{4})([A-Za-z]{3})([0-9]{6})$","min_value":"","max_value":"","field_max_len":"250","section_column":"1","section_alignment":"horizontal","isRepeatable":false,"layout":"1","labelcss":"col-sm-12 col-lg-3 col-md-12 text-right font8","controlcss":"col-sm-12 col-lg-9 col-md-12","validRecord":false,"dynamicSelectList":"[]","treeLevel":"control","lookup_form_id":"0","lookup_display_field":"[]","lookup_value_field":"","dateSetting":"none","parentid":3,"dependentloopupid":"","dependent_filter_field":"","is_dependent_lookup":false,"is_display":true,"publish":"yes","visible_stage":"","editable_stage":"384","isAuditable":false,"isConfirm":false,"repeatable_save_as":null,"lookup_filter_value":"","lookup_view_field":"[]","section_dependent":false,"is_show_in_grid":false,"dependentInputField":false,"dependentInputValue":"","listgridselection":null,"field_unique":false,"autopopulate_visibility":"editable","advance_dependent_lookup":"[]","child_form_id":"","child_view_id":"","child_layout":"","child_json":null,"child_rule_filter":"","btn_input_json":"","is_section_hide":false,"link_with_form":false,"lookuplist":[],"seperator":"0","btn_input_param":null,"btn_output_param":null,"btn_readonly_param":null,"date_format":null,"color_value":null,"display_order_no":15,"controlwidth":"width-10","dependentLookupType":"","io_mapping_json":null},{"id":17,"field_name":"Email Id","help_text":"","filed_type":"3","field_binding":"company_rep_email","field_visible":"always","field_enable":false,"field_no_duplicate":false,"field_required":true,"field_default_value":"","field_error_msg":"Please enter a valid email","field_regular_exp":"^[a-z0-9._%+-]+@[a-z0-9.-]+.[a-z]{2,4}$","min_value":"","max_value":"","field_max_len":"150","section_column":"1","section_alignment":"horizontal","isRepeatable":false,"layout":"1","labelcss":"col-sm-12 col-lg-3 col-md-12 text-right font8","controlcss":"col-sm-12 col-lg-9 col-md-12","validRecord":false,"dynamicSelectList":"[]","treeLevel":"control","lookup_form_id":"0","lookup_display_field":"[]","lookup_value_field":"","dateSetting":"none","parentid":3,"dependentloopupid":"","dependent_filter_field":"","is_dependent_lookup":false,"is_display":true,"publish":"yes","visible_stage":"","editable_stage":"384","isAuditable":false,"isConfirm":false,"repeatable_save_as":null,"lookup_filter_value":"","lookup_view_field":"[]","section_dependent":false,"is_show_in_grid":false,"dependentInputField":false,"dependentInputValue":"","listgridselection":null,"field_unique":false,"autopopulate_visibility":"editable","advance_dependent_lookup":"[]","child_form_id":"","child_view_id":"","child_layout":"","child_json":null,"child_rule_filter":"","btn_input_json":"","is_section_hide":false,"link_with_form":false,"lookuplist":[],"seperator":"0","btn_input_param":null,"btn_output_param":null,"btn_readonly_param":null,"date_format":null,"color_value":null,"display_order_no":16,"controlwidth":"width-10","dependentLookupType":"","io_mapping_json":null},{"id":18,"field_name":"Current Amount Balance (INR)","help_text":"","filed_type":"13","field_binding":"current_amount_balance","field_visible":"always","field_enable":false,"field_no_duplicate":false,"field_required":false,"field_default_value":"0","field_error_msg":"","field_regular_exp":"","min_value":"","max_value":"","field_max_len":"0","section_column":"1","section_alignment":"horizontal","isRepeatable":false,"layout":"1","labelcss":"col-sm-12 col-lg-3 col-md-12 text-right font8","controlcss":"col-sm-12 col-lg-9 col-md-12","validRecord":false,"dynamicSelectList":"[]","treeLevel":"control","lookup_form_id":"0","lookup_display_field":"[]","lookup_value_field":"","dateSetting":"none","parentid":3,"dependentloopupid":"","dependent_filter_field":"","is_dependent_lookup":false,"is_display":true,"publish":"yes","visible_stage":"","editable_stage":"349,384","isAuditable":false,"isConfirm":false,"repeatable_save_as":null,"lookup_filter_value":"","lookup_view_field":"[]","section_dependent":false,"is_show_in_grid":false,"dependentInputField":false,"dependentInputValue":"","listgridselection":null,"field_unique":false,"autopopulate_visibility":"editable","advance_dependent_lookup":"[]","child_form_id":"","child_view_id":"","child_layout":"","child_json":null,"child_rule_filter":"","btn_input_json":"","is_section_hide":false,"link_with_form":false,"lookuplist":[],"seperator":"0","btn_input_param":null,"btn_output_param":null,"btn_readonly_param":null,"date_format":null,"color_value":null,"display_order_no":17,"controlwidth":"width-10","dependentLookupType":"","io_mapping_json":null},{"id":19,"field_name":"Login Password","help_text":"","filed_type":"1","field_binding":"login_password","field_visible":"none","field_enable":false,"field_no_duplicate":false,"field_required":false,"field_default_value":"","field_error_msg":"","field_regular_exp":"","min_value":"","max_value":"","field_max_len":"250","section_column":"1","section_alignment":"horizontal","isRepeatable":false,"layout":"1","labelcss":"col-sm-12 col-lg-3 col-md-12 text-right font8","controlcss":"col-sm-12 col-lg-9 col-md-12","validRecord":false,"dynamicSelectList":"[]","treeLevel":"control","lookup_form_id":"0","lookup_display_field":"[]","lookup_value_field":"","dateSetting":"none","parentid":3,"dependentloopupid":"","dependent_filter_field":"","is_dependent_lookup":false,"is_display":true,"publish":"yes","visible_stage":"","editable_stage":"349,384","isAuditable":false,"isConfirm":false,"repeatable_save_as":null,"lookup_filter_value":"","lookup_view_field":"[]","section_dependent":false,"is_show_in_grid":false,"dependentInputField":false,"dependentInputValue":"","listgridselection":null,"field_unique":false,"autopopulate_visibility":"editable","advance_dependent_lookup":"[]","child_form_id":"","child_view_id":"","child_layout":"","child_json":null,"child_rule_filter":"","btn_input_json":"","is_section_hide":false,"link_with_form":false,"lookuplist":[],"seperator":"0","btn_input_param":null,"btn_output_param":null,"btn_readonly_param":null,"date_format":null,"color_value":null,"display_order_no":18,"controlwidth":"width-10","dependentLookupType":"","io_mapping_json":null},{"id":20,"field_name":"Is Active","help_text":"","filed_type":"6","field_binding":"is_active","field_visible":"none","field_enable":false,"field_no_duplicate":false,"field_required":false,"field_default_value":"True","field_error_msg":"","field_regular_exp":"","min_value":"","max_value":"","field_max_len":"0","section_column":"1","section_alignment":"horizontal","isRepeatable":false,"layout":"1","labelcss":"col-sm-12 col-lg-3 col-md-12 text-right font8","controlcss":"col-sm-12 col-lg-9 col-md-12","validRecord":false,"dynamicSelectList":"[]","treeLevel":"control","lookup_form_id":"0","lookup_display_field":"[]","lookup_value_field":"","dateSetting":"none","parentid":3,"dependentloopupid":"","dependent_filter_field":"","is_dependent_lookup":false,"is_display":true,"publish":"yes","visible_stage":"","editable_stage":"384","isAuditable":false,"isConfirm":false,"repeatable_save_as":null,"lookup_filter_value":"","lookup_view_field":"[]","section_dependent":false,"is_show_in_grid":false,"dependentInputField":false,"dependentInputValue":"","listgridselection":null,"field_unique":false,"autopopulate_visibility":"editable","advance_dependent_lookup":"[]","child_form_id":"","child_view_id":"","child_layout":"","child_json":null,"child_rule_filter":"","btn_input_json":"","is_section_hide":false,"link_with_form":false,"lookuplist":[],"seperator":"0","btn_input_param":null,"btn_output_param":null,"btn_readonly_param":null,"date_format":null,"color_value":null,"display_order_no":19,"controlwidth":"width-10","dependentLookupType":"","io_mapping_json":null},{"id":21,"field_name":"Is Account Active","help_text":"","filed_type":"6","field_binding":"is_account_active","field_visible":"none","field_enable":false,"field_no_duplicate":false,"field_required":false,"field_default_value":"false","field_error_msg":"","field_regular_exp":"","min_value":"","max_value":"","field_max_len":"0","section_column":"1","section_alignment":"horizontal","isRepeatable":false,"layout":"1","labelcss":"col-sm-12 col-lg-3 col-md-12 text-right font8","controlcss":"col-sm-12 col-lg-9 col-md-12","validRecord":false,"dynamicSelectList":"[]","treeLevel":"control","lookup_form_id":"0","lookup_display_field":"[]","lookup_value_field":"","dateSetting":"none","parentid":3,"dependentloopupid":"","dependent_filter_field":"","is_dependent_lookup":false,"is_display":true,"publish":"yes","visible_stage":"","editable_stage":"384","isAuditable":false,"isConfirm":false,"repeatable_save_as":null,"lookup_filter_value":"","lookup_view_field":"[]","section_dependent":false,"is_show_in_grid":false,"dependentInputField":false,"dependentInputValue":"","listgridselection":null,"field_unique":false,"autopopulate_visibility":"editable","advance_dependent_lookup":"[]","child_form_id":"","child_view_id":"","child_layout":"","child_json":null,"child_rule_filter":"","btn_input_json":"","is_section_hide":false,"link_with_form":false,"lookuplist":[],"seperator":"0","btn_input_param":null,"btn_output_param":null,"btn_readonly_param":null,"date_format":null,"color_value":null,"display_order_no":20,"controlwidth":"width-10","dependentLookupType":"","io_mapping_json":null},{"id":22,"field_name":"Is Subscribed","help_text":"","filed_type":"6","field_binding":"is_subscribed","field_visible":"none","field_enable":false,"field_no_duplicate":false,"field_required":false,"field_default_value":"false","field_error_msg":"","field_regular_exp":"","min_value":"","max_value":"","field_max_len":"0","section_column":"1","section_alignment":"horizontal","isRepeatable":false,"layout":"1","labelcss":"col-sm-12 col-lg-3 col-md-12 text-right font8","controlcss":"col-sm-12 col-lg-9 col-md-12","validRecord":false,"dynamicSelectList":"[]","treeLevel":"control","lookup_form_id":"0","lookup_display_field":"[]","lookup_value_field":"","dateSetting":"none","parentid":3,"dependentloopupid":"","dependent_filter_field":"","is_dependent_lookup":false,"is_display":true,"publish":"yes","visible_stage":"","editable_stage":"384","isAuditable":false,"isConfirm":false,"repeatable_save_as":null,"lookup_filter_value":"","lookup_view_field":"[]","section_dependent":false,"is_show_in_grid":false,"dependentInputField":false,"dependentInputValue":"","listgridselection":null,"field_unique":false,"autopopulate_visibility":"editable","advance_dependent_lookup":"[]","child_form_id":"","child_view_id":"","child_layout":"","child_json":null,"child_rule_filter":"","btn_input_json":"","is_section_hide":false,"link_with_form":false,"lookuplist":[],"seperator":"0","btn_input_param":null,"btn_output_param":null,"btn_readonly_param":null,"date_format":null,"color_value":null,"display_order_no":21,"controlwidth":"width-10","dependentLookupType":"","io_mapping_json":null},{"id":36,"field_name":"Req No","help_text":"","filed_type":"1","field_binding":"req_no","field_visible":"none","field_enable":false,"field_no_duplicate":false,"field_required":false,"field_default_value":"","field_error_msg":"","field_regular_exp":"","min_value":"","max_value":"","field_max_len":"250","section_column":"1","section_alignment":"horizontal","isRepeatable":false,"layout":"1","labelcss":"col-sm-12 col-lg-3 col-md-12 text-right font8","controlcss":"col-sm-12 col-lg-9 col-md-12","validRecord":true,"dynamicSelectList":"[]","treeLevel":"control","lookup_form_id":"0","lookup_display_field":"[]","lookup_value_field":"","dateSetting":"none","parentid":3,"dependentloopupid":"","dependent_filter_field":"","is_dependent_lookup":false,"is_display":true,"publish":"no","visible_stage":"","editable_stage":"","isAuditable":false,"isConfirm":false,"repeatable_save_as":null,"lookup_filter_value":"","lookup_view_field":"[]","section_dependent":false,"is_show_in_grid":false,"dependentInputField":false,"dependentInputValue":"","dependentLookupType":"","listgridselection":null,"field_unique":false,"autopopulate_visibility":"editable","advance_dependent_lookup":"[]","child_form_id":"","child_view_id":"","child_layout":"","child_json":null,"child_rule_filter":"","btn_input_json":"","is_section_hide":false,"link_with_form":false,"lookuplist":[],"seperator":"0","btn_input_param":null,"btn_output_param":null,"btn_readonly_param":null,"date_format":null,"color_value":null,"controlwidth":"width-10","io_mapping_json":null,"display_order_no":22},{"id":23,"field_name":"COMPANY ADDRESS","help_text":"","filed_type":"1","field_binding":"section_2","field_visible":"always","field_enable":false,"field_no_duplicate":false,"field_required":false,"field_default_value":"","field_error_msg":"","field_regular_exp":"","min_value":"","max_value":"","field_max_len":"250","section_column":"2","section_alignment":"horizontal","isRepeatable":false,"layout":"1","labelcss":"col-lg-4 col-md-12 col-sm-12 text-right font8","controlcss":"col-sm-12 col-lg-8 col-md-12","validRecord":false,"dynamicSelectList":"[]","treeLevel":"section","lookup_form_id":"0","lookup_display_field":"[]","lookup_value_field":"","dateSetting":"none","parentid":2,"dependentloopupid":"","dependent_filter_field":"","is_dependent_lookup":false,"is_display":true,"publish":"yes","visible_stage":"","editable_stage":"","isAuditable":false,"isConfirm":false,"repeatable_save_as":null,"lookup_filter_value":"","lookup_view_field":"[]","section_dependent":false,"is_show_in_grid":false,"dependentInputField":false,"dependentInputValue":"","listgridselection":null,"field_unique":false,"autopopulate_visibility":"editable","advance_dependent_lookup":"[]","child_form_id":"","child_view_id":"","child_layout":"","child_json":null,"child_rule_filter":"","btn_input_json":"","is_section_hide":false,"link_with_form":false,"lookuplist":[],"seperator":"0","btn_input_param":null,"btn_output_param":null,"btn_readonly_param":null,"date_format":null,"color_value":null,"display_order_no":23,"dependentLookupType":"","controlwidth":"","io_mapping_json":null},{"id":24,"field_name":"Pin Code","help_text":"","filed_type":"19","field_binding":"company_pincode","field_visible":"always","field_enable":false,"field_no_duplicate":false,"field_required":true,"field_default_value":"","field_error_msg":"","field_regular_exp":"","min_value":"","max_value":"","field_max_len":"0","section_column":"1","section_alignment":"horizontal","isRepeatable":false,"layout":"1","labelcss":"col-sm-12 col-lg-3 col-md-12 text-right font8","controlcss":"col-sm-12 col-lg-9 col-md-12","validRecord":false,"dynamicSelectList":"[]","treeLevel":"control","lookup_form_id":"z_entitymast_pin_code_master_001,382","lookup_display_field":"[{\"id\":\"pin_code\",\"name\":\"Pin Code\"}]","lookup_value_field":"pin_code_master_id","dateSetting":"none","parentid":23,"dependentloopupid":"0","dependent_filter_field":null,"is_dependent_lookup":false,"is_display":true,"publish":"yes","visible_stage":"","editable_stage":"384","isAuditable":false,"isConfirm":false,"repeatable_save_as":null,"lookup_filter_value":"","lookup_view_field":"[]","section_dependent":false,"is_show_in_grid":false,"dependentInputField":false,"dependentInputValue":"","listgridselection":null,"field_unique":false,"autopopulate_visibility":"editable","advance_dependent_lookup":"[]","child_form_id":"","child_view_id":"","child_layout":"","child_json":null,"child_rule_filter":"","btn_input_json":"","is_section_hide":false,"link_with_form":false,"lookuplist":[{"field_binding":"sbi_lho_id","lookup_form_id":"z_entitymast_sbi_lho_master_001,435","lookup_display_field":[{"id":"lho_name","name":"LHO Name"}],"lookup_value_field":"sbi_lho_master_id"}],"seperator":"0","btn_input_param":null,"btn_output_param":null,"btn_readonly_param":null,"date_format":null,"color_value":null,"display_order_no":24,"field_default_other_value":"0","link_form_viewid":"0","controlwidth":"width-10","dependentLookupType":"","io_mapping_json":null},{"id":25,"field_name":"Company Address (Building No.)","help_text":"","filed_type":"1","field_binding":"company_address_building_no","field_visible":"always","field_enable":false,"field_no_duplicate":false,"field_required":false,"field_default_value":"","field_error_msg":"","field_regular_exp":"","min_value":"","max_value":"","field_max_len":"250","section_column":"1","section_alignment":"horizontal","isRepeatable":false,"layout":"1","labelcss":"col-sm-12 col-lg-3 col-md-12 text-right font8","controlcss":"col-sm-12 col-lg-9 col-md-12","validRecord":false,"dynamicSelectList":"[]","treeLevel":"control","lookup_form_id":"0","lookup_display_field":"[]","lookup_value_field":"","dateSetting":"none","parentid":23,"dependentloopupid":"","dependent_filter_field":"","is_dependent_lookup":false,"is_display":true,"publish":"yes","visible_stage":"","editable_stage":"384","isAuditable":false,"isConfirm":false,"repeatable_save_as":null,"lookup_filter_value":"","lookup_view_field":"[]","section_dependent":false,"is_show_in_grid":false,"dependentInputField":false,"dependentInputValue":"","listgridselection":null,"field_unique":false,"autopopulate_visibility":"editable","advance_dependent_lookup":"[]","child_form_id":"","child_view_id":"","child_layout":"","child_json":null,"child_rule_filter":"","btn_input_json":"","is_section_hide":false,"link_with_form":false,"lookuplist":[],"seperator":"0","btn_input_param":null,"btn_output_param":null,"btn_readonly_param":null,"date_format":null,"color_value":null,"display_order_no":25,"controlwidth":"width-10","dependentLookupType":"","io_mapping_json":null},{"id":26,"field_name":"Town","help_text":"","filed_type":"15","field_binding":"company_town","field_visible":"always","field_enable":false,"field_no_duplicate":false,"field_required":false,"field_default_value":"","field_error_msg":"","field_regular_exp":"","min_value":"","max_value":"","field_max_len":"0","section_column":"1","section_alignment":"horizontal","isRepeatable":false,"layout":"1","labelcss":"col-sm-12 col-lg-3 col-md-12 text-right font8","controlcss":"col-sm-12 col-lg-9 col-md-12","validRecord":false,"dynamicSelectList":"[]","treeLevel":"control","lookup_form_id":"z_entitydtl_city_pin_code_mapping_001,383","lookup_display_field":"[{\"id\":\"city_name\",\"name\":\"City Name\"}]","lookup_value_field":"city_pin_code_mapping_id","dateSetting":"none","parentid":23,"dependentloopupid":"company_pincode","dependent_filter_field":"pin_code_master_id","is_dependent_lookup":false,"is_display":true,"publish":"yes","visible_stage":"","editable_stage":"384","isAuditable":false,"isConfirm":false,"repeatable_save_as":null,"lookup_filter_value":"","lookup_view_field":"[]","section_dependent":false,"is_show_in_grid":false,"dependentInputField":false,"dependentInputValue":"","listgridselection":null,"field_unique":false,"autopopulate_visibility":"editable","advance_dependent_lookup":"[]","child_form_id":"","child_view_id":"","child_layout":"","child_json":null,"child_rule_filter":"","btn_input_json":"","is_section_hide":false,"link_with_form":false,"lookuplist":[{"field_binding":"pin_code_master_id","lookup_form_id":"z_entitymast_pin_code_master_001","lookup_display_field":[{"id":"pin_code","name":"Pin Code"}],"lookup_value_field":"pin_code_master_id"}],"seperator":"0","btn_input_param":null,"btn_output_param":null,"btn_readonly_param":null,"date_format":null,"color_value":null,"display_order_no":26,"field_default_other_value":"0","link_form_viewid":"0","controlwidth":"width-10","dependentLookupType":"19","io_mapping_json":null},{"id":27,"field_name":"District","help_text":"","filed_type":"24","field_binding":"company_district","field_visible":"always","field_enable":false,"field_no_duplicate":false,"field_required":false,"field_default_value":"","field_error_msg":"","field_regular_exp":"","min_value":"","max_value":"","field_max_len":"250","section_column":"1","section_alignment":"horizontal","isRepeatable":false,"layout":"1","labelcss":"col-sm-12 col-lg-3 col-md-12 text-right font8","controlcss":"col-sm-12 col-lg-9 col-md-12","validRecord":false,"dynamicSelectList":"[]","treeLevel":"control","lookup_form_id":"z_entitymast_pin_code_master_001,382","lookup_display_field":"[{\"id\":\"district_name\",\"name\":\"District Name\"}]","lookup_value_field":"pin_code_master_id","dateSetting":"none","parentid":23,"dependentloopupid":"company_pincode","dependent_filter_field":"pin_code_master_id","is_dependent_lookup":false,"is_display":true,"publish":"yes","visible_stage":"","editable_stage":"384","isAuditable":false,"isConfirm":false,"repeatable_save_as":null,"lookup_filter_value":"","lookup_view_field":"[]","section_dependent":false,"is_show_in_grid":false,"dependentInputField":false,"dependentInputValue":"","listgridselection":null,"field_unique":false,"autopopulate_visibility":"editable","advance_dependent_lookup":"[]","child_form_id":"","child_view_id":"","child_layout":"","child_json":null,"child_rule_filter":"","btn_input_json":"","is_section_hide":false,"link_with_form":false,"lookuplist":[{"field_binding":"sbi_lho_id","lookup_form_id":"z_entitymast_sbi_lho_master_001,435","lookup_display_field":[{"id":"lho_name","name":"LHO Name"}],"lookup_value_field":"sbi_lho_master_id"}],"seperator":"0","btn_input_param":null,"btn_output_param":null,"btn_readonly_param":null,"date_format":null,"color_value":null,"display_order_no":27,"controlwidth":"width-10","dependentLookupType":"19","io_mapping_json":null},{"id":28,"field_name":"State","help_text":"","filed_type":"24","field_binding":"company_state","field_visible":"always","field_enable":false,"field_no_duplicate":false,"field_required":false,"field_default_value":"","field_error_msg":"","field_regular_exp":"","min_value":"","max_value":"","field_max_len":"250","section_column":"1","section_alignment":"horizontal","isRepeatable":false,"layout":"1","labelcss":"col-sm-12 col-lg-3 col-md-12 text-right font8","controlcss":"col-sm-12 col-lg-9 col-md-12","validRecord":false,"dynamicSelectList":"[]","treeLevel":"control","lookup_form_id":"z_entitymast_pin_code_master_001,382","lookup_display_field":"[{\"id\":\"state_name\",\"name\":\"State Name\"}]","lookup_value_field":"pin_code_master_id","dateSetting":"none","parentid":23,"dependentloopupid":"company_pincode","dependent_filter_field":"pin_code_master_id","is_dependent_lookup":false,"is_display":true,"publish":"yes","visible_stage":"","editable_stage":"384","isAuditable":false,"isConfirm":false,"repeatable_save_as":null,"lookup_filter_value":"","lookup_view_field":"[]","section_dependent":false,"is_show_in_grid":false,"dependentInputField":false,"dependentInputValue":"","listgridselection":null,"field_unique":false,"autopopulate_visibility":"editable","advance_dependent_lookup":"[]","child_form_id":"","child_view_id":"","child_layout":"","child_json":null,"child_rule_filter":"","btn_input_json":"","is_section_hide":false,"link_with_form":false,"lookuplist":[{"field_binding":"sbi_lho_id","lookup_form_id":"z_entitymast_sbi_lho_master_001,435","lookup_display_field":[{"id":"lho_name","name":"LHO Name"}],"lookup_value_field":"sbi_lho_master_id"}],"seperator":"0","btn_input_param":null,"btn_output_param":null,"btn_readonly_param":null,"date_format":null,"color_value":null,"display_order_no":28,"controlwidth":"width-10","dependentLookupType":"19","io_mapping_json":null},{"id":32,"field_name":"Nearest SBI Branch Details","help_text":"","filed_type":"1","field_binding":"section_4","field_visible":"always","field_enable":false,"field_no_duplicate":false,"field_required":false,"field_default_value":"","field_error_msg":"","field_regular_exp":"","min_value":"","max_value":"","field_max_len":"250","section_column":"2","section_alignment":"horizontal","isRepeatable":false,"layout":"1","labelcss":"col-lg-4 col-md-12 col-sm-12 text-right font8","controlcss":"col-sm-12 col-lg-8 col-md-12","validRecord":false,"dynamicSelectList":"[]","treeLevel":"section","lookup_form_id":"0","lookup_display_field":"[]","lookup_value_field":"","dateSetting":"none","parentid":2,"dependentloopupid":"","dependent_filter_field":"","is_dependent_lookup":false,"is_display":true,"publish":"no","visible_stage":"","editable_stage":"","isAuditable":false,"isConfirm":false,"repeatable_save_as":null,"lookup_filter_value":"","lookup_view_field":"[]","section_dependent":false,"is_show_in_grid":false,"dependentInputField":false,"dependentInputValue":"","dependentLookupType":"","listgridselection":null,"field_unique":false,"autopopulate_visibility":"editable","advance_dependent_lookup":"[]","child_form_id":"","child_view_id":"","child_layout":"","child_json":null,"child_rule_filter":"","btn_input_json":"","is_section_hide":false,"link_with_form":false,"lookuplist":[],"seperator":"0","btn_input_param":null,"btn_output_param":null,"btn_readonly_param":null,"date_format":null,"color_value":null,"controlwidth":"","io_mapping_json":null,"display_order_no":29},{"id":33,"field_name":"SBI LHO ID","help_text":"","filed_type":"24","field_binding":"sbi_lho","field_visible":"always","field_enable":false,"field_no_duplicate":false,"field_required":false,"field_default_value":"","field_error_msg":"","field_regular_exp":"","min_value":"","max_value":"","field_max_len":"250","section_column":"1","section_alignment":"horizontal","isRepeatable":false,"layout":"1","labelcss":"col-sm-12 col-lg-3 col-md-12 text-right font8","controlcss":"col-sm-12 col-lg-9 col-md-12","validRecord":false,"dynamicSelectList":"[]","treeLevel":"control","lookup_form_id":"z_entitymast_pin_code_master_001,382","lookup_display_field":"[{\"id\":\"sbi_lho_id\",\"name\":\"SBI LHO\"}]","lookup_value_field":"pin_code_master_id","dateSetting":"none","parentid":32,"dependentloopupid":"company_pincode","dependent_filter_field":"pin_code_master_id","is_dependent_lookup":false,"is_display":true,"publish":"no","visible_stage":"","editable_stage":"384","isAuditable":false,"isConfirm":false,"repeatable_save_as":null,"lookup_filter_value":"","lookup_view_field":"[]","section_dependent":false,"is_show_in_grid":false,"dependentInputField":false,"dependentInputValue":"","dependentLookupType":"19","listgridselection":null,"field_unique":false,"autopopulate_visibility":"hidden","advance_dependent_lookup":"[]","child_form_id":"","child_view_id":"","child_layout":"","child_json":null,"child_rule_filter":"","btn_input_json":"","is_section_hide":false,"link_with_form":false,"lookuplist":[{"field_binding":"sbi_lho_id","lookup_form_id":"z_entitymast_sbi_lho_master_001,435","lookup_display_field":[{"id":"lho_name","name":"LHO Name"}],"lookup_value_field":"sbi_lho_master_id"}],"seperator":"0","btn_input_param":null,"btn_output_param":null,"btn_readonly_param":null,"date_format":null,"color_value":null,"controlwidth":"width-10","io_mapping_json":null,"display_order_no":30},{"id":34,"field_name":"SBI LHO","help_text":"","filed_type":"24","field_binding":"sbi_lho_id","field_visible":"always","field_enable":false,"field_no_duplicate":false,"field_required":true,"field_default_value":"","field_error_msg":"","field_regular_exp":"","min_value":"","max_value":"","field_max_len":"250","section_column":"1","section_alignment":"horizontal","isRepeatable":false,"layout":"1","labelcss":"col-sm-12 col-lg-3 col-md-12 text-right font8","controlcss":"col-sm-12 col-lg-9 col-md-12","validRecord":false,"dynamicSelectList":"[]","treeLevel":"control","lookup_form_id":"z_entitymast_sbi_lho_master_001,435","lookup_display_field":"[{\"id\":\"lho_name\",\"name\":\"LHO Name\"}]","lookup_value_field":"sbi_lho_master_id","dateSetting":"none","parentid":32,"dependentloopupid":"sbi_lho","dependent_filter_field":"sbi_lho_master_id","is_dependent_lookup":false,"is_display":true,"publish":"no","visible_stage":"","editable_stage":"384","isAuditable":false,"isConfirm":false,"repeatable_save_as":null,"lookup_filter_value":"","lookup_view_field":"[]","section_dependent":false,"is_show_in_grid":false,"dependentInputField":false,"dependentInputValue":"","dependentLookupType":"24","listgridselection":null,"field_unique":false,"autopopulate_visibility":"editable","advance_dependent_lookup":"[]","child_form_id":"","child_view_id":"","child_layout":"","child_json":null,"child_rule_filter":"","btn_input_json":"","is_section_hide":false,"link_with_form":false,"lookuplist":[],"seperator":"0","btn_input_param":null,"btn_output_param":null,"btn_readonly_param":null,"date_format":null,"color_value":null,"controlwidth":"width-10","io_mapping_json":null,"display_order_no":31},{"id":35,"field_name":"Branch Name","help_text":"","filed_type":"15","field_binding":"branch_name_id","field_visible":"always","field_enable":false,"field_no_duplicate":false,"field_required":true,"field_default_value":"","field_error_msg":"","field_regular_exp":"","min_value":"","max_value":"","field_max_len":"0","section_column":"1","section_alignment":"horizontal","isRepeatable":false,"layout":"1","labelcss":"col-sm-12 col-lg-3 col-md-12 text-right font8","controlcss":"col-sm-12 col-lg-9 col-md-12","validRecord":true,"dynamicSelectList":"[]","treeLevel":"control","lookup_form_id":"z_entitydtl_sbi_branch_001,436","lookup_display_field":"[{\"id\":\"branch_name\",\"name\":\"Branch Name\"}]","lookup_value_field":"sbi_branch_id","dateSetting":"none","parentid":32,"dependentloopupid":"sbi_lho","dependent_filter_field":"sbi_lho_master_id","is_dependent_lookup":false,"is_display":true,"publish":"no","field_default_other_value":"0","visible_stage":"","editable_stage":"384","isAuditable":false,"isConfirm":false,"repeatable_save_as":null,"lookup_filter_value":"","lookup_view_field":"[]","section_dependent":false,"is_show_in_grid":false,"dependentInputField":false,"dependentInputValue":"","dependentLookupType":"24","listgridselection":null,"field_unique":false,"autopopulate_visibility":"editable","advance_dependent_lookup":"[]","child_form_id":"","child_view_id":"","child_layout":"","child_json":null,"child_rule_filter":"","btn_input_json":"","is_section_hide":false,"link_with_form":false,"link_form_viewid":"0","lookuplist":[{"field_binding":"sbi_lho_master_id","lookup_form_id":"z_entitymast_sbi_lho_master_001,435","lookup_display_field":[{"id":"lho_name","name":"LHO Name"}],"lookup_value_field":"sbi_lho_master_id"}],"seperator":"0","btn_input_param":null,"btn_output_param":null,"btn_readonly_param":null,"date_format":null,"color_value":null,"controlwidth":"width-10","io_mapping_json":null,"display_order_no":32},{"id":30,"field_name":"Approval Section","help_text":"","filed_type":"1","field_binding":"section_3","field_visible":"none","field_enable":false,"field_no_duplicate":false,"field_required":false,"field_default_value":"","field_error_msg":"","field_regular_exp":"","min_value":"","max_value":"","field_max_len":"250","section_column":"2","section_alignment":"horizontal","isRepeatable":false,"layout":"1","labelcss":"col-lg-4 col-md-12 col-sm-12 text-right font8","controlcss":"col-sm-12 col-lg-8 col-md-12","validRecord":true,"dynamicSelectList":"[]","treeLevel":"section","lookup_form_id":"0","lookup_display_field":"[]","lookup_value_field":"","dateSetting":"none","parentid":2,"dependentloopupid":"","dependent_filter_field":"","is_dependent_lookup":false,"is_display":true,"publish":"no","visible_stage":"384","editable_stage":"","isAuditable":false,"isConfirm":false,"repeatable_save_as":null,"lookup_filter_value":"","lookup_view_field":"[]","section_dependent":false,"is_show_in_grid":false,"dependentInputField":false,"dependentInputValue":"","dependentLookupType":"","listgridselection":null,"field_unique":false,"autopopulate_visibility":"editable","advance_dependent_lookup":"[]","child_form_id":"","child_view_id":"","child_layout":"","child_json":null,"child_rule_filter":"","btn_input_json":"","is_section_hide":false,"link_with_form":false,"lookuplist":[],"seperator":"0","btn_input_param":null,"btn_output_param":null,"btn_readonly_param":null,"date_format":null,"color_value":null,"controlwidth":"","io_mapping_json":null,"display_order_no":33},{"id":29,"field_name":"Status","help_text":"","filed_type":"10","field_binding":"is_sbi_approval","field_visible":"always","field_enable":false,"field_no_duplicate":false,"field_required":false,"field_default_value":"","field_error_msg":"","field_regular_exp":"","min_value":"","max_value":"","field_max_len":"250","section_column":"1","section_alignment":"horizontal","isRepeatable":false,"layout":"1","labelcss":"col-sm-12 col-lg-3 col-md-12 text-right font8","controlcss":"col-sm-12 col-lg-9 col-md-12","validRecord":true,"dynamicSelectList":"[{\"text\":\"approved\",\"binding\":\"Approved\"},{\"text\":\"rejected\",\"binding\":\"Rejected\"},{\"text\":\"pending\",\"binding\":\"Pending\"}]","treeLevel":"control","lookup_form_id":"0","lookup_display_field":"[]","lookup_value_field":"","dateSetting":"none","parentid":30,"dependentloopupid":"","dependent_filter_field":"","is_dependent_lookup":false,"is_display":true,"publish":"yes","visible_stage":"384","editable_stage":"","isAuditable":false,"isConfirm":false,"repeatable_save_as":null,"lookup_filter_value":"","lookup_view_field":"[]","section_dependent":false,"is_show_in_grid":false,"dependentInputField":false,"dependentInputValue":"","dependentLookupType":"","listgridselection":null,"field_unique":false,"autopopulate_visibility":"editable","advance_dependent_lookup":"[]","child_form_id":"","child_view_id":"","child_layout":"","child_json":null,"child_rule_filter":"","btn_input_json":"","is_section_hide":false,"link_with_form":false,"lookuplist":[],"seperator":"0","btn_input_param":null,"btn_output_param":null,"btn_readonly_param":null,"date_format":null,"color_value":null,"controlwidth":"width-8","io_mapping_json":null,"display_order_no":34},{"id":31,"field_name":"Remarks","help_text":"","filed_type":"1","field_binding":"remarks","field_visible":"always","field_enable":false,"field_no_duplicate":false,"field_required":false,"field_default_value":"","field_error_msg":"","field_regular_exp":"","min_value":"","max_value":"","field_max_len":"250","section_column":"1","section_alignment":"horizontal","isRepeatable":false,"layout":"1","labelcss":"col-sm-12 col-lg-3 col-md-12 text-right font8","controlcss":"col-sm-12 col-lg-9 col-md-12","validRecord":true,"dynamicSelectList":"[]","treeLevel":"control","lookup_form_id":"0","lookup_display_field":"[]","lookup_value_field":"","dateSetting":"none","parentid":30,"dependentloopupid":"","dependent_filter_field":"","is_dependent_lookup":false,"is_display":true,"publish":"no","display_order_no":35,"visible_stage":"384","editable_stage":"","isAuditable":false,"isConfirm":false,"repeatable_save_as":null,"lookup_filter_value":"","lookup_view_field":"[]","section_dependent":false,"is_show_in_grid":false,"dependentInputField":false,"dependentInputValue":"","dependentLookupType":"","listgridselection":null,"field_unique":false,"autopopulate_visibility":"editable","advance_dependent_lookup":"[]","child_form_id":"","child_view_id":"","child_layout":"","child_json":null,"child_rule_filter":"","btn_input_json":"","is_section_hide":false,"link_with_form":false,"lookuplist":[],"seperator":"0","btn_input_param":null,"btn_output_param":null,"btn_readonly_param":null,"date_format":null,"color_value":null,"controlwidth":"width-8","io_mapping_json":null}]