[{"id":49,"field_name":"company_subscription_id","help_text":null,"filed_type":0,"field_binding":"company_subscription_id","field_visible":0,"field_enable":null,"field_no_duplicate":null,"field_required":null,"field_default_value":null,"field_error_msg":null,"field_regular_exp":null,"min_value":null,"max_value":null,"field_max_len":null,"section_column":null,"section_alignment":null,"labelcss":null,"controlcss":null,"validRecord":null,"dynamicSelectList":[],"treeLevel":"control","lookup_form_id":null,"lookup_display_field":[],"lookup_value_field":null,"dateSetting":null,"parentid":3,"dependentloopupid":null,"dependent_filter_field":null,"is_dependent_lookup":null,"is_display":false,"Primay_foreign_key":"P","publish":"no"},{"id":48,"field_name":"Is Kit Number","help_text":"","filed_type":"5","field_binding":"is_kit_uploaded","field_visible":"always","field_enable":false,"field_no_duplicate":false,"field_required":true,"field_default_value":"","field_error_msg":"","field_regular_exp":"","min_value":"","max_value":"","field_max_len":"250","section_column":"1","section_alignment":"horizontal","isRepeatable":false,"layout":"1","labelcss":"col-sm-12 col-lg-3 col-md-12 text-right font8","controlcss":"col-sm-12 col-lg-9 col-md-12","validRecord":false,"dynamicSelectList":"[{\"text\":\"Y\",\"binding\":\"Yes\"},{\"text\":\"N\",\"binding\":\"No\"}]","treeLevel":"control","lookup_form_id":"0","lookup_display_field":"[]","lookup_value_field":"","dateSetting":"none","parentid":42,"dependentloopupid":"","dependent_filter_field":"","is_dependent_lookup":false,"is_display":true,"publish":"no","visible_stage":"2","editable_stage":"","isAuditable":false,"isConfirm":false,"repeatable_save_as":null,"lookup_filter_value":"","lookup_view_field":"[]","section_dependent":false,"is_show_in_grid":false,"dependentInputField":false,"dependentInputValue":"","dependentLookupType":"","listgridselection":null,"field_unique":false,"autopopulate_visibility":"editable","advance_dependent_lookup":"[]","child_form_id":"","child_view_id":"","child_layout":"","child_json":null,"child_rule_filter":"","btn_input_json":"","is_section_hide":false,"link_with_form":false,"lookuplist":[],"seperator":"0","btn_input_param":null,"btn_output_param":null,"btn_readonly_param":null,"date_format":null,"color_value":null,"controlwidth":"width-8","io_mapping_json":null,"display_order_no":42},{"id":47,"field_name":"No of Kits","help_text":"","filed_type":"4","field_binding":"no_of_kits","field_visible":"always","field_enable":false,"field_no_duplicate":false,"field_required":false,"field_default_value":"","field_error_msg":"","field_regular_exp":"","min_value":"","max_value":"","field_max_len":"0","section_column":"1","section_alignment":"horizontal","isRepeatable":false,"layout":"1","labelcss":"col-sm-12 col-lg-3 col-md-12 text-right font8","controlcss":"col-sm-12 col-lg-9 col-md-12","validRecord":false,"dynamicSelectList":"[]","treeLevel":"control","lookup_form_id":"0","lookup_display_field":"[]","lookup_value_field":"","dateSetting":"none","parentid":42,"dependentloopupid":"","dependent_filter_field":"","is_dependent_lookup":false,"is_display":true,"publish":"no","field_default_other_value":"0","visible_stage":"2","editable_stage":"","isAuditable":false,"isConfirm":false,"repeatable_save_as":null,"lookup_filter_value":"","lookup_view_field":"[]","section_dependent":false,"is_show_in_grid":false,"dependentInputField":false,"dependentInputValue":"","dependentLookupType":"","listgridselection":null,"field_unique":false,"autopopulate_visibility":"editable","advance_dependent_lookup":"[]","child_form_id":"","child_view_id":"","child_layout":"","child_json":null,"child_rule_filter":"","btn_input_json":"","is_section_hide":false,"link_with_form":false,"lookuplist":[],"seperator":"0","btn_input_param":null,"btn_output_param":null,"btn_readonly_param":null,"date_format":null,"color_value":null,"controlwidth":"width-8","io_mapping_json":null,"display_order_no":41},{"id":46,"field_name":"Order Status","help_text":"","filed_type":"14","field_binding":"order_status_id","field_visible":"always","field_enable":false,"field_no_duplicate":false,"field_required":false,"field_default_value":"","field_error_msg":"","field_regular_exp":"","min_value":"","max_value":"","field_max_len":"0","section_column":"1","section_alignment":"horizontal","isRepeatable":false,"layout":"1","labelcss":"col-sm-12 col-lg-3 col-md-12 text-right font8","controlcss":"col-sm-12 col-lg-9 col-md-12","validRecord":true,"dynamicSelectList":"[]","treeLevel":"control","lookup_form_id":"app_tblsystemenum,290","lookup_display_field":"[{\"id\":\"varibale_name\",\"name\":\"Variable Name\"}]","lookup_value_field":"id","dateSetting":"none","parentid":42,"dependentloopupid":"0","dependent_filter_field":null,"is_dependent_lookup":false,"is_display":true,"publish":"no","filter_json":"[{\"type\":\"object\",\"operator\":\"and\",\"list\":[{\"type\":\"row\",\"id\":1,\"field_id\":\"varibale_type\",\"conditionList\":[],\"condition_id\":\"3\",\"control_type\":1,\"ddl\":[],\"value\":\"OrderStatus\",\"month\":null,\"days\":null,\"is_session_value\":false,\"session_value\":\"0\"}]}]","field_default_other_value":"0","visible_stage":"2","editable_stage":"","isAuditable":false,"isConfirm":false,"repeatable_save_as":null,"lookup_filter_value":"","lookup_view_field":"[]","section_dependent":false,"is_show_in_grid":false,"dependentInputField":false,"dependentInputValue":"","dependentLookupType":"","listgridselection":null,"field_unique":false,"autopopulate_visibility":"editable","advance_dependent_lookup":"[]","child_form_id":"","child_view_id":"","child_layout":"","child_json":null,"child_rule_filter":"","btn_input_json":"","is_section_hide":false,"link_with_form":false,"link_form_viewid":"0","lookuplist":[],"seperator":"0","btn_input_param":null,"btn_output_param":null,"btn_readonly_param":null,"date_format":null,"color_value":null,"controlwidth":"width-8","io_mapping_json":null,"display_order_no":40},{"id":42,"field_name":"BankIT Operation","help_text":"","filed_type":"1","field_binding":"section_6","field_visible":"always","field_enable":false,"field_no_duplicate":false,"field_required":false,"field_default_value":"","field_error_msg":"","field_regular_exp":"","min_value":"","max_value":"","field_max_len":"250","section_column":"2","section_alignment":"horizontal","isRepeatable":false,"layout":"1","labelcss":"col-lg-4 col-md-12 col-sm-12 text-right font8","controlcss":"col-sm-12 col-lg-8 col-md-12","validRecord":true,"dynamicSelectList":"[]","treeLevel":"section","lookup_form_id":"0","lookup_display_field":"[]","lookup_value_field":"","dateSetting":"none","parentid":2,"dependentloopupid":"","dependent_filter_field":"","is_dependent_lookup":false,"is_display":true,"publish":"no","visible_stage":"2","editable_stage":"","isAuditable":false,"isConfirm":false,"repeatable_save_as":null,"lookup_filter_value":"","lookup_view_field":"[]","section_dependent":false,"is_show_in_grid":false,"dependentInputField":false,"dependentInputValue":"","dependentLookupType":"","listgridselection":null,"field_unique":false,"autopopulate_visibility":"editable","advance_dependent_lookup":"[]","child_form_id":"","child_view_id":"","child_layout":"","child_json":null,"child_rule_filter":"","btn_input_json":"","is_section_hide":false,"link_with_form":false,"lookuplist":[],"seperator":"0","btn_input_param":null,"btn_output_param":null,"btn_readonly_param":null,"date_format":null,"color_value":null,"controlwidth":"","io_mapping_json":null,"display_order_no":39},{"id":41,"field_name":"Order Status","help_text":"","filed_type":"10","field_binding":"order_status","field_visible":"none","field_enable":false,"field_no_duplicate":false,"field_required":false,"field_default_value":"","field_error_msg":"","field_regular_exp":"","min_value":"","max_value":"","field_max_len":"250","section_column":"1","section_alignment":"horizontal","isRepeatable":false,"layout":"1","labelcss":"col-sm-12 col-lg-3 col-md-12 text-right font8","controlcss":"col-sm-12 col-lg-9 col-md-12","validRecord":false,"dynamicSelectList":"[{\"text\":\"dispatched\",\"binding\":\"Dispatched\"},{\"text\":\"delivered\",\"binding\":\"Delivered\"},{\"text\":\"cancelled\",\"binding\":\"Cancelled\"}]","treeLevel":"control","lookup_form_id":"0","lookup_display_field":"[]","lookup_value_field":"","dateSetting":"none","parentid":39,"dependentloopupid":"","dependent_filter_field":"","is_dependent_lookup":false,"is_display":true,"publish":"no","visible_stage":"389","editable_stage":"","isAuditable":false,"isConfirm":false,"repeatable_save_as":null,"lookup_filter_value":"","lookup_view_field":"[]","section_dependent":false,"is_show_in_grid":false,"dependentInputField":false,"dependentInputValue":"","dependentLookupType":"","listgridselection":null,"field_unique":false,"autopopulate_visibility":"editable","advance_dependent_lookup":"[]","child_form_id":"","child_view_id":"","child_layout":"","child_json":null,"child_rule_filter":"","btn_input_json":"","is_section_hide":false,"link_with_form":false,"lookuplist":[],"seperator":"0","btn_input_param":null,"btn_output_param":null,"btn_readonly_param":null,"date_format":null,"color_value":null,"controlwidth":"width-10","io_mapping_json":null,"display_order_no":38},{"id":40,"field_name":"Remarks","help_text":"","filed_type":"1","field_binding":"remark","field_visible":"none","field_enable":false,"field_no_duplicate":false,"field_required":false,"field_default_value":"","field_error_msg":"","field_regular_exp":"","min_value":"","max_value":"","field_max_len":"250","section_column":"1","section_alignment":"horizontal","isRepeatable":false,"layout":"1","labelcss":"col-sm-12 col-lg-3 col-md-12 text-right font8","controlcss":"col-sm-12 col-lg-9 col-md-12","validRecord":false,"dynamicSelectList":"[]","treeLevel":"control","lookup_form_id":"0","lookup_display_field":"[]","lookup_value_field":"","dateSetting":"none","parentid":39,"dependentloopupid":"","dependent_filter_field":"","is_dependent_lookup":false,"is_display":true,"publish":"yes","visible_stage":"387","editable_stage":"350,364","isAuditable":false,"isConfirm":false,"repeatable_save_as":null,"lookup_filter_value":"","lookup_view_field":"[]","section_dependent":false,"is_show_in_grid":false,"dependentInputField":false,"dependentInputValue":"","dependentLookupType":"","listgridselection":null,"field_unique":false,"autopopulate_visibility":"editable","advance_dependent_lookup":"[]","child_form_id":"","child_view_id":"","child_layout":"","child_json":null,"child_rule_filter":"","btn_input_json":"","is_section_hide":false,"link_with_form":false,"lookuplist":[],"seperator":"0","btn_input_param":null,"btn_output_param":null,"btn_readonly_param":null,"date_format":null,"color_value":null,"controlwidth":"width-10","io_mapping_json":null,"display_order_no":37},{"id":39,"field_name":"Approval Section","help_text":"","filed_type":"1","field_binding":"section_5","field_visible":"none","field_enable":false,"field_no_duplicate":false,"field_required":false,"field_default_value":"","field_error_msg":"","field_regular_exp":"","min_value":"","max_value":"","field_max_len":"250","section_column":"2","section_alignment":"horizontal","isRepeatable":false,"layout":"1","labelcss":"col-lg-4 col-md-12 col-sm-12 text-right font8","controlcss":"col-sm-12 col-lg-8 col-md-12","validRecord":false,"dynamicSelectList":"[]","treeLevel":"section","lookup_form_id":"0","lookup_display_field":"[]","lookup_value_field":"","dateSetting":"none","parentid":2,"dependentloopupid":"","dependent_filter_field":"","is_dependent_lookup":false,"is_display":true,"publish":"yes","visible_stage":"387,389","editable_stage":"350,364","isAuditable":false,"isConfirm":false,"repeatable_save_as":null,"lookup_filter_value":"","lookup_view_field":"[]","section_dependent":false,"is_show_in_grid":false,"dependentInputField":false,"dependentInputValue":"","dependentLookupType":"","listgridselection":null,"field_unique":false,"autopopulate_visibility":"editable","advance_dependent_lookup":"[]","child_form_id":"","child_view_id":"","child_layout":"","child_json":null,"child_rule_filter":"","btn_input_json":"","is_section_hide":false,"link_with_form":false,"lookuplist":[],"seperator":"0","btn_input_param":null,"btn_output_param":null,"btn_readonly_param":null,"date_format":null,"color_value":null,"controlwidth":"","io_mapping_json":null,"display_order_no":35},{"id":38,"field_name":"Status","help_text":"","filed_type":"10","field_binding":"is_sbi_approved","field_visible":"none","field_enable":false,"field_no_duplicate":false,"field_required":false,"field_default_value":"","field_error_msg":"","field_regular_exp":"","min_value":"","max_value":"","field_max_len":"250","section_column":"1","section_alignment":"horizontal","isRepeatable":false,"layout":"1","labelcss":"col-sm-12 col-lg-3 col-md-12 text-right font8","controlcss":"col-sm-12 col-lg-9 col-md-12","validRecord":false,"dynamicSelectList":"[{\"text\":\"approved\",\"binding\":\"Approved\"},{\"text\":\"rejected\",\"binding\":\"Rejected\"},{\"text\":\"pending\",\"binding\":\"Pending\"}]","treeLevel":"control","lookup_form_id":"0","lookup_display_field":"[]","lookup_value_field":"","dateSetting":"none","parentid":39,"dependentloopupid":"","dependent_filter_field":"","is_dependent_lookup":false,"is_display":true,"publish":"yes","visible_stage":"387","editable_stage":"","isAuditable":false,"isConfirm":false,"repeatable_save_as":null,"lookup_filter_value":"","lookup_view_field":"[]","section_dependent":false,"is_show_in_grid":false,"dependentInputField":false,"dependentInputValue":"","dependentLookupType":"","listgridselection":null,"field_unique":false,"autopopulate_visibility":"editable","advance_dependent_lookup":"[]","child_form_id":"","child_view_id":"","child_layout":"","child_json":null,"child_rule_filter":"","btn_input_json":"","is_section_hide":false,"link_with_form":false,"lookuplist":[],"seperator":"0","btn_input_param":null,"btn_output_param":null,"btn_readonly_param":null,"date_format":null,"color_value":null,"controlwidth":"width-10","io_mapping_json":null,"display_order_no":36},{"id":37,"field_name":"Package Name","help_text":"","filed_type":"14","field_binding":"package_id","field_visible":"always","field_enable":false,"field_no_duplicate":false,"field_required":false,"field_default_value":"","field_error_msg":"","field_regular_exp":"","min_value":"","max_value":"","field_max_len":"0","section_column":"1","section_alignment":"horizontal","isRepeatable":false,"layout":"1","labelcss":"col-sm-12 col-lg-3 col-md-12 text-right font8","controlcss":"col-sm-12 col-lg-9 col-md-12","validRecord":false,"dynamicSelectList":"[]","treeLevel":"control","lookup_form_id":"z_entitymast_manage_packages_001,375","lookup_display_field":"[{\"id\":\"package_title\",\"name\":\"Package Title\"}]","lookup_value_field":"manage_packages_id","dateSetting":"none","parentid":3,"dependentloopupid":"0","dependent_filter_field":null,"is_dependent_lookup":false,"is_display":true,"publish":"yes","field_default_other_value":"session_office","visible_stage":"","editable_stage":"350,387","isAuditable":false,"isConfirm":false,"repeatable_save_as":null,"lookup_filter_value":"","lookup_view_field":"[]","section_dependent":false,"is_show_in_grid":false,"dependentInputField":false,"dependentInputValue":"","listgridselection":null,"field_unique":false,"autopopulate_visibility":"editable","advance_dependent_lookup":"[]","child_form_id":"","child_view_id":"","child_layout":"","child_json":null,"child_rule_filter":"","btn_input_json":"","is_section_hide":false,"link_with_form":false,"link_form_viewid":"0","lookuplist":[{"field_binding":"card_type","lookup_form_id":"app_tblsystemenum,290","lookup_display_field":[{"id":"varibale_name","name":"Variable Name"}],"lookup_value_field":"id"}],"seperator":"0","btn_input_param":null,"btn_output_param":null,"btn_readonly_param":null,"date_format":null,"color_value":null,"controlwidth":"width-8","display_order_no":8,"dependentLookupType":"","io_mapping_json":null},{"id":35,"field_name":"State","help_text":"","filed_type":"24","field_binding":"shipping_state","field_visible":"always","field_enable":false,"field_no_duplicate":false,"field_required":false,"field_default_value":"","field_error_msg":"","field_regular_exp":"","min_value":"","max_value":"","field_max_len":"250","section_column":"1","section_alignment":"horizontal","isRepeatable":false,"layout":"1","labelcss":"col-sm-12 col-lg-3 col-md-12 text-right font8","controlcss":"col-sm-12 col-lg-9 col-md-12","validRecord":true,"dynamicSelectList":"[]","treeLevel":"control","lookup_form_id":"z_entitymast_pin_code_master_001,382","lookup_display_field":"[{\"id\":\"state_name\",\"name\":\"State Name\"}]","lookup_value_field":"pin_code_master_id","dateSetting":"none","parentid":24,"dependentloopupid":"0","dependent_filter_field":null,"is_dependent_lookup":false,"is_display":true,"publish":"yes","visible_stage":"","editable_stage":"3,2,4","isAuditable":false,"isConfirm":false,"repeatable_save_as":null,"lookup_filter_value":"","lookup_view_field":"[]","section_dependent":false,"is_show_in_grid":false,"dependentInputField":false,"dependentInputValue":"","listgridselection":null,"field_unique":false,"autopopulate_visibility":"editable","advance_dependent_lookup":"[]","child_form_id":"","child_view_id":"","child_layout":"","child_json":null,"child_rule_filter":"","btn_input_json":"","is_section_hide":false,"link_with_form":false,"lookuplist":[{"field_binding":"sbi_lho_id","lookup_form_id":"z_entitymast_sbi_lho_master_001,435","lookup_display_field":[{"id":"lho_name","name":"LHO Name"}],"lookup_value_field":"sbi_lho_master_id"}],"seperator":"0","btn_input_param":null,"btn_output_param":null,"btn_readonly_param":null,"date_format":null,"color_value":null,"display_order_no":34,"controlwidth":"width-8","dependentLookupType":"","io_mapping_json":null},{"id":34,"field_name":"District","help_text":"","filed_type":"24","field_binding":"shipping_district","field_visible":"always","field_enable":false,"field_no_duplicate":false,"field_required":false,"field_default_value":"","field_error_msg":"","field_regular_exp":"","min_value":"","max_value":"","field_max_len":"250","section_column":"1","section_alignment":"horizontal","isRepeatable":false,"layout":"1","labelcss":"col-sm-12 col-lg-3 col-md-12 text-right font8","controlcss":"col-sm-12 col-lg-9 col-md-12","validRecord":false,"dynamicSelectList":"[]","treeLevel":"control","lookup_form_id":"z_entitymast_pin_code_master_001,382","lookup_display_field":"[{\"id\":\"district_name\",\"name\":\"District Name\"}]","lookup_value_field":"pin_code_master_id","dateSetting":"none","parentid":24,"dependentloopupid":"0","dependent_filter_field":"pin_code","is_dependent_lookup":false,"is_display":true,"publish":"yes","visible_stage":"","editable_stage":"3,2,4","isAuditable":false,"isConfirm":false,"repeatable_save_as":null,"lookup_filter_value":"","lookup_view_field":"[]","section_dependent":false,"is_show_in_grid":false,"dependentInputField":false,"dependentInputValue":"","listgridselection":null,"field_unique":false,"autopopulate_visibility":"editable","advance_dependent_lookup":"[]","child_form_id":"","child_view_id":"","child_layout":"","child_json":null,"child_rule_filter":"","btn_input_json":"","is_section_hide":false,"link_with_form":false,"lookuplist":[{"field_binding":"sbi_lho_id","lookup_form_id":"z_entitymast_sbi_lho_master_001,435","lookup_display_field":[{"id":"lho_name","name":"LHO Name"}],"lookup_value_field":"sbi_lho_master_id"}],"seperator":"0","btn_input_param":null,"btn_output_param":null,"btn_readonly_param":null,"date_format":null,"color_value":null,"display_order_no":33,"controlwidth":"width-8","dependentLookupType":"","io_mapping_json":null},{"id":33,"field_name":"Town","help_text":"","filed_type":"15","field_binding":"shipping_town","field_visible":"always","field_enable":false,"field_no_duplicate":false,"field_required":false,"field_default_value":"","field_error_msg":"","field_regular_exp":"","min_value":"","max_value":"","field_max_len":"0","section_column":"1","section_alignment":"horizontal","isRepeatable":false,"layout":"1","labelcss":"col-sm-12 col-lg-3 col-md-12 text-right font8","controlcss":"col-sm-12 col-lg-9 col-md-12","validRecord":false,"dynamicSelectList":"[]","treeLevel":"control","lookup_form_id":"z_entitydtl_city_pin_code_mapping_001,383","lookup_display_field":"[{\"id\":\"city_name\",\"name\":\"City Name\"}]","lookup_value_field":"city_pin_code_mapping_id","dateSetting":"none","parentid":24,"dependentloopupid":"shipping_pincode","dependent_filter_field":"pin_code_master_id","is_dependent_lookup":false,"is_display":true,"publish":"yes","visible_stage":"","editable_stage":"3,2,4","isAuditable":false,"isConfirm":false,"repeatable_save_as":null,"lookup_filter_value":"","lookup_view_field":"[]","section_dependent":false,"is_show_in_grid":false,"dependentInputField":false,"dependentInputValue":"","listgridselection":null,"field_unique":false,"autopopulate_visibility":"editable","advance_dependent_lookup":"[]","child_form_id":"","child_view_id":"","child_layout":"","child_json":null,"child_rule_filter":"","btn_input_json":"","is_section_hide":false,"link_with_form":false,"lookuplist":[{"field_binding":"pin_code_master_id","lookup_form_id":"z_entitymast_pin_code_master_001","lookup_display_field":[{"id":"pin_code","name":"Pin Code"}],"lookup_value_field":"pin_code_master_id"}],"seperator":"0","btn_input_param":null,"btn_output_param":null,"btn_readonly_param":null,"date_format":null,"color_value":null,"display_order_no":32,"field_default_other_value":"0","link_form_viewid":"0","controlwidth":"width-8","dependentLookupType":"14","io_mapping_json":null},{"id":32,"field_name":"Company Address (Building No.)","help_text":"","filed_type":"1","field_binding":"shipping_building_no","field_visible":"always","field_enable":false,"field_no_duplicate":false,"field_required":false,"field_default_value":"","field_error_msg":"","field_regular_exp":"","min_value":"","max_value":"","field_max_len":"250","section_column":"1","section_alignment":"horizontal","isRepeatable":false,"layout":"1","labelcss":"col-sm-12 col-lg-3 col-md-12 text-right font8","controlcss":"col-sm-12 col-lg-9 col-md-12","validRecord":false,"dynamicSelectList":"[]","treeLevel":"control","lookup_form_id":"0","lookup_display_field":"[]","lookup_value_field":"","dateSetting":"none","parentid":24,"dependentloopupid":"","dependent_filter_field":"","is_dependent_lookup":false,"is_display":true,"publish":"yes","visible_stage":"","editable_stage":"3,2,4","isAuditable":false,"isConfirm":false,"repeatable_save_as":null,"lookup_filter_value":"","lookup_view_field":"[]","section_dependent":false,"is_show_in_grid":false,"dependentInputField":false,"dependentInputValue":"","listgridselection":null,"field_unique":false,"autopopulate_visibility":"editable","advance_dependent_lookup":"[]","child_form_id":"","child_view_id":"","child_layout":"","child_json":null,"child_rule_filter":"","btn_input_json":"","is_section_hide":false,"link_with_form":false,"lookuplist":[],"seperator":"0","btn_input_param":null,"btn_output_param":null,"btn_readonly_param":null,"date_format":null,"color_value":null,"display_order_no":31,"controlwidth":"width-8","dependentLookupType":"","io_mapping_json":null},{"id":31,"field_name":"Pin Code","help_text":"","filed_type":"14","field_binding":"shipping_pincode","field_visible":"always","field_enable":false,"field_no_duplicate":false,"field_required":false,"field_default_value":"","field_error_msg":"","field_regular_exp":"","min_value":"","max_value":"","field_max_len":"0","section_column":"1","section_alignment":"horizontal","isRepeatable":false,"layout":"1","labelcss":"col-sm-12 col-lg-3 col-md-12 text-right font8","controlcss":"col-sm-12 col-lg-9 col-md-12","validRecord":false,"dynamicSelectList":"[]","treeLevel":"control","lookup_form_id":"z_entitymast_pin_code_master_001,382","lookup_display_field":"[{\"id\":\"pin_code\",\"name\":\"Pin Code\"}]","lookup_value_field":"pin_code_master_id","dateSetting":"none","parentid":24,"dependentloopupid":"0","dependent_filter_field":null,"is_dependent_lookup":false,"is_display":true,"publish":"yes","visible_stage":"","editable_stage":"3,2,4","isAuditable":false,"isConfirm":false,"repeatable_save_as":null,"lookup_filter_value":"","lookup_view_field":"[]","section_dependent":false,"is_show_in_grid":false,"dependentInputField":false,"dependentInputValue":"","listgridselection":null,"field_unique":false,"autopopulate_visibility":"editable","advance_dependent_lookup":"[]","child_form_id":"","child_view_id":"","child_layout":"","child_json":null,"child_rule_filter":"","btn_input_json":"","is_section_hide":false,"link_with_form":false,"lookuplist":[{"field_binding":"sbi_lho_id","lookup_form_id":"z_entitymast_sbi_lho_master_001,435","lookup_display_field":[{"id":"lho_name","name":"LHO Name"}],"lookup_value_field":"sbi_lho_master_id"}],"seperator":"0","btn_input_param":null,"btn_output_param":null,"btn_readonly_param":null,"date_format":null,"color_value":null,"display_order_no":30,"field_default_other_value":"0","link_form_viewid":"0","controlwidth":"width-8","dependentLookupType":"","io_mapping_json":null},{"id":30,"field_name":"SAME AS COMPANY ADDRESS","help_text":"","filed_type":"6","field_binding":"same_as_company_address","field_visible":"always","field_enable":false,"field_no_duplicate":false,"field_required":false,"field_default_value":"","field_error_msg":"","field_regular_exp":"","min_value":"","max_value":"","field_max_len":"0","section_column":"1","section_alignment":"horizontal","isRepeatable":false,"layout":"1","labelcss":"col-sm-12 col-lg-3 col-md-12 text-right font8","controlcss":"col-sm-12 col-lg-9 col-md-12","validRecord":false,"dynamicSelectList":"[]","treeLevel":"control","lookup_form_id":"0","lookup_display_field":"[]","lookup_value_field":"","dateSetting":"none","parentid":24,"dependentloopupid":"","dependent_filter_field":"","is_dependent_lookup":false,"is_display":true,"publish":"yes","visible_stage":"","editable_stage":"3,2,4","isAuditable":false,"isConfirm":false,"repeatable_save_as":null,"lookup_filter_value":"","lookup_view_field":"[]","section_dependent":false,"is_show_in_grid":false,"dependentInputField":false,"dependentInputValue":"","listgridselection":null,"field_unique":false,"autopopulate_visibility":"editable","advance_dependent_lookup":"[]","child_form_id":"","child_view_id":"","child_layout":"","child_json":null,"child_rule_filter":"","btn_input_json":"","is_section_hide":false,"link_with_form":false,"lookuplist":[],"seperator":"0","btn_input_param":null,"btn_output_param":null,"btn_readonly_param":null,"date_format":null,"color_value":null,"display_order_no":29,"controlwidth":"width-8","dependentLookupType":"","io_mapping_json":null},{"id":29,"field_name":"State","help_text":"","filed_type":"24","field_binding":"company_state","field_visible":"always","field_enable":false,"field_no_duplicate":false,"field_required":false,"field_default_value":"","field_error_msg":"","field_regular_exp":"","min_value":"","max_value":"","field_max_len":"250","section_column":"1","section_alignment":"horizontal","isRepeatable":false,"layout":"1","labelcss":"col-sm-12 col-lg-3 col-md-12 text-right font8","controlcss":"col-sm-12 col-lg-9 col-md-12","validRecord":false,"dynamicSelectList":"[]","treeLevel":"control","lookup_form_id":"z_entitymast_pin_code_master_001,382","lookup_display_field":"[{\"id\":\"state_name\",\"name\":\"State Name\"}]","lookup_value_field":"pin_code_master_id","dateSetting":"none","parentid":23,"dependentloopupid":"0","dependent_filter_field":null,"is_dependent_lookup":false,"is_display":true,"publish":"yes","visible_stage":"","editable_stage":"3,2,4","isAuditable":false,"isConfirm":false,"repeatable_save_as":null,"lookup_filter_value":"","lookup_view_field":"[]","section_dependent":false,"is_show_in_grid":false,"dependentInputField":false,"dependentInputValue":"","listgridselection":null,"field_unique":false,"autopopulate_visibility":"editable","advance_dependent_lookup":"[]","child_form_id":"","child_view_id":"","child_layout":"","child_json":null,"child_rule_filter":"","btn_input_json":"","is_section_hide":false,"link_with_form":false,"lookuplist":[{"field_binding":"sbi_lho_id","lookup_form_id":"z_entitymast_sbi_lho_master_001,435","lookup_display_field":[{"id":"lho_name","name":"LHO Name"}],"lookup_value_field":"sbi_lho_master_id"}],"seperator":"0","btn_input_param":null,"btn_output_param":null,"btn_readonly_param":null,"date_format":null,"color_value":null,"display_order_no":27,"controlwidth":"width-8","dependentLookupType":"","io_mapping_json":null},{"id":28,"field_name":"District","help_text":"","filed_type":"24","field_binding":"company_district","field_visible":"always","field_enable":false,"field_no_duplicate":false,"field_required":false,"field_default_value":"","field_error_msg":"","field_regular_exp":"","min_value":"","max_value":"","field_max_len":"250","section_column":"1","section_alignment":"horizontal","isRepeatable":false,"layout":"1","labelcss":"col-sm-12 col-lg-3 col-md-12 text-right font8","controlcss":"col-sm-12 col-lg-9 col-md-12","validRecord":false,"dynamicSelectList":"[]","treeLevel":"control","lookup_form_id":"z_entitymast_pin_code_master_001,382","lookup_display_field":"[{\"id\":\"district_name\",\"name\":\"District Name\"}]","lookup_value_field":"pin_code_master_id","dateSetting":"none","parentid":23,"dependentloopupid":"0","dependent_filter_field":null,"is_dependent_lookup":false,"is_display":true,"publish":"yes","visible_stage":"","editable_stage":"3,2,4","isAuditable":false,"isConfirm":false,"repeatable_save_as":null,"lookup_filter_value":"","lookup_view_field":"[]","section_dependent":false,"is_show_in_grid":false,"dependentInputField":false,"dependentInputValue":"","listgridselection":null,"field_unique":false,"autopopulate_visibility":"editable","advance_dependent_lookup":"[]","child_form_id":"","child_view_id":"","child_layout":"","child_json":null,"child_rule_filter":"","btn_input_json":"","is_section_hide":false,"link_with_form":false,"lookuplist":[{"field_binding":"sbi_lho_id","lookup_form_id":"z_entitymast_sbi_lho_master_001,435","lookup_display_field":[{"id":"lho_name","name":"LHO Name"}],"lookup_value_field":"sbi_lho_master_id"}],"seperator":"0","btn_input_param":null,"btn_output_param":null,"btn_readonly_param":null,"date_format":null,"color_value":null,"display_order_no":26,"controlwidth":"width-8","dependentLookupType":"","io_mapping_json":null},{"id":27,"field_name":"Town","help_text":"","filed_type":"15","field_binding":"company_town","field_visible":"always","field_enable":false,"field_no_duplicate":false,"field_required":false,"field_default_value":"","field_error_msg":"","field_regular_exp":"","min_value":"","max_value":"","field_max_len":"0","section_column":"1","section_alignment":"horizontal","isRepeatable":false,"layout":"1","labelcss":"col-sm-12 col-lg-3 col-md-12 text-right font8","controlcss":"col-sm-12 col-lg-9 col-md-12","validRecord":false,"dynamicSelectList":"[]","treeLevel":"control","lookup_form_id":"z_entitydtl_city_pin_code_mapping_001,383","lookup_display_field":"[{\"id\":\"city_name\",\"name\":\"City Name\"}]","lookup_value_field":"city_pin_code_mapping_id","dateSetting":"none","parentid":23,"dependentloopupid":"company_pincode","dependent_filter_field":"pin_code_master_id","is_dependent_lookup":false,"is_display":true,"publish":"yes","visible_stage":"","editable_stage":"3,2,4","isAuditable":false,"isConfirm":false,"repeatable_save_as":null,"lookup_filter_value":"","lookup_view_field":"[]","section_dependent":false,"is_show_in_grid":false,"dependentInputField":false,"dependentInputValue":"","listgridselection":null,"field_unique":false,"autopopulate_visibility":"editable","advance_dependent_lookup":"[]","child_form_id":"","child_view_id":"","child_layout":"","child_json":null,"child_rule_filter":"","btn_input_json":"","is_section_hide":false,"link_with_form":false,"lookuplist":[{"field_binding":"pin_code_master_id","lookup_form_id":"z_entitymast_pin_code_master_001","lookup_display_field":[{"id":"pin_code","name":"Pin Code"}],"lookup_value_field":"pin_code_master_id"}],"seperator":"0","btn_input_param":null,"btn_output_param":null,"btn_readonly_param":null,"date_format":null,"color_value":null,"display_order_no":25,"field_default_other_value":"0","link_form_viewid":"0","controlwidth":"width-8","dependentLookupType":"14","io_mapping_json":null},{"id":26,"field_name":"Company Address (Building No.)","help_text":"","filed_type":"1","field_binding":"company_building_no","field_visible":"always","field_enable":false,"field_no_duplicate":false,"field_required":false,"field_default_value":"","field_error_msg":"","field_regular_exp":"","min_value":"","max_value":"","field_max_len":"250","section_column":"1","section_alignment":"horizontal","isRepeatable":false,"layout":"1","labelcss":"col-sm-12 col-lg-3 col-md-12 text-right font8","controlcss":"col-sm-12 col-lg-9 col-md-12","validRecord":false,"dynamicSelectList":"[]","treeLevel":"control","lookup_form_id":"0","lookup_display_field":"[]","lookup_value_field":"","dateSetting":"none","parentid":23,"dependentloopupid":"","dependent_filter_field":"","is_dependent_lookup":false,"is_display":true,"publish":"yes","visible_stage":"","editable_stage":"3,2,4","isAuditable":false,"isConfirm":false,"repeatable_save_as":null,"lookup_filter_value":"","lookup_view_field":"[]","section_dependent":false,"is_show_in_grid":false,"dependentInputField":true,"dependentInputValue":"company_address_building_no","listgridselection":null,"field_unique":false,"autopopulate_visibility":"editable","advance_dependent_lookup":"[]","child_form_id":"","child_view_id":"","child_layout":"","child_json":null,"child_rule_filter":"","btn_input_json":"","is_section_hide":false,"link_with_form":false,"lookuplist":[],"seperator":"0","btn_input_param":null,"btn_output_param":null,"btn_readonly_param":null,"date_format":null,"color_value":null,"display_order_no":24,"dependentInputFieldJson":{"lookup_form_id":"z_entitymast_company_001","lookup_value_field":"company_id","field_name":"z_entitymast_company_001,376","field_binding":"company_id","field_type":"1","dependent_lookup_form_id":"","dependent_lookup_field_value":"","dependent_display_value":"","dynamicSelectList":[]},"controlwidth":"width-8","dependentLookupType":"","io_mapping_json":null},{"id":25,"field_name":"Pin Code","help_text":"","filed_type":"14","field_binding":"company_pincode","field_visible":"always","field_enable":false,"field_no_duplicate":false,"field_required":false,"field_default_value":"","field_error_msg":"","field_regular_exp":"","min_value":"","max_value":"","field_max_len":"0","section_column":"1","section_alignment":"horizontal","isRepeatable":false,"layout":"1","labelcss":"col-sm-12 col-lg-3 col-md-12 text-right font8","controlcss":"col-sm-12 col-lg-9 col-md-12","validRecord":false,"dynamicSelectList":"[]","treeLevel":"control","lookup_form_id":"z_entitymast_pin_code_master_001,382","lookup_display_field":"[{\"id\":\"pin_code\",\"name\":\"Pin Code\"}]","lookup_value_field":"pin_code_master_id","dateSetting":"none","parentid":23,"dependentloopupid":"0","dependent_filter_field":null,"is_dependent_lookup":false,"is_display":true,"publish":"yes","visible_stage":"","editable_stage":"3,2,4","isAuditable":false,"isConfirm":false,"repeatable_save_as":null,"lookup_filter_value":"","lookup_view_field":"[]","section_dependent":false,"is_show_in_grid":false,"dependentInputField":false,"dependentInputValue":"","listgridselection":null,"field_unique":false,"autopopulate_visibility":"editable","advance_dependent_lookup":"[]","child_form_id":"","child_view_id":"","child_layout":"","child_json":null,"child_rule_filter":"","btn_input_json":"","is_section_hide":false,"link_with_form":false,"lookuplist":[{"field_binding":"sbi_lho_id","lookup_form_id":"z_entitymast_sbi_lho_master_001,435","lookup_display_field":[{"id":"lho_name","name":"LHO Name"}],"lookup_value_field":"sbi_lho_master_id"}],"seperator":"0","btn_input_param":null,"btn_output_param":null,"btn_readonly_param":null,"date_format":null,"color_value":null,"display_order_no":23,"field_default_other_value":"0","link_form_viewid":"0","controlwidth":"width-8","dependentLookupType":"","io_mapping_json":null},{"id":24,"field_name":"SHIPPING ADDRESS","help_text":"","filed_type":"1","field_binding":"section_5","field_visible":"always","field_enable":false,"field_no_duplicate":false,"field_required":false,"field_default_value":"","field_error_msg":"","field_regular_exp":"","min_value":"","max_value":"","field_max_len":"250","section_column":"2","section_alignment":"horizontal","isRepeatable":false,"layout":"1","labelcss":"col-lg-4 col-md-12 col-sm-12 text-right font8","controlcss":"col-sm-12 col-lg-8 col-md-12","validRecord":true,"dynamicSelectList":"[]","treeLevel":"section","lookup_form_id":"0","lookup_display_field":"[]","lookup_value_field":"","dateSetting":"none","parentid":2,"dependentloopupid":"","dependent_filter_field":"","is_dependent_lookup":false,"is_display":true,"publish":"yes","visible_stage":"","editable_stage":"3,2,4","isAuditable":false,"isConfirm":false,"repeatable_save_as":null,"lookup_filter_value":"","lookup_view_field":"[]","section_dependent":false,"is_show_in_grid":false,"dependentInputField":false,"dependentInputValue":"","listgridselection":null,"field_unique":false,"autopopulate_visibility":"editable","advance_dependent_lookup":"[]","child_form_id":"","child_view_id":"","child_layout":"","child_json":null,"child_rule_filter":"","btn_input_json":"","is_section_hide":false,"link_with_form":false,"lookuplist":[],"seperator":"0","btn_input_param":null,"btn_output_param":null,"btn_readonly_param":null,"date_format":null,"color_value":null,"display_order_no":28,"dependentLookupType":"","controlwidth":"","io_mapping_json":null},{"id":23,"field_name":"COMPANY ADDRESS","help_text":"","filed_type":"1","field_binding":"section_4","field_visible":"always","field_enable":false,"field_no_duplicate":false,"field_required":false,"field_default_value":"","field_error_msg":"","field_regular_exp":"","min_value":"","max_value":"","field_max_len":"250","section_column":"2","section_alignment":"horizontal","isRepeatable":false,"layout":"1","labelcss":"col-lg-4 col-md-12 col-sm-12 text-right font8","controlcss":"col-sm-12 col-lg-8 col-md-12","validRecord":true,"dynamicSelectList":"[]","treeLevel":"section","lookup_form_id":"0","lookup_display_field":"[]","lookup_value_field":"","dateSetting":"none","parentid":2,"dependentloopupid":"","dependent_filter_field":"","is_dependent_lookup":false,"is_display":true,"publish":"yes","visible_stage":"","editable_stage":"3,2,4","isAuditable":false,"isConfirm":false,"repeatable_save_as":null,"lookup_filter_value":"","lookup_view_field":"[]","section_dependent":false,"is_show_in_grid":false,"dependentInputField":false,"dependentInputValue":"","listgridselection":null,"field_unique":false,"autopopulate_visibility":"editable","advance_dependent_lookup":"[]","child_form_id":"","child_view_id":"","child_layout":"","child_json":null,"child_rule_filter":"","btn_input_json":"","is_section_hide":false,"link_with_form":false,"lookuplist":[],"seperator":"0","btn_input_param":null,"btn_output_param":null,"btn_readonly_param":null,"date_format":null,"color_value":null,"display_order_no":22,"dependentLookupType":"","controlwidth":"","io_mapping_json":null},{"id":22,"field_name":"No of Cards","help_text":"","filed_type":"4","field_binding":"no_of_cards","field_visible":"always","field_enable":false,"field_no_duplicate":false,"field_required":true,"field_default_value":"","field_error_msg":"","field_regular_exp":"","min_value":"","max_value":"","field_max_len":"0","section_column":"1","section_alignment":"horizontal","isRepeatable":false,"layout":"1","labelcss":"col-sm-12 col-lg-3 col-md-12 text-right font8","controlcss":"col-sm-12 col-lg-9 col-md-12","validRecord":false,"dynamicSelectList":"[]","treeLevel":"control","lookup_form_id":"0","lookup_display_field":"[]","lookup_value_field":"","dateSetting":"none","parentid":20,"dependentloopupid":"","dependent_filter_field":"","is_dependent_lookup":false,"is_display":true,"publish":"yes","field_default_other_value":"0","visible_stage":"","editable_stage":"387,389","isAuditable":false,"isConfirm":false,"repeatable_save_as":null,"lookup_filter_value":"","lookup_view_field":"[]","section_dependent":false,"is_show_in_grid":false,"dependentInputField":false,"dependentInputValue":"","listgridselection":null,"field_unique":false,"autopopulate_visibility":"editable","advance_dependent_lookup":"[]","child_form_id":"","child_view_id":"","child_layout":"","child_json":null,"child_rule_filter":"","btn_input_json":"","is_section_hide":false,"link_with_form":false,"lookuplist":[],"seperator":"0","btn_input_param":null,"btn_output_param":null,"btn_readonly_param":null,"date_format":null,"color_value":null,"display_order_no":21,"controlwidth":"width-8","dependentLookupType":"","io_mapping_json":null},{"id":21,"field_name":"Referral Code","help_text":"","filed_type":"1","field_binding":"referral_code","field_visible":"always","field_enable":false,"field_no_duplicate":false,"field_required":false,"field_default_value":"","field_error_msg":"","field_regular_exp":"","min_value":"","max_value":"","field_max_len":"250","section_column":"1","section_alignment":"horizontal","isRepeatable":false,"layout":"1","labelcss":"col-sm-12 col-lg-3 col-md-12 text-right font8","controlcss":"col-sm-12 col-lg-9 col-md-12","validRecord":false,"dynamicSelectList":"[]","treeLevel":"control","lookup_form_id":"0","lookup_display_field":"[]","lookup_value_field":"","dateSetting":"none","parentid":20,"dependentloopupid":"","dependent_filter_field":"","is_dependent_lookup":false,"is_display":true,"publish":"yes","visible_stage":"","editable_stage":"387,389","isAuditable":false,"isConfirm":false,"repeatable_save_as":null,"lookup_filter_value":"","lookup_view_field":"[]","section_dependent":false,"is_show_in_grid":false,"dependentInputField":false,"dependentInputValue":"","listgridselection":null,"field_unique":false,"autopopulate_visibility":"editable","advance_dependent_lookup":"[]","child_form_id":"","child_view_id":"","child_layout":"","child_json":null,"child_rule_filter":"","btn_input_json":"","is_section_hide":false,"link_with_form":false,"lookuplist":[],"seperator":"0","btn_input_param":null,"btn_output_param":null,"btn_readonly_param":null,"date_format":null,"color_value":null,"display_order_no":20,"controlwidth":"width-8","dependentLookupType":"","io_mapping_json":null},{"id":20,"field_name":"CARD QUANTITY","help_text":"","filed_type":"1","field_binding":"section_3","field_visible":"always","field_enable":false,"field_no_duplicate":false,"field_required":false,"field_default_value":"","field_error_msg":"","field_regular_exp":"","min_value":"","max_value":"","field_max_len":"250","section_column":"2","section_alignment":"horizontal","isRepeatable":false,"layout":"1","labelcss":"col-lg-4 col-md-12 col-sm-12 text-right font8","controlcss":"col-sm-12 col-lg-8 col-md-12","validRecord":false,"dynamicSelectList":"[]","treeLevel":"section","lookup_form_id":"0","lookup_display_field":"[]","lookup_value_field":"","dateSetting":"none","parentid":2,"dependentloopupid":"","dependent_filter_field":"","is_dependent_lookup":false,"is_display":true,"publish":"yes","display_order_no":19,"visible_stage":"","editable_stage":"","isAuditable":false,"isConfirm":false,"repeatable_save_as":null,"lookup_filter_value":"","lookup_view_field":"[]","section_dependent":false,"is_show_in_grid":false,"dependentInputField":false,"dependentInputValue":"","listgridselection":null,"field_unique":false,"autopopulate_visibility":"editable","advance_dependent_lookup":"[]","child_form_id":"","child_view_id":"","child_layout":"","child_json":null,"child_rule_filter":"","btn_input_json":"","is_section_hide":false,"link_with_form":false,"lookuplist":[],"seperator":"0","btn_input_param":null,"btn_output_param":null,"btn_readonly_param":null,"date_format":null,"color_value":null,"controlwidth":""},{"id":18,"field_name":"Email","help_text":"","filed_type":"1","field_binding":"company_email","field_visible":"always","field_enable":false,"field_no_duplicate":false,"field_required":false,"field_default_value":"","field_error_msg":"","field_regular_exp":"","min_value":"","max_value":"","field_max_len":"250","section_column":"1","section_alignment":"horizontal","isRepeatable":false,"layout":"1","labelcss":"col-sm-12 col-lg-3 col-md-12 text-right font8","controlcss":"col-sm-12 col-lg-9 col-md-12","validRecord":false,"dynamicSelectList":"[]","treeLevel":"control","lookup_form_id":"0","lookup_display_field":"[]","lookup_value_field":"","dateSetting":"none","parentid":3,"dependentloopupid":"","dependent_filter_field":"","is_dependent_lookup":false,"is_display":true,"publish":"yes","visible_stage":"","editable_stage":"","isAuditable":false,"isConfirm":false,"repeatable_save_as":null,"lookup_filter_value":"","lookup_view_field":"[]","section_dependent":false,"is_show_in_grid":false,"dependentInputField":true,"dependentInputValue":"company_rep_email","dependentInputFieldJson":{"lookup_form_id":"z_entitymast_company_001","lookup_value_field":"company_id","field_name":"z_entitymast_company_001,376","field_binding":"company_id","field_type":"3","dependent_lookup_form_id":"","dependent_lookup_field_value":"","dependent_display_value":"","dynamicSelectList":[]},"listgridselection":null,"field_unique":false,"autopopulate_visibility":"editable","advance_dependent_lookup":"[]","child_form_id":"","child_view_id":"","child_layout":"","child_json":null,"child_rule_filter":"","btn_input_json":"","is_section_hide":false,"link_with_form":false,"lookuplist":[],"seperator":"0","btn_input_param":null,"btn_output_param":null,"btn_readonly_param":null,"date_format":null,"color_value":null,"display_order_no":18,"controlwidth":"width-8","dependentLookupType":"","io_mapping_json":null},{"id":17,"field_name":"Company CIN","help_text":"","filed_type":"1","field_binding":"company_cin","field_visible":"always","field_enable":false,"field_no_duplicate":false,"field_required":false,"field_default_value":"","field_error_msg":"","field_regular_exp":"","min_value":"","max_value":"","field_max_len":"250","section_column":"1","section_alignment":"horizontal","isRepeatable":false,"layout":"1","labelcss":"col-sm-12 col-lg-3 col-md-12 text-right font8","controlcss":"col-sm-12 col-lg-9 col-md-12","validRecord":false,"dynamicSelectList":"[]","treeLevel":"control","lookup_form_id":"0","lookup_display_field":"[]","lookup_value_field":"","dateSetting":"none","parentid":3,"dependentloopupid":"","dependent_filter_field":"","is_dependent_lookup":false,"is_display":true,"publish":"yes","visible_stage":"","editable_stage":"","isAuditable":false,"isConfirm":false,"repeatable_save_as":null,"lookup_filter_value":"","lookup_view_field":"[]","section_dependent":false,"is_show_in_grid":false,"dependentInputField":true,"dependentInputValue":"company_cin","dependentInputFieldJson":{"lookup_form_id":"z_entitymast_company_001","lookup_value_field":"company_id","field_name":"z_entitymast_company_001,376","field_binding":"company_id","field_type":"1","dependent_lookup_form_id":"","dependent_lookup_field_value":"","dependent_display_value":"","dynamicSelectList":[]},"listgridselection":null,"field_unique":false,"autopopulate_visibility":"editable","advance_dependent_lookup":"[]","child_form_id":"","child_view_id":"","child_layout":"","child_json":null,"child_rule_filter":"","btn_input_json":"","is_section_hide":false,"link_with_form":false,"lookuplist":[],"seperator":"0","btn_input_param":null,"btn_output_param":null,"btn_readonly_param":null,"date_format":null,"color_value":null,"display_order_no":17,"controlwidth":"width-8","dependentLookupType":"","io_mapping_json":null},{"id":16,"field_name":"Company GSTIN","help_text":"","filed_type":"1","field_binding":"company_gstin","field_visible":"always","field_enable":false,"field_no_duplicate":false,"field_required":false,"field_default_value":"","field_error_msg":"","field_regular_exp":"","min_value":"","max_value":"","field_max_len":"250","section_column":"1","section_alignment":"horizontal","isRepeatable":false,"layout":"1","labelcss":"col-sm-12 col-lg-3 col-md-12 text-right font8","controlcss":"col-sm-12 col-lg-9 col-md-12","validRecord":false,"dynamicSelectList":"[]","treeLevel":"control","lookup_form_id":"0","lookup_display_field":"[]","lookup_value_field":"","dateSetting":"none","parentid":3,"dependentloopupid":"","dependent_filter_field":"","is_dependent_lookup":false,"is_display":true,"publish":"yes","visible_stage":"","editable_stage":"","isAuditable":false,"isConfirm":false,"repeatable_save_as":null,"lookup_filter_value":"","lookup_view_field":"[]","section_dependent":false,"is_show_in_grid":false,"dependentInputField":true,"dependentInputValue":"company_gstin","dependentInputFieldJson":{"lookup_form_id":"z_entitymast_company_001","lookup_value_field":"company_id","field_name":"z_entitymast_company_001,376","field_binding":"company_id","field_type":"1","dependent_lookup_form_id":"","dependent_lookup_field_value":"","dependent_display_value":"","dynamicSelectList":[]},"listgridselection":null,"field_unique":false,"autopopulate_visibility":"editable","advance_dependent_lookup":"[]","child_form_id":"","child_view_id":"","child_layout":"","child_json":null,"child_rule_filter":"","btn_input_json":"","is_section_hide":false,"link_with_form":false,"lookuplist":[],"seperator":"0","btn_input_param":null,"btn_output_param":null,"btn_readonly_param":null,"date_format":null,"color_value":null,"display_order_no":16,"controlwidth":"width-8","dependentLookupType":"","io_mapping_json":null},{"id":15,"field_name":"Company PAN Number","help_text":"","filed_type":"1","field_binding":"company_pan_number","field_visible":"always","field_enable":false,"field_no_duplicate":false,"field_required":false,"field_default_value":"","field_error_msg":"","field_regular_exp":"","min_value":"","max_value":"","field_max_len":"20","section_column":"1","section_alignment":"horizontal","isRepeatable":false,"layout":"1","labelcss":"col-sm-12 col-lg-3 col-md-12 text-right font8","controlcss":"col-sm-12 col-lg-9 col-md-12","validRecord":false,"dynamicSelectList":"[]","treeLevel":"control","lookup_form_id":"0","lookup_display_field":"[]","lookup_value_field":"","dateSetting":"none","parentid":3,"dependentloopupid":"","dependent_filter_field":"","is_dependent_lookup":false,"is_display":true,"publish":"yes","visible_stage":"","editable_stage":"","isAuditable":false,"isConfirm":false,"repeatable_save_as":null,"lookup_filter_value":"","lookup_view_field":"[]","section_dependent":false,"is_show_in_grid":false,"dependentInputField":true,"dependentInputValue":"company_pan","dependentInputFieldJson":{"lookup_form_id":"z_entitymast_company_001","lookup_value_field":"company_id","field_name":"z_entitymast_company_001,376","field_binding":"company_id","field_type":"1","dependent_lookup_form_id":"","dependent_lookup_field_value":"","dependent_display_value":"","dynamicSelectList":[]},"listgridselection":null,"field_unique":false,"autopopulate_visibility":"editable","advance_dependent_lookup":"[]","child_form_id":"","child_view_id":"","child_layout":"","child_json":null,"child_rule_filter":"","btn_input_json":"","is_section_hide":false,"link_with_form":false,"lookuplist":[],"seperator":"0","btn_input_param":null,"btn_output_param":null,"btn_readonly_param":null,"date_format":null,"color_value":null,"display_order_no":15,"controlwidth":"width-8","dependentLookupType":"","io_mapping_json":null},{"id":14,"field_name":"Company Representative Mobile Number","help_text":"","filed_type":"1","field_binding":"company_mobile_number","field_visible":"always","field_enable":false,"field_no_duplicate":false,"field_required":false,"field_default_value":"","field_error_msg":"","field_regular_exp":"","min_value":"","max_value":"","field_max_len":"250","section_column":"1","section_alignment":"horizontal","isRepeatable":false,"layout":"1","labelcss":"col-sm-12 col-lg-3 col-md-12 text-right font8","controlcss":"col-sm-12 col-lg-9 col-md-12","validRecord":false,"dynamicSelectList":"[]","treeLevel":"control","lookup_form_id":"0","lookup_display_field":"[]","lookup_value_field":"","dateSetting":"none","parentid":3,"dependentloopupid":"","dependent_filter_field":"","is_dependent_lookup":false,"is_display":true,"publish":"yes","visible_stage":"","editable_stage":"","isAuditable":false,"isConfirm":false,"repeatable_save_as":null,"lookup_filter_value":"","lookup_view_field":"[]","section_dependent":false,"is_show_in_grid":false,"dependentInputField":true,"dependentInputValue":"company_mobile_number","dependentInputFieldJson":{"lookup_form_id":"z_entitymast_company_001","lookup_value_field":"company_id","field_name":"z_entitymast_company_001,376","field_binding":"company_id","field_type":"1","dependent_lookup_form_id":"","dependent_lookup_field_value":"","dependent_display_value":"","dynamicSelectList":[]},"listgridselection":null,"field_unique":false,"autopopulate_visibility":"editable","advance_dependent_lookup":"[]","child_form_id":"","child_view_id":"","child_layout":"","child_json":null,"child_rule_filter":"","btn_input_json":"","is_section_hide":false,"link_with_form":false,"lookuplist":[],"seperator":"0","btn_input_param":null,"btn_output_param":null,"btn_readonly_param":null,"date_format":null,"color_value":null,"display_order_no":14,"controlwidth":"width-8","dependentLookupType":"","io_mapping_json":null},{"id":13,"field_name":"Company Landline No","help_text":"","filed_type":"1","field_binding":"company_landline_no","field_visible":"always","field_enable":false,"field_no_duplicate":false,"field_required":false,"field_default_value":"","field_error_msg":"","field_regular_exp":"","min_value":"","max_value":"","field_max_len":"250","section_column":"1","section_alignment":"horizontal","isRepeatable":false,"layout":"1","labelcss":"col-sm-12 col-lg-3 col-md-12 text-right font8","controlcss":"col-sm-12 col-lg-9 col-md-12","validRecord":false,"dynamicSelectList":"[]","treeLevel":"control","lookup_form_id":"0","lookup_display_field":"[]","lookup_value_field":"","dateSetting":"none","parentid":3,"dependentloopupid":"","dependent_filter_field":"","is_dependent_lookup":false,"is_display":true,"publish":"yes","visible_stage":"","editable_stage":"","isAuditable":false,"isConfirm":false,"repeatable_save_as":null,"lookup_filter_value":"","lookup_view_field":"[]","section_dependent":false,"is_show_in_grid":false,"dependentInputField":true,"dependentInputValue":"company_landline_no","dependentInputFieldJson":{"lookup_form_id":"z_entitymast_company_001","lookup_value_field":"company_id","field_name":"z_entitymast_company_001,376","field_binding":"company_id","field_type":"11","dependent_lookup_form_id":"","dependent_lookup_field_value":"","dependent_display_value":"","dynamicSelectList":[]},"listgridselection":null,"field_unique":false,"autopopulate_visibility":"editable","advance_dependent_lookup":"[]","child_form_id":"","child_view_id":"","child_layout":"","child_json":null,"child_rule_filter":"","btn_input_json":"","is_section_hide":false,"link_with_form":false,"lookuplist":[],"seperator":"0","btn_input_param":null,"btn_output_param":null,"btn_readonly_param":null,"date_format":null,"color_value":null,"display_order_no":13,"controlwidth":"width-8","dependentLookupType":"","io_mapping_json":null},{"id":12,"field_name":"Company Representative Name","help_text":"","filed_type":"1","field_binding":"company_representative_name","field_visible":"always","field_enable":false,"field_no_duplicate":false,"field_required":false,"field_default_value":"","field_error_msg":"","field_regular_exp":"","min_value":"","max_value":"","field_max_len":"250","section_column":"1","section_alignment":"horizontal","isRepeatable":false,"layout":"1","labelcss":"col-sm-12 col-lg-3 col-md-12 text-right font8","controlcss":"col-sm-12 col-lg-9 col-md-12","validRecord":false,"dynamicSelectList":"[]","treeLevel":"control","lookup_form_id":"0","lookup_display_field":"[]","lookup_value_field":"","dateSetting":"none","parentid":3,"dependentloopupid":"","dependent_filter_field":"","is_dependent_lookup":false,"is_display":true,"publish":"yes","visible_stage":"","editable_stage":"","isAuditable":false,"isConfirm":false,"repeatable_save_as":null,"lookup_filter_value":"","lookup_view_field":"[]","section_dependent":false,"is_show_in_grid":false,"dependentInputField":true,"dependentInputValue":"company_representative_name","dependentInputFieldJson":{"lookup_form_id":"z_entitymast_company_001","lookup_value_field":"company_id","field_name":"z_entitymast_company_001,376","field_binding":"company_id","field_type":"1","dependent_lookup_form_id":"","dependent_lookup_field_value":"","dependent_display_value":"","dynamicSelectList":[]},"listgridselection":null,"field_unique":false,"autopopulate_visibility":"editable","advance_dependent_lookup":"[]","child_form_id":"","child_view_id":"","child_layout":"","child_json":null,"child_rule_filter":"","btn_input_json":"","is_section_hide":false,"link_with_form":false,"lookuplist":[],"seperator":"0","btn_input_param":null,"btn_output_param":null,"btn_readonly_param":null,"date_format":null,"color_value":null,"display_order_no":12,"controlwidth":"width-8","dependentLookupType":"","io_mapping_json":null},{"id":11,"field_name":"Company Name","help_text":"","filed_type":"1","field_binding":"company_name","field_visible":"none","field_enable":false,"field_no_duplicate":false,"field_required":false,"field_default_value":"","field_error_msg":"","field_regular_exp":"","min_value":"","max_value":"","field_max_len":"250","section_column":"1","section_alignment":"horizontal","isRepeatable":false,"layout":"1","labelcss":"col-sm-12 col-lg-3 col-md-12 text-right font8","controlcss":"col-sm-12 col-lg-9 col-md-12","validRecord":false,"dynamicSelectList":"[]","treeLevel":"control","lookup_form_id":"0","lookup_display_field":"[]","lookup_value_field":"","dateSetting":"none","parentid":3,"dependentloopupid":"","dependent_filter_field":"","is_dependent_lookup":false,"is_display":true,"publish":"yes","visible_stage":"","editable_stage":"350","isAuditable":false,"isConfirm":false,"repeatable_save_as":null,"lookup_filter_value":"","lookup_view_field":"[]","section_dependent":false,"is_show_in_grid":false,"dependentInputField":true,"dependentInputValue":"company_name","dependentInputFieldJson":{"lookup_form_id":"z_entitymast_company_001","lookup_value_field":"company_id","field_name":"z_entitymast_company_001,376","field_binding":"company_id","field_type":"1","dependent_lookup_form_id":"","dependent_lookup_field_value":"","dependent_display_value":"","dynamicSelectList":[]},"listgridselection":null,"field_unique":false,"autopopulate_visibility":"editable","advance_dependent_lookup":"[]","child_form_id":"","child_view_id":"","child_layout":"","child_json":null,"child_rule_filter":"","btn_input_json":"","is_section_hide":false,"link_with_form":false,"lookuplist":[],"seperator":"0","btn_input_param":null,"btn_output_param":null,"btn_readonly_param":null,"date_format":null,"color_value":null,"display_order_no":11,"controlwidth":"width-8","dependentLookupType":"","io_mapping_json":null},{"id":10,"field_name":"Company Type","help_text":"","filed_type":"1","field_binding":"company_type","field_visible":"always","field_enable":false,"field_no_duplicate":false,"field_required":false,"field_default_value":"","field_error_msg":"","field_regular_exp":"","min_value":"","max_value":"","field_max_len":"250","section_column":"1","section_alignment":"horizontal","isRepeatable":false,"layout":"1","labelcss":"col-sm-12 col-lg-3 col-md-12 text-right font8","controlcss":"col-sm-12 col-lg-9 col-md-12","validRecord":false,"dynamicSelectList":"[]","treeLevel":"control","lookup_form_id":"0","lookup_display_field":"[]","lookup_value_field":"","dateSetting":"none","parentid":3,"dependentloopupid":"","dependent_filter_field":"","is_dependent_lookup":false,"is_display":true,"publish":"yes","visible_stage":"","editable_stage":"","isAuditable":false,"isConfirm":false,"repeatable_save_as":null,"lookup_filter_value":"","lookup_view_field":"[]","section_dependent":false,"is_show_in_grid":false,"dependentInputField":true,"dependentInputValue":"company_type","dependentInputFieldJson":{"lookup_form_id":"z_entitymast_company_001","lookup_value_field":"company_id","field_name":"z_entitymast_company_001,376","field_binding":"company_id","field_type":"14","dependent_lookup_form_id":"app_tblsystemenum","dependent_lookup_field_value":"id","dependent_display_value":[{"id":"varibale_name","name":"Variable Name"}],"dynamicSelectList":[]},"listgridselection":null,"field_unique":false,"autopopulate_visibility":"editable","advance_dependent_lookup":"[]","child_form_id":"","child_view_id":"","child_layout":"","child_json":null,"child_rule_filter":"","btn_input_json":"","is_section_hide":false,"link_with_form":false,"lookuplist":[],"seperator":"0","btn_input_param":null,"btn_output_param":null,"btn_readonly_param":null,"date_format":null,"color_value":null,"display_order_no":10,"controlwidth":"width-8","dependentLookupType":"","io_mapping_json":null},{"id":8,"field_name":"Company","help_text":"","filed_type":"14","field_binding":"company_id","field_visible":null,"field_enable":false,"field_no_duplicate":false,"field_required":false,"field_default_value":"","field_validation_error_msg":[],"min_value":"","max_value":"","field_max_len":"0","section_column":"1","section_alignment":"horizontal","validRecord":false,"dynamicSelectList":"[]","treeLevel":"control","lookup_form_id":"z_entitymast_company_001,376","lookup_display_field":"[{\"id\":\"company_name\",\"name\":\"Company Name\"}]","lookup_value_field":"company_id","dateSetting":"none","parentid":"3","dependentloopupid":"0","dependent_filter_field":null,"is_dependent_lookup":false,"is_display":true,"Primay_foreign_key":"F","publish":"yes","field_default_other_value":"session_UserCode","field_error_msg":"","field_regular_exp":"","isRepeatable":false,"layout":null,"labelcss":"col-sm-12 col-lg-3 col-md-12 text-right font8","controlcss":"col-sm-12 col-lg-9 col-md-12","visible_stage":"","editable_stage":"387","isAuditable":false,"isConfirm":false,"repeatable_save_as":null,"lookup_filter_value":"","lookup_view_field":"[]","section_dependent":false,"is_show_in_grid":false,"dependentInputField":false,"dependentInputValue":"","listgridselection":null,"field_unique":false,"autopopulate_visibility":"editable","advance_dependent_lookup":"[]","child_form_id":"","child_view_id":"","child_layout":"","child_json":null,"child_rule_filter":"","btn_input_json":"","is_section_hide":false,"link_with_form":false,"link_form_viewid":"0","lookuplist":[{"field_binding":"company_type","lookup_form_id":"app_tblsystemenum,290","lookup_display_field":[{"id":"varibale_name","name":"Variable Name"}],"lookup_value_field":"id"},{"field_binding":"company_pincode","lookup_form_id":"z_entitymast_pin_code_master_001,382","lookup_display_field":[{"id":"pin_code","name":"Pin Code"}],"lookup_value_field":"pin_code_master_id"},{"field_binding":"company_town","lookup_form_id":"z_entitydtl_city_pin_code_mapping_001,383","lookup_display_field":[{"id":"city_name","name":"City Name"}],"lookup_value_field":"city_pin_code_mapping_id"},{"field_binding":"company_district","lookup_form_id":"z_entitymast_pin_code_master_001,382","lookup_display_field":[{"id":"district_name","name":"District Name"}],"lookup_value_field":"pin_code_master_id"},{"field_binding":"company_state","lookup_form_id":"z_entitymast_pin_code_master_001,382","lookup_display_field":[{"id":"state_name","name":"State Name"}],"lookup_value_field":"pin_code_master_id"},{"field_binding":"sbi_lho","lookup_form_id":"z_entitymast_pin_code_master_001,382","lookup_display_field":[{"id":"sbi_lho_id","name":"SBI LHO"}],"lookup_value_field":"pin_code_master_id"},{"field_binding":"sbi_lho_id","lookup_form_id":"z_entitymast_sbi_lho_master_001,435","lookup_display_field":[{"id":"lho_name","name":"LHO Name"}],"lookup_value_field":"sbi_lho_master_id"},{"field_binding":"branch_name_id","lookup_form_id":"z_entitydtl_sbi_branch_001,436","lookup_display_field":[{"id":"branch_name","name":"Branch Name"}],"lookup_value_field":"sbi_branch_id"}],"seperator":"0","btn_input_param":null,"btn_output_param":null,"btn_readonly_param":null,"date_format":null,"color_value":null,"display_order_no":9,"controlwidth":"width-8","dependentLookupType":"","io_mapping_json":null},{"id":7,"field_name":"Updated Date","help_text":"","filed_type":"7","field_binding":"updateddate","field_visible":"always","field_enable":false,"field_no_duplicate":false,"field_required":false,"field_default_value":"","field_validation_error_msg":[],"min_value":"","max_value":"","section_column":"2","section_alignment":"horizontal","validRecord":true,"dynamicSelectList":"[]","treeLevel":"control","parentid":3,"publish":"yes","display_order_no":7,"field_default_other_value":"0","field_error_msg":"","field_regular_exp":"","field_max_len":"0","isRepeatable":false,"layout":null,"labelcss":"col-lg-4 col-md-12 col-sm-12 text-right font8","controlcss":"col-sm-12 col-lg-8 col-md-12","lookup_form_id":"0","lookup_display_field":"[]","lookup_value_field":"","dateSetting":"none","dependentloopupid":"","dependent_filter_field":"","is_dependent_lookup":false,"is_display":false,"visible_stage":"","editable_stage":"","isAuditable":false,"isConfirm":false,"repeatable_save_as":null,"lookup_filter_value":"","lookup_view_field":"[]","section_dependent":false,"is_show_in_grid":false,"dependentInputField":false,"dependentInputValue":"","listgridselection":null,"field_unique":false,"autopopulate_visibility":"editable","advance_dependent_lookup":"[]","child_form_id":"","child_view_id":"","child_layout":"","child_json":null,"child_rule_filter":"","btn_input_json":"","is_section_hide":false,"link_with_form":false,"lookuplist":[],"seperator":"0","btn_input_param":null,"btn_output_param":null,"btn_readonly_param":null,"date_format":"DD-MM-YYYY","color_value":null,"controlwidth":""},{"id":6,"field_name":"Updated By","help_text":"","filed_type":4,"field_binding":"updatedby","field_visible":"always","field_enable":false,"field_no_duplicate":false,"field_required":false,"field_default_value":"","field_validation_error_msg":[],"min_value":"","max_value":"","section_column":"2","section_alignment":"horizontal","validRecord":false,"dynamicSelectList":[],"treeLevel":"control","field_max_len":"250","parentid":3,"publish":"yes","display_order_no":6},{"id":5,"field_name":"Created Date","help_text":"","filed_type":7,"field_binding":"createddate","field_visible":"always","field_enable":false,"field_no_duplicate":false,"field_required":false,"field_default_value":"","field_validation_error_msg":[],"min_value":"","max_value":"","section_column":"2","section_alignment":"horizontal","validRecord":false,"dynamicSelectList":[],"treeLevel":"control","parentid":3,"publish":"yes","display_order_no":5},{"id":4,"field_name":"Created By","help_text":"","filed_type":4,"field_binding":"createdby","field_visible":"always","field_enable":false,"field_no_duplicate":false,"field_required":false,"field_default_value":"","field_validation_error_msg":[],"min_value":"","max_value":"","section_column":"2","section_alignment":"horizontal","validRecord":false,"dynamicSelectList":[],"treeLevel":"control","field_max_len":"250","parentid":3,"publish":"yes","display_order_no":4},{"id":3,"field_name":"COMPANY DETAILS","help_text":"","filed_type":"1","field_binding":"company_subscription","field_visible":"always","field_enable":false,"field_no_duplicate":false,"field_required":false,"field_default_value":"","field_validation_error_msg":[],"min_value":"","max_value":"","section_column":"2","section_alignment":"horizontal","validRecord":false,"dynamicSelectList":"[]","isRepeatable":false,"layout":"1","treeLevel":"section","parentid":2,"publish":"yes","field_error_msg":"","field_regular_exp":"","field_max_len":"250","labelcss":"col-lg-4 col-md-12 col-sm-12 text-right font8","controlcss":"col-sm-12 col-lg-8 col-md-12","lookup_form_id":"0","lookup_display_field":"[]","lookup_value_field":"","dateSetting":"none","dependentloopupid":"","dependent_filter_field":"","is_dependent_lookup":false,"is_display":true,"visible_stage":"","editable_stage":"","isAuditable":false,"isConfirm":false,"repeatable_save_as":null,"lookup_filter_value":"","lookup_view_field":"[]","section_dependent":false,"is_show_in_grid":false,"dependentInputField":false,"dependentInputValue":"","listgridselection":null,"field_unique":false,"autopopulate_visibility":"editable","advance_dependent_lookup":"[]","child_form_id":"","child_view_id":"","child_layout":"","child_json":null,"child_rule_filter":"","btn_input_json":"","is_section_hide":false,"link_with_form":false,"lookuplist":[],"seperator":"0","btn_input_param":null,"btn_output_param":null,"btn_readonly_param":null,"date_format":null,"color_value":null,"display_order_no":3,"controlwidth":"","dependentLookupType":"","io_mapping_json":null},{"id":2,"field_name":"Company Subscription Details","help_text":"","filed_type":"17","field_binding":"company_subscription_details","field_visible":"always","field_enable":false,"field_no_duplicate":false,"field_required":false,"field_default_value":"","field_validation_error_msg":[],"min_value":"","max_value":"","section_column":"2","section_alignment":"horizontal","validRecord":true,"dynamicSelectList":"[]","treeLevel":"tab","parentid":1,"publish":"yes","display_order_no":2,"field_error_msg":"","field_regular_exp":"","field_max_len":"0","isRepeatable":false,"layout":null,"labelcss":"col-lg-4 col-md-12 col-sm-12 text-right font8","controlcss":"col-sm-12 col-lg-8 col-md-12","lookup_form_id":"0","lookup_display_field":"[]","lookup_value_field":"","dateSetting":"none","dependentloopupid":"","dependent_filter_field":"","is_dependent_lookup":false,"is_display":true,"visible_stage":"","editable_stage":"","isAuditable":false,"isConfirm":false,"repeatable_save_as":null,"lookup_filter_value":"","lookup_view_field":"[]","section_dependent":false,"is_show_in_grid":false,"dependentInputField":false,"dependentInputValue":"","listgridselection":null,"field_unique":false,"autopopulate_visibility":"editable","advance_dependent_lookup":"[]","child_form_id":"","child_view_id":"","child_layout":"","child_json":null,"child_rule_filter":"","btn_input_json":"","is_section_hide":false,"link_with_form":false,"lookuplist":[],"seperator":"0","btn_input_param":null,"btn_output_param":null,"btn_readonly_param":null,"date_format":null,"color_value":null,"dependentLookupType":"","controlwidth":"","io_mapping_json":null},{"id":1,"field_name":"Company Subscription","help_text":"","filed_type":"1","field_binding":"company_subscription","field_visible":"always","field_enable":false,"field_no_duplicate":false,"field_required":false,"field_default_value":"","field_validation_error_msg":[],"min_value":"","max_value":"","section_column":"1","section_alignment":"horizontal","validRecord":false,"dynamicSelectList":"[]","treeLevel":"form","publish":"yes","display_order_no":1,"field_error_msg":"","field_regular_exp":"","field_max_len":"250","isRepeatable":false,"layout":null,"labelcss":"col-sm-12 col-lg-3 col-md-12 text-right font8","controlcss":"col-sm-12 col-lg-9 col-md-12","lookup_form_id":"0","lookup_display_field":"[]","lookup_value_field":"","dateSetting":"none","dependentloopupid":"","dependent_filter_field":"","is_dependent_lookup":false,"is_display":true,"visible_stage":"","editable_stage":"","isAuditable":false,"isConfirm":false,"repeatable_save_as":null,"lookup_filter_value":"","lookup_view_field":"[]","section_dependent":false,"is_show_in_grid":false,"dependentInputField":false,"dependentInputValue":"","listgridselection":null,"field_unique":false,"autopopulate_visibility":"editable","advance_dependent_lookup":"[]","child_form_id":"","child_view_id":"","child_layout":"","child_json":null,"child_rule_filter":"","btn_input_json":"","is_section_hide":false,"link_with_form":false,"lookuplist":[],"seperator":"0","btn_input_param":null,"btn_output_param":null,"btn_readonly_param":null,"date_format":null,"color_value":null,"controlwidth":"width-10","dependentLookupType":"","io_mapping_json":null}]