[{"id":16,"field_name":"Is Active","help_text":"","filed_type":"6","field_binding":"is_active","field_visible":"always","field_enable":false,"field_no_duplicate":false,"field_required":false,"field_default_value":"true","field_error_msg":"","field_regular_exp":"","min_value":"","max_value":"","field_max_len":"0","section_column":"1","section_alignment":"horizontal","isRepeatable":false,"layout":"1","labelcss":"col-sm-12 col-lg-3 col-md-12 text-right font8","controlcss":"col-sm-12 col-lg-9 col-md-12","validRecord":true,"dynamicSelectList":"[]","treeLevel":"control","lookup_form_id":"0","lookup_display_field":"[]","lookup_value_field":"","dateSetting":"none","parentid":3,"dependentloopupid":"","dependent_filter_field":"","is_dependent_lookup":false,"is_display":true,"publish":"yes","visible_stage":"","editable_stage":"","isAuditable":false,"isConfirm":false,"repeatable_save_as":null,"lookup_filter_value":"","lookup_view_field":"[]","section_dependent":false,"is_show_in_grid":false,"dependentInputField":false,"dependentInputValue":"","listgridselection":null,"field_unique":false,"autopopulate_visibility":"editable","advance_dependent_lookup":"[]","child_form_id":"","child_view_id":"","child_layout":"","child_json":null,"child_rule_filter":"","btn_input_json":"","is_section_hide":false,"link_with_form":false,"lookuplist":[],"seperator":"0","btn_input_param":null,"btn_output_param":null,"btn_readonly_param":null,"date_format":null,"color_value":null,"display_order_no":15,"controlwidth":"width-8"},{"id":15,"field_name":"User Role","help_text":"","filed_type":"14","field_binding":"user_role_id","field_visible":"always","field_enable":false,"field_no_duplicate":false,"field_required":false,"field_default_value":"","field_error_msg":"","field_regular_exp":"","min_value":"","max_value":"","field_max_len":"0","section_column":"1","section_alignment":"horizontal","isRepeatable":false,"layout":"1","labelcss":"col-sm-12 col-lg-3 col-md-12 text-right font8","controlcss":"col-sm-12 col-lg-9 col-md-12","validRecord":false,"dynamicSelectList":"[]","treeLevel":"control","lookup_form_id":"app_tblrole,289","lookup_display_field":"[{\"id\":\"role_name\",\"name\":\"Role Name\"}]","lookup_value_field":"role_id","dateSetting":"none","parentid":3,"dependentloopupid":"0","dependent_filter_field":null,"is_dependent_lookup":false,"is_display":true,"publish":"yes","field_default_other_value":"0","visible_stage":"","editable_stage":"","isAuditable":false,"isConfirm":false,"repeatable_save_as":null,"lookup_filter_value":"","lookup_view_field":"[]","section_dependent":false,"is_show_in_grid":false,"dependentInputField":false,"dependentInputValue":"","listgridselection":null,"field_unique":false,"autopopulate_visibility":"editable","advance_dependent_lookup":"[]","child_form_id":"","child_view_id":"","child_layout":"","child_json":null,"child_rule_filter":"","btn_input_json":"","is_section_hide":false,"link_with_form":false,"link_form_viewid":"0","lookuplist":[],"seperator":"0","btn_input_param":null,"btn_output_param":null,"btn_readonly_param":null,"date_format":null,"color_value":null,"display_order_no":14,"controlwidth":"width-8"},{"id":14,"field_name":"Email Address","help_text":"","filed_type":"3","field_binding":"email_address","field_visible":"always","field_enable":false,"field_no_duplicate":false,"field_required":false,"field_default_value":"","field_error_msg":"Please enter a valid email","field_regular_exp":"^[a-z0-9._%+-]+@[a-z0-9.-]+.[a-z]{2,4}$","min_value":"","max_value":"","field_max_len":"150","section_column":"1","section_alignment":"horizontal","isRepeatable":false,"layout":"1","labelcss":"col-sm-12 col-lg-3 col-md-12 text-right font8","controlcss":"col-sm-12 col-lg-9 col-md-12","validRecord":false,"dynamicSelectList":"[]","treeLevel":"control","lookup_form_id":"0","lookup_display_field":"[]","lookup_value_field":"","dateSetting":"none","parentid":3,"dependentloopupid":"","dependent_filter_field":"","is_dependent_lookup":false,"is_display":true,"publish":"yes","visible_stage":"","editable_stage":"","isAuditable":false,"isConfirm":false,"repeatable_save_as":null,"lookup_filter_value":"","lookup_view_field":"[]","section_dependent":false,"is_show_in_grid":false,"dependentInputField":false,"dependentInputValue":"","listgridselection":null,"field_unique":false,"autopopulate_visibility":"editable","advance_dependent_lookup":"[]","child_form_id":"","child_view_id":"","child_layout":"","child_json":null,"child_rule_filter":"","btn_input_json":"","is_section_hide":false,"link_with_form":false,"lookuplist":[],"seperator":"0","btn_input_param":null,"btn_output_param":null,"btn_readonly_param":null,"date_format":null,"color_value":null,"display_order_no":13,"controlwidth":"width-8"},{"id":13,"field_name":"Mobile Number","help_text":"","filed_type":"11","field_binding":"mobile_number","field_visible":"always","field_enable":false,"field_no_duplicate":false,"field_required":false,"field_default_value":"","field_error_msg":"Please enter a valid phone number","field_regular_exp":"^[+]?[(]?[0-9]{3}[)]?[-s.]?[0-9]{3}[-s.]?[0-9]{4,6}$","min_value":"","max_value":"","field_max_len":"20","section_column":"1","section_alignment":"horizontal","isRepeatable":false,"layout":"1","labelcss":"col-sm-12 col-lg-3 col-md-12 text-right font8","controlcss":"col-sm-12 col-lg-9 col-md-12","validRecord":false,"dynamicSelectList":"[]","treeLevel":"control","lookup_form_id":"0","lookup_display_field":"[]","lookup_value_field":"","dateSetting":"none","parentid":3,"dependentloopupid":"","dependent_filter_field":"","is_dependent_lookup":false,"is_display":true,"publish":"yes","visible_stage":"","editable_stage":"","isAuditable":false,"isConfirm":false,"repeatable_save_as":null,"lookup_filter_value":"","lookup_view_field":"[]","section_dependent":false,"is_show_in_grid":false,"dependentInputField":false,"dependentInputValue":"","listgridselection":null,"field_unique":false,"autopopulate_visibility":"editable","advance_dependent_lookup":"[]","child_form_id":"","child_view_id":"","child_layout":"","child_json":null,"child_rule_filter":"","btn_input_json":"","is_section_hide":false,"link_with_form":false,"lookuplist":[],"seperator":"0","btn_input_param":null,"btn_output_param":null,"btn_readonly_param":null,"date_format":null,"color_value":null,"display_order_no":12,"controlwidth":"width-8"},{"id":12,"field_name":"Employee Id","help_text":"","filed_type":"1","field_binding":"employee_id","field_visible":"always","field_enable":false,"field_no_duplicate":false,"field_required":false,"field_default_value":"","field_error_msg":"","field_regular_exp":"","min_value":"","max_value":"","field_max_len":"250","section_column":"1","section_alignment":"horizontal","isRepeatable":false,"layout":"1","labelcss":"col-sm-12 col-lg-3 col-md-12 text-right font8","controlcss":"col-sm-12 col-lg-9 col-md-12","validRecord":false,"dynamicSelectList":"[]","treeLevel":"control","lookup_form_id":"0","lookup_display_field":"[]","lookup_value_field":"","dateSetting":"none","parentid":3,"dependentloopupid":"","dependent_filter_field":"","is_dependent_lookup":false,"is_display":true,"publish":"yes","visible_stage":"","editable_stage":"","isAuditable":false,"isConfirm":false,"repeatable_save_as":null,"lookup_filter_value":"","lookup_view_field":"[]","section_dependent":false,"is_show_in_grid":false,"dependentInputField":false,"dependentInputValue":"","listgridselection":null,"field_unique":false,"autopopulate_visibility":"editable","advance_dependent_lookup":"[]","child_form_id":"","child_view_id":"","child_layout":"","child_json":null,"child_rule_filter":"","btn_input_json":"","is_section_hide":false,"link_with_form":false,"lookuplist":[],"seperator":"0","btn_input_param":null,"btn_output_param":null,"btn_readonly_param":null,"date_format":null,"color_value":null,"display_order_no":11,"controlwidth":"width-8"},{"id":11,"field_name":"Full Name","help_text":"","filed_type":"1","field_binding":"full_name","field_visible":"always","field_enable":false,"field_no_duplicate":false,"field_required":false,"field_default_value":"","field_error_msg":"","field_regular_exp":"","min_value":"","max_value":"","field_max_len":"250","section_column":"1","section_alignment":"horizontal","isRepeatable":false,"layout":"1","labelcss":"col-sm-12 col-lg-3 col-md-12 text-right font8","controlcss":"col-sm-12 col-lg-9 col-md-12","validRecord":false,"dynamicSelectList":"[]","treeLevel":"control","lookup_form_id":"0","lookup_display_field":"[]","lookup_value_field":"","dateSetting":"none","parentid":3,"dependentloopupid":"","dependent_filter_field":"","is_dependent_lookup":false,"is_display":true,"publish":"yes","visible_stage":"","editable_stage":"","isAuditable":false,"isConfirm":false,"repeatable_save_as":null,"lookup_filter_value":"","lookup_view_field":"[]","section_dependent":false,"is_show_in_grid":false,"dependentInputField":false,"dependentInputValue":"","listgridselection":null,"field_unique":false,"autopopulate_visibility":"editable","advance_dependent_lookup":"[]","child_form_id":"","child_view_id":"","child_layout":"","child_json":null,"child_rule_filter":"","btn_input_json":"","is_section_hide":false,"link_with_form":false,"lookuplist":[],"seperator":"0","btn_input_param":null,"btn_output_param":null,"btn_readonly_param":null,"date_format":null,"color_value":null,"display_order_no":10,"controlwidth":"width-8"},{"id":10,"field_name":"Branch","help_text":"","filed_type":"15","field_binding":"branch_id","field_visible":"always","field_enable":false,"field_no_duplicate":false,"field_required":false,"field_default_value":"","field_error_msg":"","field_regular_exp":"","min_value":"","max_value":"","field_max_len":"0","section_column":"1","section_alignment":"horizontal","isRepeatable":false,"layout":"1","labelcss":"col-sm-12 col-lg-3 col-md-12 text-right font8","controlcss":"col-sm-12 col-lg-9 col-md-12","validRecord":false,"dynamicSelectList":"[]","treeLevel":"control","lookup_form_id":"z_entitydtl_company_branch_001,380","lookup_display_field":"[{\"id\":\"barchname\",\"name\":\"Barch Name\"}]","lookup_value_field":"company_branch_id","dateSetting":"none","parentid":3,"dependentloopupid":"company_id","dependent_filter_field":"company_id","is_dependent_lookup":false,"is_display":true,"publish":"yes","field_default_other_value":"0","visible_stage":"","editable_stage":"","isAuditable":false,"isConfirm":false,"repeatable_save_as":null,"lookup_filter_value":"","lookup_view_field":"[]","section_dependent":false,"is_show_in_grid":false,"dependentInputField":false,"dependentInputValue":"","listgridselection":null,"field_unique":false,"autopopulate_visibility":"editable","advance_dependent_lookup":"[]","child_form_id":"","child_view_id":"","child_layout":"","child_json":null,"child_rule_filter":"","btn_input_json":"","is_section_hide":false,"link_with_form":false,"link_form_viewid":"0","lookuplist":[{"field_binding":"company_id","lookup_form_id":"z_entitymast_company_001,376","lookup_display_field":[{"id":"company_name","name":"Company Name"}],"lookup_value_field":"company_id"}],"seperator":"0","btn_input_param":null,"btn_output_param":null,"btn_readonly_param":null,"date_format":null,"color_value":null,"display_order_no":9,"controlwidth":"width-8"},{"id":9,"field_name":"company_user_id","help_text":null,"filed_type":0,"field_binding":"company_user_id","field_visible":0,"field_enable":null,"field_no_duplicate":null,"field_required":null,"field_default_value":null,"field_error_msg":null,"field_regular_exp":null,"min_value":null,"max_value":null,"field_max_len":null,"section_column":null,"section_alignment":null,"labelcss":null,"controlcss":null,"validRecord":null,"dynamicSelectList":[],"treeLevel":"control","lookup_form_id":null,"lookup_display_field":[],"lookup_value_field":null,"dateSetting":null,"parentid":3,"dependentloopupid":null,"dependent_filter_field":null,"is_dependent_lookup":null,"is_display":false,"Primay_foreign_key":"P","publish":"yes"},{"id":8,"field_name":"Company","help_text":"","filed_type":"14","field_binding":"company_id","field_visible":"always","field_enable":false,"field_no_duplicate":false,"field_required":false,"field_default_value":"","field_validation_error_msg":[],"min_value":"","max_value":"","field_max_len":"0","section_column":"1","section_alignment":"horizontal","validRecord":true,"dynamicSelectList":"[]","treeLevel":"control","lookup_form_id":"z_entitymast_company_001,376","lookup_display_field":"[{\"id\":\"company_name\",\"name\":\"Company Name\"}]","lookup_value_field":"company_id","dateSetting":"none","parentid":"3","dependentloopupid":"0","dependent_filter_field":null,"is_dependent_lookup":false,"is_display":true,"Primay_foreign_key":"F","publish":"yes","display_order_no":8,"field_default_other_value":"session_UserCode","field_error_msg":"","field_regular_exp":"","isRepeatable":false,"layout":null,"labelcss":"col-sm-12 col-lg-3 col-md-12 text-right font8","controlcss":"col-sm-12 col-lg-9 col-md-12","visible_stage":"","editable_stage":"361","isAuditable":false,"isConfirm":false,"repeatable_save_as":null,"lookup_filter_value":"","lookup_view_field":"[]","section_dependent":false,"is_show_in_grid":false,"dependentInputField":false,"dependentInputValue":"","listgridselection":null,"field_unique":false,"autopopulate_visibility":"editable","advance_dependent_lookup":"[]","child_form_id":"","child_view_id":"","child_layout":"","child_json":null,"child_rule_filter":"","btn_input_json":"","is_section_hide":false,"link_with_form":false,"link_form_viewid":"0","lookuplist":[{"field_binding":"company_type","lookup_form_id":"app_tblsystemenum,290","lookup_display_field":[{"id":"varibale_name","name":"Variable Name"}],"lookup_value_field":"id"},{"field_binding":"company_pincode","lookup_form_id":"z_entitymast_pin_code_master_001,382","lookup_display_field":[{"id":"pin_code","name":"Pin Code"}],"lookup_value_field":"pin_code_master_id"},{"field_binding":"company_town","lookup_form_id":"z_entitydtl_city_pin_code_mapping_001,383","lookup_display_field":[{"id":"city_name","name":"City Name"}],"lookup_value_field":"city_pin_code_mapping_id"},{"field_binding":"company_district","lookup_form_id":"z_entitymast_pin_code_master_001,382","lookup_display_field":[{"id":"district_name","name":"District Name"}],"lookup_value_field":"pin_code_master_id"},{"field_binding":"company_state","lookup_form_id":"z_entitymast_pin_code_master_001,382","lookup_display_field":[{"id":"state_name","name":"State Name"}],"lookup_value_field":"pin_code_master_id"}],"seperator":"0","btn_input_param":null,"btn_output_param":null,"btn_readonly_param":null,"date_format":null,"color_value":null,"controlwidth":"width-8"},{"id":7,"field_name":"Updated Date","help_text":"","filed_type":7,"field_binding":"updateddate","field_visible":"always","field_enable":false,"field_no_duplicate":false,"field_required":false,"field_default_value":"","field_validation_error_msg":[],"min_value":"","max_value":"","section_column":"2","section_alignment":"horizontal","validRecord":false,"dynamicSelectList":[],"treeLevel":"control","parentid":3,"publish":"yes","display_order_no":7},{"id":6,"field_name":"Updated By","help_text":"","filed_type":4,"field_binding":"updatedby","field_visible":"always","field_enable":false,"field_no_duplicate":false,"field_required":false,"field_default_value":"","field_validation_error_msg":[],"min_value":"","max_value":"","section_column":"2","section_alignment":"horizontal","validRecord":false,"dynamicSelectList":[],"treeLevel":"control","field_max_len":"250","parentid":3,"publish":"yes","display_order_no":6},{"id":5,"field_name":"Created Date","help_text":"","filed_type":7,"field_binding":"createddate","field_visible":"always","field_enable":false,"field_no_duplicate":false,"field_required":false,"field_default_value":"","field_validation_error_msg":[],"min_value":"","max_value":"","section_column":"2","section_alignment":"horizontal","validRecord":false,"dynamicSelectList":[],"treeLevel":"control","parentid":3,"publish":"yes","display_order_no":5},{"id":4,"field_name":"Created By","help_text":"","filed_type":4,"field_binding":"createdby","field_visible":"always","field_enable":false,"field_no_duplicate":false,"field_required":false,"field_default_value":"","field_validation_error_msg":[],"min_value":"","max_value":"","section_column":"2","section_alignment":"horizontal","validRecord":false,"dynamicSelectList":[],"treeLevel":"control","field_max_len":"250","parentid":3,"publish":"yes","display_order_no":4},{"id":3,"field_name":"Company User","help_text":"","filed_type":"1","field_binding":"company_user","field_visible":"always","field_enable":false,"field_no_duplicate":false,"field_required":false,"field_default_value":"","field_validation_error_msg":[],"min_value":"","max_value":"","section_column":"2","section_alignment":"horizontal","validRecord":false,"dynamicSelectList":"[]","isRepeatable":false,"layout":"1","treeLevel":"section","parentid":2,"publish":"yes","field_error_msg":"","field_regular_exp":"","field_max_len":"250","labelcss":"col-lg-4 col-md-12 col-sm-12 text-right font8","controlcss":"col-sm-12 col-lg-8 col-md-12","lookup_form_id":"0","lookup_display_field":"[]","lookup_value_field":"","dateSetting":"none","dependentloopupid":"","dependent_filter_field":"","is_dependent_lookup":false,"is_display":true,"visible_stage":"","editable_stage":"","isAuditable":false,"isConfirm":false,"repeatable_save_as":null,"lookup_filter_value":"","lookup_view_field":"[]","section_dependent":false,"is_show_in_grid":false,"dependentInputField":false,"dependentInputValue":"","listgridselection":null,"field_unique":false,"autopopulate_visibility":"editable","advance_dependent_lookup":"[]","child_form_id":"","child_view_id":"","child_layout":"","child_json":null,"child_rule_filter":"","btn_input_json":"","is_section_hide":false,"link_with_form":false,"lookuplist":[],"seperator":"0","btn_input_param":null,"btn_output_param":null,"btn_readonly_param":null,"date_format":null,"color_value":null,"display_order_no":3},{"id":2,"field_name":"Company User Details","help_text":"","filed_type":17,"field_binding":"company_user_details","field_visible":"always","field_enable":false,"field_no_duplicate":false,"field_required":false,"field_default_value":"","field_validation_error_msg":[],"min_value":"","max_value":"","section_column":"2","section_alignment":"horizontal","validRecord":false,"dynamicSelectList":[],"treeLevel":"tab","parentid":1,"publish":"yes","display_order_no":2},{"id":1,"field_name":"Company User","help_text":"","filed_type":1,"field_binding":"company_user","field_visible":"always","field_enable":false,"field_no_duplicate":false,"field_required":false,"field_default_value":"","field_validation_error_msg":[],"min_value":"","max_value":"","section_column":"1","section_alignment":"horizontal","validRecord":false,"dynamicSelectList":[],"treeLevel":"form","publish":"yes","display_order_no":1}]