[{"id":13,"field_name":"load_card_id","help_text":null,"filed_type":0,"field_binding":"load_card_id","field_visible":0,"field_enable":null,"field_no_duplicate":null,"field_required":null,"field_default_value":null,"field_error_msg":null,"field_regular_exp":null,"min_value":null,"max_value":null,"field_max_len":null,"section_column":null,"section_alignment":null,"labelcss":null,"controlcss":null,"validRecord":null,"dynamicSelectList":[],"treeLevel":"control","lookup_form_id":null,"lookup_display_field":[],"lookup_value_field":null,"dateSetting":null,"parentid":3,"dependentloopupid":null,"dependent_filter_field":null,"is_dependent_lookup":null,"is_display":false,"Primay_foreign_key":"P","publish":"yes"},{"id":12,"field_name":"Amount (INR)","help_text":"","filed_type":"13","field_binding":"field_9","field_visible":"always","field_enable":false,"field_no_duplicate":false,"field_required":false,"field_default_value":"","field_error_msg":"","field_regular_exp":"","min_value":"","max_value":"","field_max_len":"0","section_column":"1","section_alignment":"horizontal","isRepeatable":false,"layout":"1","labelcss":"col-sm-12 col-lg-3 col-md-12 text-right font8","controlcss":"col-sm-12 col-lg-9 col-md-12","validRecord":true,"dynamicSelectList":"[]","treeLevel":"control","lookup_form_id":"0","lookup_display_field":"[]","lookup_value_field":"","dateSetting":"none","parentid":3,"dependentloopupid":"","dependent_filter_field":"","is_dependent_lookup":false,"is_display":true,"publish":"yes","visible_stage":"","editable_stage":"","isAuditable":false,"isConfirm":false,"repeatable_save_as":null,"lookup_filter_value":"","lookup_view_field":"[]","section_dependent":false,"is_show_in_grid":false,"dependentInputField":false,"dependentInputValue":"","listgridselection":null,"field_unique":false,"autopopulate_visibility":"editable","advance_dependent_lookup":"[]","child_form_id":"","child_view_id":"","child_layout":"","child_json":null,"child_rule_filter":"","btn_input_json":"","is_section_hide":false,"link_with_form":false,"lookuplist":[],"seperator":"0","btn_input_param":null,"btn_output_param":null,"btn_readonly_param":null,"date_format":null,"color_value":null,"display_order_no":10,"controlwidth":"width-6"},{"id":11,"field_name":"Card List","help_text":"","filed_type":"15","field_binding":"card_list","field_visible":"always","field_enable":false,"field_no_duplicate":false,"field_required":false,"field_default_value":"","field_error_msg":"","field_regular_exp":"","min_value":"","max_value":"","field_max_len":"0","section_column":"1","section_alignment":"horizontal","isRepeatable":false,"layout":"1","labelcss":"col-sm-12 col-lg-3 col-md-12 text-right font8","controlcss":"col-sm-12 col-lg-9 col-md-12","validRecord":false,"dynamicSelectList":"[]","treeLevel":"control","lookup_form_id":"z_entitydtl_issue_card_001,378","lookup_display_field":"[{\"id\":\"kit_number_id\",\"name\":\"Kit Number\"}]","lookup_value_field":"issue_card_id","dateSetting":"none","parentid":3,"dependentloopupid":"issue_card_id","dependent_filter_field":"issue_card_id","is_dependent_lookup":false,"is_display":true,"publish":"yes","field_default_other_value":"0","visible_stage":"","editable_stage":"","isAuditable":false,"isConfirm":false,"repeatable_save_as":null,"lookup_filter_value":"","lookup_view_field":"[]","section_dependent":false,"is_show_in_grid":false,"dependentInputField":false,"dependentInputValue":"","listgridselection":null,"field_unique":false,"autopopulate_visibility":"editable","advance_dependent_lookup":"[]","child_form_id":"","child_view_id":"","child_layout":"","child_json":null,"child_rule_filter":"","btn_input_json":"","is_section_hide":false,"link_with_form":false,"link_form_viewid":"0","lookuplist":[{"field_binding":"company_id","lookup_form_id":"z_entitymast_company_001,376","lookup_display_field":[{"id":"company_name","name":"Company Name"}],"lookup_value_field":"company_id"},{"field_binding":"card_type","lookup_form_id":"app_tblsystemenum,290","lookup_display_field":[{"id":"varibale_name","name":"Variable Name"}],"lookup_value_field":"id"},{"field_binding":"kit_number_id","lookup_form_id":"z_entitydtl_company_kit_number_001,379","lookup_display_field":[{"id":"kit_number","name":"Kit Number"}],"lookup_value_field":"company_kit_number_id"},{"field_binding":"gender_id","lookup_form_id":"app_tblsystemenum,290","lookup_display_field":[{"id":"varibale_name","name":"Variable Name"}],"lookup_value_field":"id"},{"field_binding":"pin_code","lookup_form_id":"z_entitymast_pin_code_master_001,382","lookup_display_field":[{"id":"pin_code","name":"Pin Code"}],"lookup_value_field":"pin_code_master_id"},{"field_binding":"city_name","lookup_form_id":"z_entitydtl_city_pin_code_mapping_001,383","lookup_display_field":[{"id":"city_name","name":"City Name"}],"lookup_value_field":"city_pin_code_mapping_id"},{"field_binding":"district_name","lookup_form_id":"z_entitymast_pin_code_master_001,382","lookup_display_field":[{"id":"district_name","name":"District Name"}],"lookup_value_field":"pin_code_master_id"},{"field_binding":"state_name","lookup_form_id":"z_entitymast_pin_code_master_001,382","lookup_display_field":[{"id":"state_name","name":"State Name"}],"lookup_value_field":"pin_code_master_id"}],"seperator":"0","btn_input_param":null,"btn_output_param":null,"btn_readonly_param":null,"date_format":null,"color_value":null,"display_order_no":9,"controlwidth":"width-6"},{"id":8,"field_name":"Mobile Number","help_text":"","filed_type":"19","field_binding":"issue_card_id","field_visible":null,"field_enable":false,"field_no_duplicate":false,"field_required":false,"field_default_value":"","field_validation_error_msg":[],"min_value":"","max_value":"","field_max_len":"0","section_column":"1","section_alignment":"horizontal","validRecord":false,"dynamicSelectList":"[]","treeLevel":"control","lookup_form_id":"z_entitydtl_issue_card_001,378","lookup_display_field":"[{\"id\":\"mobile_number\",\"name\":\"Mobile Number\"}]","lookup_value_field":"issue_card_id","dateSetting":"none","parentid":"3","dependentloopupid":"0","dependent_filter_field":null,"is_dependent_lookup":false,"is_display":true,"Primay_foreign_key":"F","publish":"yes","field_default_other_value":"0","field_error_msg":"","field_regular_exp":"","isRepeatable":false,"layout":null,"labelcss":"col-sm-12 col-lg-3 col-md-12 text-right font8","controlcss":"col-sm-12 col-lg-9 col-md-12","visible_stage":"","editable_stage":"","isAuditable":false,"isConfirm":false,"repeatable_save_as":null,"lookup_filter_value":"","lookup_view_field":"[]","section_dependent":false,"is_show_in_grid":false,"dependentInputField":false,"dependentInputValue":"","listgridselection":null,"field_unique":false,"autopopulate_visibility":"editable","advance_dependent_lookup":"[]","child_form_id":"","child_view_id":"","child_layout":"","child_json":null,"child_rule_filter":"","btn_input_json":"","is_section_hide":false,"link_with_form":false,"link_form_viewid":"0","lookuplist":[{"field_binding":"company_id","lookup_form_id":"z_entitymast_company_001,376","lookup_display_field":[{"id":"company_name","name":"Company Name"}],"lookup_value_field":"company_id"},{"field_binding":"card_type","lookup_form_id":"app_tblsystemenum,290","lookup_display_field":[{"id":"varibale_name","name":"Variable Name"}],"lookup_value_field":"id"},{"field_binding":"kit_number_id","lookup_form_id":"z_entitydtl_company_kit_number_001,379","lookup_display_field":[{"id":"kit_number","name":"Kit Number"}],"lookup_value_field":"company_kit_number_id"},{"field_binding":"gender_id","lookup_form_id":"app_tblsystemenum,290","lookup_display_field":[{"id":"varibale_name","name":"Variable Name"}],"lookup_value_field":"id"},{"field_binding":"pin_code","lookup_form_id":"z_entitymast_pin_code_master_001,382","lookup_display_field":[{"id":"pin_code","name":"Pin Code"}],"lookup_value_field":"pin_code_master_id"},{"field_binding":"city_name","lookup_form_id":"z_entitydtl_city_pin_code_mapping_001,383","lookup_display_field":[{"id":"city_name","name":"City Name"}],"lookup_value_field":"city_pin_code_mapping_id"},{"field_binding":"district_name","lookup_form_id":"z_entitymast_pin_code_master_001,382","lookup_display_field":[{"id":"district_name","name":"District Name"}],"lookup_value_field":"pin_code_master_id"},{"field_binding":"state_name","lookup_form_id":"z_entitymast_pin_code_master_001,382","lookup_display_field":[{"id":"state_name","name":"State Name"}],"lookup_value_field":"pin_code_master_id"}],"seperator":"0","btn_input_param":null,"btn_output_param":null,"btn_readonly_param":null,"date_format":null,"color_value":null,"display_order_no":8,"controlwidth":"width-6"},{"id":7,"field_name":"Updated Date","help_text":"","filed_type":7,"field_binding":"updateddate","field_visible":"always","field_enable":false,"field_no_duplicate":false,"field_required":false,"field_default_value":"","field_validation_error_msg":[],"min_value":"","max_value":"","section_column":"2","section_alignment":"horizontal","validRecord":false,"dynamicSelectList":[],"treeLevel":"control","parentid":3,"publish":"yes","display_order_no":7},{"id":6,"field_name":"Updated By","help_text":"","filed_type":4,"field_binding":"updatedby","field_visible":"always","field_enable":false,"field_no_duplicate":false,"field_required":false,"field_default_value":"","field_validation_error_msg":[],"min_value":"","max_value":"","section_column":"2","section_alignment":"horizontal","validRecord":false,"dynamicSelectList":[],"treeLevel":"control","field_max_len":"250","parentid":3,"publish":"yes","display_order_no":6},{"id":5,"field_name":"Created Date","help_text":"","filed_type":7,"field_binding":"createddate","field_visible":"always","field_enable":false,"field_no_duplicate":false,"field_required":false,"field_default_value":"","field_validation_error_msg":[],"min_value":"","max_value":"","section_column":"2","section_alignment":"horizontal","validRecord":false,"dynamicSelectList":[],"treeLevel":"control","parentid":3,"publish":"yes","display_order_no":5},{"id":4,"field_name":"Created By","help_text":"","filed_type":4,"field_binding":"createdby","field_visible":"always","field_enable":false,"field_no_duplicate":false,"field_required":false,"field_default_value":"","field_validation_error_msg":[],"min_value":"","max_value":"","section_column":"2","section_alignment":"horizontal","validRecord":false,"dynamicSelectList":[],"treeLevel":"control","field_max_len":"250","parentid":3,"publish":"yes","display_order_no":4},{"id":3,"field_name":"Load Card","help_text":"","filed_type":"1","field_binding":"load_card","field_visible":"always","field_enable":false,"field_no_duplicate":false,"field_required":false,"field_default_value":"","field_validation_error_msg":[],"min_value":"","max_value":"","section_column":"2","section_alignment":"horizontal","validRecord":false,"dynamicSelectList":"[]","isRepeatable":false,"layout":"1","treeLevel":"section","parentid":2,"publish":"yes","field_error_msg":"","field_regular_exp":"","field_max_len":"250","labelcss":"col-lg-4 col-md-12 col-sm-12 text-right font8","controlcss":"col-sm-12 col-lg-8 col-md-12","lookup_form_id":"0","lookup_display_field":"[]","lookup_value_field":"","dateSetting":"none","dependentloopupid":"","dependent_filter_field":"","is_dependent_lookup":false,"is_display":true,"visible_stage":"","editable_stage":"","isAuditable":false,"isConfirm":false,"repeatable_save_as":null,"lookup_filter_value":"","lookup_view_field":"[]","section_dependent":false,"is_show_in_grid":false,"dependentInputField":false,"dependentInputValue":"","listgridselection":null,"field_unique":false,"autopopulate_visibility":"editable","advance_dependent_lookup":"[]","child_form_id":"","child_view_id":"","child_layout":"","child_json":null,"child_rule_filter":"","btn_input_json":"","is_section_hide":false,"link_with_form":false,"lookuplist":[],"seperator":"0","btn_input_param":null,"btn_output_param":null,"btn_readonly_param":null,"date_format":null,"color_value":null,"display_order_no":3},{"id":2,"field_name":"Load Card Details","help_text":"","filed_type":17,"field_binding":"load_card_details","field_visible":"always","field_enable":false,"field_no_duplicate":false,"field_required":false,"field_default_value":"","field_validation_error_msg":[],"min_value":"","max_value":"","section_column":"2","section_alignment":"horizontal","validRecord":false,"dynamicSelectList":[],"treeLevel":"tab","parentid":1,"publish":"yes","display_order_no":2},{"id":1,"field_name":"Load Card","help_text":"","filed_type":1,"field_binding":"load_card","field_visible":"always","field_enable":false,"field_no_duplicate":false,"field_required":false,"field_default_value":"","field_validation_error_msg":[],"min_value":"","max_value":"","section_column":"1","section_alignment":"horizontal","validRecord":false,"dynamicSelectList":[],"treeLevel":"form","publish":"yes","display_order_no":1}]