[{"id":1,"field_name":"Card Product","help_text":"","filed_type":"1","field_binding":"card_product","field_visible":"always","field_enable":false,"field_no_duplicate":false,"field_required":false,"field_default_value":"","field_validation_error_msg":[],"min_value":"","max_value":"","section_column":"1","section_alignment":"horizontal","validRecord":true,"dynamicSelectList":"[]","treeLevel":"form","publish":"yes","display_order_no":1,"field_error_msg":"","field_regular_exp":"","field_max_len":"250","isRepeatable":false,"layout":null,"labelcss":"col-sm-12 col-lg-3 col-md-12 text-right font8","controlcss":"col-sm-12 col-lg-9 col-md-12","lookup_form_id":"0","lookup_display_field":"[]","lookup_value_field":"","dateSetting":"none","dependentloopupid":"","dependent_filter_field":"","is_dependent_lookup":false,"is_display":true,"visible_stage":"","editable_stage":"","isAuditable":false,"isConfirm":false,"repeatable_save_as":null,"lookup_filter_value":"","lookup_view_field":"[]","section_dependent":false,"is_show_in_grid":false,"dependentInputField":false,"dependentInputValue":"","dependentLookupType":"","listgridselection":null,"field_unique":false,"autopopulate_visibility":"editable","advance_dependent_lookup":"[]","child_form_id":"","child_view_id":"","child_layout":"","child_json":null,"child_rule_filter":"","btn_input_json":"","is_section_hide":false,"link_with_form":false,"lookuplist":[],"seperator":"0","btn_input_param":null,"btn_output_param":null,"btn_readonly_param":null,"date_format":null,"color_value":null,"controlwidth":"width-10","io_mapping_json":null},{"id":2,"field_name":"Card Product Details","help_text":"","filed_type":17,"field_binding":"card_product_details","field_visible":"always","field_enable":false,"field_no_duplicate":false,"field_required":false,"field_default_value":"","field_validation_error_msg":[],"min_value":"","max_value":"","section_column":"2","section_alignment":"horizontal","validRecord":false,"dynamicSelectList":[],"treeLevel":"tab","parentid":1,"publish":"yes","display_order_no":2},{"id":3,"field_name":"Card Product","help_text":"","filed_type":"1","field_binding":"card_product","field_visible":"always","field_enable":false,"field_no_duplicate":false,"field_required":false,"field_default_value":"","field_validation_error_msg":[],"min_value":"","max_value":"","section_column":"2","section_alignment":"horizontal","validRecord":false,"dynamicSelectList":"[]","isRepeatable":false,"layout":"1","treeLevel":"section","parentid":2,"publish":"yes","field_error_msg":"","field_regular_exp":"","field_max_len":"250","labelcss":"col-lg-4 col-md-12 col-sm-12 text-right font8","controlcss":"col-sm-12 col-lg-8 col-md-12","lookup_form_id":"0","lookup_display_field":"[]","lookup_value_field":"","dateSetting":"none","dependentloopupid":"","dependent_filter_field":"","is_dependent_lookup":false,"is_display":true,"visible_stage":"","editable_stage":"","isAuditable":false,"isConfirm":false,"repeatable_save_as":null,"lookup_filter_value":"","lookup_view_field":"[]","section_dependent":false,"is_show_in_grid":false,"dependentInputField":false,"dependentInputValue":"","dependentLookupType":"","listgridselection":null,"field_unique":false,"autopopulate_visibility":"editable","advance_dependent_lookup":"[]","child_form_id":"","child_view_id":"","child_layout":"","child_json":null,"child_rule_filter":"","btn_input_json":"","is_section_hide":false,"link_with_form":false,"lookuplist":[],"seperator":"0","btn_input_param":null,"btn_output_param":null,"btn_readonly_param":null,"date_format":null,"color_value":null,"controlwidth":"","io_mapping_json":null,"display_order_no":3},{"id":4,"field_name":"Created By","help_text":"","filed_type":4,"field_binding":"createdby","field_visible":"always","field_enable":false,"field_no_duplicate":false,"field_required":false,"field_default_value":"","field_validation_error_msg":[],"min_value":"","max_value":"","section_column":"2","section_alignment":"horizontal","validRecord":false,"dynamicSelectList":[],"treeLevel":"control","field_max_len":"250","parentid":3,"publish":"yes","display_order_no":4},{"id":5,"field_name":"Created Date","help_text":"","filed_type":7,"field_binding":"createddate","field_visible":"always","field_enable":false,"field_no_duplicate":false,"field_required":false,"field_default_value":"","field_validation_error_msg":[],"min_value":"","max_value":"","section_column":"2","section_alignment":"horizontal","validRecord":false,"dynamicSelectList":[],"treeLevel":"control","parentid":3,"publish":"yes","display_order_no":5},{"id":6,"field_name":"Updated By","help_text":"","filed_type":4,"field_binding":"updatedby","field_visible":"always","field_enable":false,"field_no_duplicate":false,"field_required":false,"field_default_value":"","field_validation_error_msg":[],"min_value":"","max_value":"","section_column":"2","section_alignment":"horizontal","validRecord":false,"dynamicSelectList":[],"treeLevel":"control","field_max_len":"250","parentid":3,"publish":"yes","display_order_no":6},{"id":7,"field_name":"Updated Date","help_text":"","filed_type":7,"field_binding":"updateddate","field_visible":"always","field_enable":false,"field_no_duplicate":false,"field_required":false,"field_default_value":"","field_validation_error_msg":[],"min_value":"","max_value":"","section_column":"2","section_alignment":"horizontal","validRecord":false,"dynamicSelectList":[],"treeLevel":"control","parentid":3,"publish":"yes","display_order_no":7},{"id":8,"field_name":"card_product_id","help_text":null,"filed_type":0,"field_binding":"card_product_id","field_visible":0,"field_enable":null,"field_no_duplicate":null,"field_required":null,"field_default_value":null,"field_error_msg":null,"field_regular_exp":null,"min_value":null,"max_value":null,"field_max_len":null,"section_column":null,"section_alignment":null,"labelcss":null,"controlcss":null,"validRecord":null,"dynamicSelectList":[],"treeLevel":"control","lookup_form_id":null,"lookup_display_field":[],"lookup_value_field":null,"dateSetting":null,"parentid":3,"dependentloopupid":null,"dependent_filter_field":null,"is_dependent_lookup":null,"is_display":false,"Primay_foreign_key":"P","publish":"yes"},{"id":9,"field_name":"Product Title","help_text":"","filed_type":"1","field_binding":"card_product_title","field_visible":"always","field_enable":false,"field_no_duplicate":false,"field_required":false,"field_default_value":"","field_error_msg":"","field_regular_exp":"","min_value":"","max_value":"","field_max_len":"250","section_column":"2","section_alignment":"horizontal","isRepeatable":false,"layout":"1","labelcss":"col-lg-4 col-md-12 col-sm-12 text-right font8","controlcss":"col-sm-12 col-lg-8 col-md-12","validRecord":false,"dynamicSelectList":"[]","treeLevel":"control","lookup_form_id":"0","lookup_display_field":"[]","lookup_value_field":"","dateSetting":"none","parentid":3,"dependentloopupid":"","dependent_filter_field":"","is_dependent_lookup":false,"is_display":true,"publish":"yes","visible_stage":"","editable_stage":"","isAuditable":false,"isConfirm":false,"repeatable_save_as":null,"lookup_filter_value":"","lookup_view_field":"[]","section_dependent":false,"is_show_in_grid":false,"dependentInputField":false,"dependentInputValue":"","dependentLookupType":"","listgridselection":null,"field_unique":false,"autopopulate_visibility":"editable","advance_dependent_lookup":"[]","child_form_id":"","child_view_id":"","child_layout":"","child_json":null,"child_rule_filter":"","btn_input_json":"","is_section_hide":false,"link_with_form":false,"lookuplist":[],"seperator":"0","btn_input_param":null,"btn_output_param":null,"btn_readonly_param":null,"date_format":null,"color_value":null,"controlwidth":"","io_mapping_json":null,"display_order_no":8},{"id":10,"field_name":"Product Code","help_text":"","filed_type":"1","field_binding":"card_product_code","field_visible":"always","field_enable":false,"field_no_duplicate":false,"field_required":false,"field_default_value":"","field_error_msg":"","field_regular_exp":"","min_value":"","max_value":"","field_max_len":"250","section_column":"2","section_alignment":"horizontal","isRepeatable":false,"layout":"1","labelcss":"col-lg-4 col-md-12 col-sm-12 text-right font8","controlcss":"col-sm-12 col-lg-8 col-md-12","validRecord":true,"dynamicSelectList":"[]","treeLevel":"control","lookup_form_id":"0","lookup_display_field":"[]","lookup_value_field":"","dateSetting":"none","parentid":3,"dependentloopupid":"","dependent_filter_field":"","is_dependent_lookup":false,"is_display":true,"publish":"yes","visible_stage":"","editable_stage":"","isAuditable":false,"isConfirm":false,"repeatable_save_as":null,"lookup_filter_value":"","lookup_view_field":"[]","section_dependent":false,"is_show_in_grid":false,"dependentInputField":false,"dependentInputValue":"","dependentLookupType":"","listgridselection":null,"field_unique":false,"autopopulate_visibility":"editable","advance_dependent_lookup":"[]","child_form_id":"","child_view_id":"","child_layout":"","child_json":null,"child_rule_filter":"","btn_input_json":"","is_section_hide":false,"link_with_form":false,"lookuplist":[],"seperator":"0","btn_input_param":null,"btn_output_param":null,"btn_readonly_param":null,"date_format":null,"color_value":null,"controlwidth":"","io_mapping_json":null,"display_order_no":9},{"id":11,"field_name":"Product Description","help_text":"","filed_type":"1","field_binding":"card_product_description","field_visible":"always","field_enable":false,"field_no_duplicate":false,"field_required":false,"field_default_value":"","field_error_msg":"","field_regular_exp":"","min_value":"","max_value":"","field_max_len":"250","section_column":"2","section_alignment":"horizontal","isRepeatable":false,"layout":"1","labelcss":"col-lg-4 col-md-12 col-sm-12 text-right font8","controlcss":"col-sm-12 col-lg-8 col-md-12","validRecord":false,"dynamicSelectList":"[]","treeLevel":"control","lookup_form_id":"0","lookup_display_field":"[]","lookup_value_field":"","dateSetting":"none","parentid":3,"dependentloopupid":"","dependent_filter_field":"","is_dependent_lookup":false,"is_display":true,"publish":"yes","visible_stage":"","editable_stage":"","isAuditable":false,"isConfirm":false,"repeatable_save_as":null,"lookup_filter_value":"","lookup_view_field":"[]","section_dependent":false,"is_show_in_grid":false,"dependentInputField":false,"dependentInputValue":"","dependentLookupType":"","listgridselection":null,"field_unique":false,"autopopulate_visibility":"editable","advance_dependent_lookup":"[]","child_form_id":"","child_view_id":"","child_layout":"","child_json":null,"child_rule_filter":"","btn_input_json":"","is_section_hide":false,"link_with_form":false,"lookuplist":[],"seperator":"0","btn_input_param":null,"btn_output_param":null,"btn_readonly_param":null,"date_format":null,"color_value":null,"controlwidth":"","io_mapping_json":null,"display_order_no":10},{"id":12,"field_name":"Insurance Surcharge","help_text":"","filed_type":"4","field_binding":"insurance_surcharges","field_visible":"always","field_enable":false,"field_no_duplicate":false,"field_required":false,"field_default_value":"","field_error_msg":"","field_regular_exp":"","min_value":"","max_value":"","field_max_len":"0","section_column":"2","section_alignment":"horizontal","isRepeatable":false,"layout":"1","labelcss":"col-lg-4 col-md-12 col-sm-12 text-right font8","controlcss":"col-sm-12 col-lg-8 col-md-12","validRecord":false,"dynamicSelectList":"[]","treeLevel":"control","lookup_form_id":"0","lookup_display_field":"[]","lookup_value_field":"","dateSetting":"none","parentid":3,"dependentloopupid":"","dependent_filter_field":"","is_dependent_lookup":false,"is_display":true,"publish":"yes","field_default_other_value":"0","visible_stage":"","editable_stage":"","isAuditable":false,"isConfirm":false,"repeatable_save_as":null,"lookup_filter_value":"","lookup_view_field":"[]","section_dependent":false,"is_show_in_grid":false,"dependentInputField":false,"dependentInputValue":"","dependentLookupType":"","listgridselection":null,"field_unique":false,"autopopulate_visibility":"editable","advance_dependent_lookup":"[]","child_form_id":"","child_view_id":"","child_layout":"","child_json":null,"child_rule_filter":"","btn_input_json":"","is_section_hide":false,"link_with_form":false,"lookuplist":[],"seperator":"0","btn_input_param":null,"btn_output_param":null,"btn_readonly_param":null,"date_format":null,"color_value":null,"controlwidth":"","io_mapping_json":null,"display_order_no":11},{"id":13,"field_name":"Petrol Surcharges","help_text":"","filed_type":"4","field_binding":"petrol_surcharges","field_visible":"always","field_enable":false,"field_no_duplicate":false,"field_required":false,"field_default_value":"","field_error_msg":"","field_regular_exp":"","min_value":"","max_value":"","field_max_len":"0","section_column":"2","section_alignment":"horizontal","isRepeatable":false,"layout":"1","labelcss":"col-lg-4 col-md-12 col-sm-12 text-right font8","controlcss":"col-sm-12 col-lg-8 col-md-12","validRecord":false,"dynamicSelectList":"[]","treeLevel":"control","lookup_form_id":"0","lookup_display_field":"[]","lookup_value_field":"","dateSetting":"none","parentid":3,"dependentloopupid":"","dependent_filter_field":"","is_dependent_lookup":false,"is_display":true,"publish":"yes","field_default_other_value":"0","visible_stage":"","editable_stage":"","isAuditable":false,"isConfirm":false,"repeatable_save_as":null,"lookup_filter_value":"","lookup_view_field":"[]","section_dependent":false,"is_show_in_grid":false,"dependentInputField":false,"dependentInputValue":"","dependentLookupType":"","listgridselection":null,"field_unique":false,"autopopulate_visibility":"editable","advance_dependent_lookup":"[]","child_form_id":"","child_view_id":"","child_layout":"","child_json":null,"child_rule_filter":"","btn_input_json":"","is_section_hide":false,"link_with_form":false,"lookuplist":[],"seperator":"0","btn_input_param":null,"btn_output_param":null,"btn_readonly_param":null,"date_format":null,"color_value":null,"controlwidth":"","io_mapping_json":null,"display_order_no":12},{"id":14,"field_name":"Annual Maintenance","help_text":"","filed_type":"4","field_binding":"annual_maintenance","field_visible":"always","field_enable":false,"field_no_duplicate":false,"field_required":false,"field_default_value":"","field_error_msg":"","field_regular_exp":"","min_value":"","max_value":"","field_max_len":"0","section_column":"2","section_alignment":"horizontal","isRepeatable":false,"layout":"1","labelcss":"col-lg-4 col-md-12 col-sm-12 text-right font8","controlcss":"col-sm-12 col-lg-8 col-md-12","validRecord":false,"dynamicSelectList":"[]","treeLevel":"control","lookup_form_id":"0","lookup_display_field":"[]","lookup_value_field":"","dateSetting":"none","parentid":3,"dependentloopupid":"","dependent_filter_field":"","is_dependent_lookup":false,"is_display":true,"publish":"yes","field_default_other_value":"0","visible_stage":"","editable_stage":"","isAuditable":false,"isConfirm":false,"repeatable_save_as":null,"lookup_filter_value":"","lookup_view_field":"[]","section_dependent":false,"is_show_in_grid":false,"dependentInputField":false,"dependentInputValue":"","dependentLookupType":"","listgridselection":null,"field_unique":false,"autopopulate_visibility":"editable","advance_dependent_lookup":"[]","child_form_id":"","child_view_id":"","child_layout":"","child_json":null,"child_rule_filter":"","btn_input_json":"","is_section_hide":false,"link_with_form":false,"lookuplist":[],"seperator":"0","btn_input_param":null,"btn_output_param":null,"btn_readonly_param":null,"date_format":null,"color_value":null,"controlwidth":"","io_mapping_json":null,"display_order_no":13},{"id":15,"field_name":"Portal Reporting","help_text":"","filed_type":"4","field_binding":"portal_reporting","field_visible":"always","field_enable":false,"field_no_duplicate":false,"field_required":false,"field_default_value":"","field_error_msg":"","field_regular_exp":"","min_value":"","max_value":"","field_max_len":"0","section_column":"2","section_alignment":"horizontal","isRepeatable":false,"layout":"1","labelcss":"col-lg-4 col-md-12 col-sm-12 text-right font8","controlcss":"col-sm-12 col-lg-8 col-md-12","validRecord":false,"dynamicSelectList":"[]","treeLevel":"control","lookup_form_id":"0","lookup_display_field":"[]","lookup_value_field":"","dateSetting":"none","parentid":3,"dependentloopupid":"","dependent_filter_field":"","is_dependent_lookup":false,"is_display":true,"publish":"yes","field_default_other_value":"0","visible_stage":"","editable_stage":"","isAuditable":false,"isConfirm":false,"repeatable_save_as":null,"lookup_filter_value":"","lookup_view_field":"[]","section_dependent":false,"is_show_in_grid":false,"dependentInputField":false,"dependentInputValue":"","dependentLookupType":"","listgridselection":null,"field_unique":false,"autopopulate_visibility":"editable","advance_dependent_lookup":"[]","child_form_id":"","child_view_id":"","child_layout":"","child_json":null,"child_rule_filter":"","btn_input_json":"","is_section_hide":false,"link_with_form":false,"lookuplist":[],"seperator":"0","btn_input_param":null,"btn_output_param":null,"btn_readonly_param":null,"date_format":null,"color_value":null,"controlwidth":"","io_mapping_json":null,"display_order_no":14},{"id":16,"field_name":"Balance Inquiry","help_text":"","filed_type":"4","field_binding":"balance_inquiry","field_visible":"always","field_enable":false,"field_no_duplicate":false,"field_required":false,"field_default_value":"","field_error_msg":"","field_regular_exp":"","min_value":"","max_value":"","field_max_len":"0","section_column":"2","section_alignment":"horizontal","isRepeatable":false,"layout":"1","labelcss":"col-lg-4 col-md-12 col-sm-12 text-right font8","controlcss":"col-sm-12 col-lg-8 col-md-12","validRecord":false,"dynamicSelectList":"[]","treeLevel":"control","lookup_form_id":"0","lookup_display_field":"[]","lookup_value_field":"","dateSetting":"none","parentid":3,"dependentloopupid":"","dependent_filter_field":"","is_dependent_lookup":false,"is_display":true,"publish":"yes","field_default_other_value":"0","visible_stage":"","editable_stage":"","isAuditable":false,"isConfirm":false,"repeatable_save_as":null,"lookup_filter_value":"","lookup_view_field":"[]","section_dependent":false,"is_show_in_grid":false,"dependentInputField":false,"dependentInputValue":"","dependentLookupType":"","listgridselection":null,"field_unique":false,"autopopulate_visibility":"editable","advance_dependent_lookup":"[]","child_form_id":"","child_view_id":"","child_layout":"","child_json":null,"child_rule_filter":"","btn_input_json":"","is_section_hide":false,"link_with_form":false,"lookuplist":[],"seperator":"0","btn_input_param":null,"btn_output_param":null,"btn_readonly_param":null,"date_format":null,"color_value":null,"controlwidth":"","io_mapping_json":null,"display_order_no":15},{"id":17,"field_name":"Minimum Value","help_text":"","filed_type":"4","field_binding":"minimum_value","field_visible":"always","field_enable":false,"field_no_duplicate":false,"field_required":false,"field_default_value":"","field_error_msg":"","field_regular_exp":"","min_value":"","max_value":"","field_max_len":"0","section_column":"2","section_alignment":"horizontal","isRepeatable":false,"layout":"1","labelcss":"col-lg-4 col-md-12 col-sm-12 text-right font8","controlcss":"col-sm-12 col-lg-8 col-md-12","validRecord":false,"dynamicSelectList":"[]","treeLevel":"control","lookup_form_id":"0","lookup_display_field":"[]","lookup_value_field":"","dateSetting":"none","parentid":3,"dependentloopupid":"","dependent_filter_field":"","is_dependent_lookup":false,"is_display":true,"publish":"yes","field_default_other_value":"0","visible_stage":"","editable_stage":"","isAuditable":false,"isConfirm":false,"repeatable_save_as":null,"lookup_filter_value":"","lookup_view_field":"[]","section_dependent":false,"is_show_in_grid":false,"dependentInputField":false,"dependentInputValue":"","dependentLookupType":"","listgridselection":null,"field_unique":false,"autopopulate_visibility":"editable","advance_dependent_lookup":"[]","child_form_id":"","child_view_id":"","child_layout":"","child_json":null,"child_rule_filter":"","btn_input_json":"","is_section_hide":false,"link_with_form":false,"lookuplist":[],"seperator":"0","btn_input_param":null,"btn_output_param":null,"btn_readonly_param":null,"date_format":null,"color_value":null,"controlwidth":"","io_mapping_json":null,"display_order_no":16},{"id":18,"field_name":"Card Cost","help_text":"","filed_type":"4","field_binding":"card_cost","field_visible":"always","field_enable":false,"field_no_duplicate":false,"field_required":false,"field_default_value":"","field_error_msg":"","field_regular_exp":"","min_value":"","max_value":"","field_max_len":"0","section_column":"2","section_alignment":"horizontal","isRepeatable":false,"layout":"1","labelcss":"col-lg-4 col-md-12 col-sm-12 text-right font8","controlcss":"col-sm-12 col-lg-8 col-md-12","validRecord":false,"dynamicSelectList":"[]","treeLevel":"control","lookup_form_id":"0","lookup_display_field":"[]","lookup_value_field":"","dateSetting":"none","parentid":3,"dependentloopupid":"","dependent_filter_field":"","is_dependent_lookup":false,"is_display":true,"publish":"yes","field_default_other_value":"0","visible_stage":"","editable_stage":"","isAuditable":false,"isConfirm":false,"repeatable_save_as":null,"lookup_filter_value":"","lookup_view_field":"[]","section_dependent":false,"is_show_in_grid":false,"dependentInputField":false,"dependentInputValue":"","dependentLookupType":"","listgridselection":null,"field_unique":false,"autopopulate_visibility":"editable","advance_dependent_lookup":"[]","child_form_id":"","child_view_id":"","child_layout":"","child_json":null,"child_rule_filter":"","btn_input_json":"","is_section_hide":false,"link_with_form":false,"lookuplist":[],"seperator":"0","btn_input_param":null,"btn_output_param":null,"btn_readonly_param":null,"date_format":null,"color_value":null,"controlwidth":"","io_mapping_json":null,"display_order_no":17},{"id":19,"field_name":"Card Form Id","help_text":"","filed_type":"4","field_binding":"cardform_id","field_visible":"always","field_enable":false,"field_no_duplicate":false,"field_required":false,"field_default_value":"","field_error_msg":"","field_regular_exp":"","min_value":"","max_value":"","field_max_len":"0","section_column":"2","section_alignment":"horizontal","isRepeatable":false,"layout":"1","labelcss":"col-lg-4 col-md-12 col-sm-12 text-right font8","controlcss":"col-sm-12 col-lg-8 col-md-12","validRecord":false,"dynamicSelectList":"[]","treeLevel":"control","lookup_form_id":"0","lookup_display_field":"[]","lookup_value_field":"","dateSetting":"none","parentid":3,"dependentloopupid":"","dependent_filter_field":"","is_dependent_lookup":false,"is_display":true,"publish":"yes","field_default_other_value":"0","visible_stage":"","editable_stage":"","isAuditable":false,"isConfirm":false,"repeatable_save_as":null,"lookup_filter_value":"","lookup_view_field":"[]","section_dependent":false,"is_show_in_grid":false,"dependentInputField":false,"dependentInputValue":"","dependentLookupType":"","listgridselection":null,"field_unique":false,"autopopulate_visibility":"editable","advance_dependent_lookup":"[]","child_form_id":"","child_view_id":"","child_layout":"","child_json":null,"child_rule_filter":"","btn_input_json":"","is_section_hide":false,"link_with_form":false,"lookuplist":[],"seperator":"0","btn_input_param":null,"btn_output_param":null,"btn_readonly_param":null,"date_format":null,"color_value":null,"controlwidth":"","io_mapping_json":null,"display_order_no":18},{"id":20,"field_name":"mcccategory_id","help_text":"","filed_type":"4","field_binding":"mcccategory_id","field_visible":"always","field_enable":false,"field_no_duplicate":false,"field_required":false,"field_default_value":"","field_error_msg":"","field_regular_exp":"","min_value":"","max_value":"","field_max_len":"0","section_column":"2","section_alignment":"horizontal","isRepeatable":false,"layout":"1","labelcss":"col-lg-4 col-md-12 col-sm-12 text-right font8","controlcss":"col-sm-12 col-lg-8 col-md-12","validRecord":false,"dynamicSelectList":"[]","treeLevel":"control","lookup_form_id":"0","lookup_display_field":"[]","lookup_value_field":"","dateSetting":"none","parentid":3,"dependentloopupid":"","dependent_filter_field":"","is_dependent_lookup":false,"is_display":true,"publish":"yes","field_default_other_value":"0","visible_stage":"","editable_stage":"","isAuditable":false,"isConfirm":false,"repeatable_save_as":null,"lookup_filter_value":"","lookup_view_field":"[]","section_dependent":false,"is_show_in_grid":false,"dependentInputField":false,"dependentInputValue":"","dependentLookupType":"","listgridselection":null,"field_unique":false,"autopopulate_visibility":"editable","advance_dependent_lookup":"[]","child_form_id":"","child_view_id":"","child_layout":"","child_json":null,"child_rule_filter":"","btn_input_json":"","is_section_hide":false,"link_with_form":false,"lookuplist":[],"seperator":"0","btn_input_param":null,"btn_output_param":null,"btn_readonly_param":null,"date_format":null,"color_value":null,"controlwidth":"","io_mapping_json":null,"display_order_no":19},{"id":21,"field_name":"Channels Id","help_text":"","filed_type":"4","field_binding":"channels_id","field_visible":"always","field_enable":false,"field_no_duplicate":false,"field_required":false,"field_default_value":"","field_error_msg":"","field_regular_exp":"","min_value":"","max_value":"","field_max_len":"0","section_column":"2","section_alignment":"horizontal","isRepeatable":false,"layout":"1","labelcss":"col-lg-4 col-md-12 col-sm-12 text-right font8","controlcss":"col-sm-12 col-lg-8 col-md-12","validRecord":false,"dynamicSelectList":"[]","treeLevel":"control","lookup_form_id":"0","lookup_display_field":"[]","lookup_value_field":"","dateSetting":"none","parentid":3,"dependentloopupid":"","dependent_filter_field":"","is_dependent_lookup":false,"is_display":true,"publish":"yes","field_default_other_value":"0","visible_stage":"","editable_stage":"","isAuditable":false,"isConfirm":false,"repeatable_save_as":null,"lookup_filter_value":"","lookup_view_field":"[]","section_dependent":false,"is_show_in_grid":false,"dependentInputField":false,"dependentInputValue":"","dependentLookupType":"","listgridselection":null,"field_unique":false,"autopopulate_visibility":"editable","advance_dependent_lookup":"[]","child_form_id":"","child_view_id":"","child_layout":"","child_json":null,"child_rule_filter":"","btn_input_json":"","is_section_hide":false,"link_with_form":false,"lookuplist":[],"seperator":"0","btn_input_param":null,"btn_output_param":null,"btn_readonly_param":null,"date_format":null,"color_value":null,"controlwidth":"","io_mapping_json":null,"display_order_no":20},{"id":22,"field_name":"Loadingfrequency Id","help_text":"","filed_type":"4","field_binding":"loadingfrequency_id","field_visible":"always","field_enable":false,"field_no_duplicate":false,"field_required":false,"field_default_value":"","field_error_msg":"","field_regular_exp":"","min_value":"","max_value":"","field_max_len":"0","section_column":"2","section_alignment":"horizontal","isRepeatable":false,"layout":"1","labelcss":"col-lg-4 col-md-12 col-sm-12 text-right font8","controlcss":"col-sm-12 col-lg-8 col-md-12","validRecord":false,"dynamicSelectList":"[]","treeLevel":"control","lookup_form_id":"0","lookup_display_field":"[]","lookup_value_field":"","dateSetting":"none","parentid":3,"dependentloopupid":"","dependent_filter_field":"","is_dependent_lookup":false,"is_display":true,"publish":"yes","field_default_other_value":"0","visible_stage":"","editable_stage":"","isAuditable":false,"isConfirm":false,"repeatable_save_as":null,"lookup_filter_value":"","lookup_view_field":"[]","section_dependent":false,"is_show_in_grid":false,"dependentInputField":false,"dependentInputValue":"","dependentLookupType":"","listgridselection":null,"field_unique":false,"autopopulate_visibility":"editable","advance_dependent_lookup":"[]","child_form_id":"","child_view_id":"","child_layout":"","child_json":null,"child_rule_filter":"","btn_input_json":"","is_section_hide":false,"link_with_form":false,"lookuplist":[],"seperator":"0","btn_input_param":null,"btn_output_param":null,"btn_readonly_param":null,"date_format":null,"color_value":null,"controlwidth":"","io_mapping_json":null,"display_order_no":21},{"id":23,"field_name":"Eligibleloadsource Id","help_text":"","filed_type":"4","field_binding":"eligibleloadsource_id","field_visible":"always","field_enable":false,"field_no_duplicate":false,"field_required":false,"field_default_value":"","field_error_msg":"","field_regular_exp":"","min_value":"","max_value":"","field_max_len":"0","section_column":"2","section_alignment":"horizontal","isRepeatable":false,"layout":"1","labelcss":"col-lg-4 col-md-12 col-sm-12 text-right font8","controlcss":"col-sm-12 col-lg-8 col-md-12","validRecord":false,"dynamicSelectList":"[]","treeLevel":"control","lookup_form_id":"0","lookup_display_field":"[]","lookup_value_field":"","dateSetting":"none","parentid":3,"dependentloopupid":"","dependent_filter_field":"","is_dependent_lookup":false,"is_display":true,"publish":"yes","field_default_other_value":"0","visible_stage":"","editable_stage":"","isAuditable":false,"isConfirm":false,"repeatable_save_as":null,"lookup_filter_value":"","lookup_view_field":"[]","section_dependent":false,"is_show_in_grid":false,"dependentInputField":false,"dependentInputValue":"","dependentLookupType":"","listgridselection":null,"field_unique":false,"autopopulate_visibility":"editable","advance_dependent_lookup":"[]","child_form_id":"","child_view_id":"","child_layout":"","child_json":null,"child_rule_filter":"","btn_input_json":"","is_section_hide":false,"link_with_form":false,"lookuplist":[],"seperator":"0","btn_input_param":null,"btn_output_param":null,"btn_readonly_param":null,"date_format":null,"color_value":null,"controlwidth":"","io_mapping_json":null,"display_order_no":22},{"id":24,"field_name":"Limitsbalanceamount Id","help_text":"","filed_type":"4","field_binding":"limitsbalanceamount_id","field_visible":"always","field_enable":false,"field_no_duplicate":false,"field_required":false,"field_default_value":"","field_error_msg":"","field_regular_exp":"","min_value":"","max_value":"","field_max_len":"0","section_column":"2","section_alignment":"horizontal","isRepeatable":false,"layout":"1","labelcss":"col-lg-4 col-md-12 col-sm-12 text-right font8","controlcss":"col-sm-12 col-lg-8 col-md-12","validRecord":false,"dynamicSelectList":"[]","treeLevel":"control","lookup_form_id":"0","lookup_display_field":"[]","lookup_value_field":"","dateSetting":"none","parentid":3,"dependentloopupid":"","dependent_filter_field":"","is_dependent_lookup":false,"is_display":true,"publish":"yes","field_default_other_value":"0","visible_stage":"","editable_stage":"","isAuditable":false,"isConfirm":false,"repeatable_save_as":null,"lookup_filter_value":"","lookup_view_field":"[]","section_dependent":false,"is_show_in_grid":false,"dependentInputField":false,"dependentInputValue":"","dependentLookupType":"","listgridselection":null,"field_unique":false,"autopopulate_visibility":"editable","advance_dependent_lookup":"[]","child_form_id":"","child_view_id":"","child_layout":"","child_json":null,"child_rule_filter":"","btn_input_json":"","is_section_hide":false,"link_with_form":false,"lookuplist":[],"seperator":"0","btn_input_param":null,"btn_output_param":null,"btn_readonly_param":null,"date_format":null,"color_value":null,"controlwidth":"","io_mapping_json":null,"display_order_no":23},{"id":25,"field_name":"Limitsspendamount Id","help_text":"","filed_type":"4","field_binding":"limitsspendamount_id","field_visible":"always","field_enable":false,"field_no_duplicate":false,"field_required":false,"field_default_value":"","field_error_msg":"","field_regular_exp":"","min_value":"","max_value":"","field_max_len":"0","section_column":"2","section_alignment":"horizontal","isRepeatable":false,"layout":"1","labelcss":"col-lg-4 col-md-12 col-sm-12 text-right font8","controlcss":"col-sm-12 col-lg-8 col-md-12","validRecord":false,"dynamicSelectList":"[]","treeLevel":"control","lookup_form_id":"0","lookup_display_field":"[]","lookup_value_field":"","dateSetting":"none","parentid":3,"dependentloopupid":"","dependent_filter_field":"","is_dependent_lookup":false,"is_display":true,"publish":"yes","field_default_other_value":"0","visible_stage":"","editable_stage":"","isAuditable":false,"isConfirm":false,"repeatable_save_as":null,"lookup_filter_value":"","lookup_view_field":"[]","section_dependent":false,"is_show_in_grid":false,"dependentInputField":false,"dependentInputValue":"","dependentLookupType":"","listgridselection":null,"field_unique":false,"autopopulate_visibility":"editable","advance_dependent_lookup":"[]","child_form_id":"","child_view_id":"","child_layout":"","child_json":null,"child_rule_filter":"","btn_input_json":"","is_section_hide":false,"link_with_form":false,"lookuplist":[],"seperator":"0","btn_input_param":null,"btn_output_param":null,"btn_readonly_param":null,"date_format":null,"color_value":null,"controlwidth":"","io_mapping_json":null,"display_order_no":24},{"id":26,"field_name":"Limitsspendfrequency Id","help_text":"","filed_type":"4","field_binding":"limitsspendfrequency_id","field_visible":"always","field_enable":false,"field_no_duplicate":false,"field_required":false,"field_default_value":"","field_error_msg":"","field_regular_exp":"","min_value":"","max_value":"","field_max_len":"0","section_column":"2","section_alignment":"horizontal","isRepeatable":false,"layout":"1","labelcss":"col-lg-4 col-md-12 col-sm-12 text-right font8","controlcss":"col-sm-12 col-lg-8 col-md-12","validRecord":false,"dynamicSelectList":"[]","treeLevel":"control","lookup_form_id":"0","lookup_display_field":"[]","lookup_value_field":"","dateSetting":"none","parentid":3,"dependentloopupid":"","dependent_filter_field":"","is_dependent_lookup":false,"is_display":true,"publish":"yes","field_default_other_value":"0","visible_stage":"","editable_stage":"","isAuditable":false,"isConfirm":false,"repeatable_save_as":null,"lookup_filter_value":"","lookup_view_field":"[]","section_dependent":false,"is_show_in_grid":false,"dependentInputField":false,"dependentInputValue":"","dependentLookupType":"","listgridselection":null,"field_unique":false,"autopopulate_visibility":"editable","advance_dependent_lookup":"[]","child_form_id":"","child_view_id":"","child_layout":"","child_json":null,"child_rule_filter":"","btn_input_json":"","is_section_hide":false,"link_with_form":false,"lookuplist":[],"seperator":"0","btn_input_param":null,"btn_output_param":null,"btn_readonly_param":null,"date_format":null,"color_value":null,"controlwidth":"","io_mapping_json":null,"display_order_no":25},{"id":27,"field_name":"Velocity Id","help_text":"","filed_type":"4","field_binding":"velocity_id","field_visible":"always","field_enable":false,"field_no_duplicate":false,"field_required":false,"field_default_value":"","field_error_msg":"","field_regular_exp":"","min_value":"","max_value":"","field_max_len":"0","section_column":"2","section_alignment":"horizontal","isRepeatable":false,"layout":"1","labelcss":"col-lg-4 col-md-12 col-sm-12 text-right font8","controlcss":"col-sm-12 col-lg-8 col-md-12","validRecord":false,"dynamicSelectList":"[]","treeLevel":"control","lookup_form_id":"0","lookup_display_field":"[]","lookup_value_field":"","dateSetting":"none","parentid":3,"dependentloopupid":"","dependent_filter_field":"","is_dependent_lookup":false,"is_display":true,"publish":"yes","field_default_other_value":"0","visible_stage":"","editable_stage":"","isAuditable":false,"isConfirm":false,"repeatable_save_as":null,"lookup_filter_value":"","lookup_view_field":"[]","section_dependent":false,"is_show_in_grid":false,"dependentInputField":false,"dependentInputValue":"","dependentLookupType":"","listgridselection":null,"field_unique":false,"autopopulate_visibility":"editable","advance_dependent_lookup":"[]","child_form_id":"","child_view_id":"","child_layout":"","child_json":null,"child_rule_filter":"","btn_input_json":"","is_section_hide":false,"link_with_form":false,"lookuplist":[],"seperator":"0","btn_input_param":null,"btn_output_param":null,"btn_readonly_param":null,"date_format":null,"color_value":null,"controlwidth":"","io_mapping_json":null,"display_order_no":26},{"id":28,"field_name":"Eligiblekyc Id","help_text":"","filed_type":"4","field_binding":"eligiblekyc_id","field_visible":"always","field_enable":false,"field_no_duplicate":false,"field_required":false,"field_default_value":"","field_error_msg":"","field_regular_exp":"","min_value":"","max_value":"","field_max_len":"0","section_column":"2","section_alignment":"horizontal","isRepeatable":false,"layout":"1","labelcss":"col-lg-4 col-md-12 col-sm-12 text-right font8","controlcss":"col-sm-12 col-lg-8 col-md-12","validRecord":false,"dynamicSelectList":"[]","treeLevel":"control","lookup_form_id":"0","lookup_display_field":"[]","lookup_value_field":"","dateSetting":"none","parentid":3,"dependentloopupid":"","dependent_filter_field":"","is_dependent_lookup":false,"is_display":true,"publish":"yes","field_default_other_value":"0","visible_stage":"","editable_stage":"","isAuditable":false,"isConfirm":false,"repeatable_save_as":null,"lookup_filter_value":"","lookup_view_field":"[]","section_dependent":false,"is_show_in_grid":false,"dependentInputField":false,"dependentInputValue":"","dependentLookupType":"","listgridselection":null,"field_unique":false,"autopopulate_visibility":"editable","advance_dependent_lookup":"[]","child_form_id":"","child_view_id":"","child_layout":"","child_json":null,"child_rule_filter":"","btn_input_json":"","is_section_hide":false,"link_with_form":false,"lookuplist":[],"seperator":"0","btn_input_param":null,"btn_output_param":null,"btn_readonly_param":null,"date_format":null,"color_value":null,"controlwidth":"","io_mapping_json":null,"display_order_no":27},{"id":29,"field_name":"Is Active","help_text":"","filed_type":"6","field_binding":"is_active","field_visible":"always","field_enable":false,"field_no_duplicate":false,"field_required":false,"field_default_value":"","field_error_msg":"","field_regular_exp":"","min_value":"","max_value":"","field_max_len":"0","section_column":"2","section_alignment":"horizontal","isRepeatable":false,"layout":"1","labelcss":"col-lg-4 col-md-12 col-sm-12 text-right font8","controlcss":"col-sm-12 col-lg-8 col-md-12","validRecord":false,"dynamicSelectList":"[]","treeLevel":"control","lookup_form_id":"0","lookup_display_field":"[]","lookup_value_field":"","dateSetting":"none","parentid":3,"dependentloopupid":"","dependent_filter_field":"","is_dependent_lookup":false,"is_display":true,"publish":"yes","visible_stage":"","editable_stage":"","isAuditable":false,"isConfirm":false,"repeatable_save_as":null,"lookup_filter_value":"","lookup_view_field":"[]","section_dependent":false,"is_show_in_grid":false,"dependentInputField":false,"dependentInputValue":"","dependentLookupType":"","listgridselection":null,"field_unique":false,"autopopulate_visibility":"editable","advance_dependent_lookup":"[]","child_form_id":"","child_view_id":"","child_layout":"","child_json":null,"child_rule_filter":"","btn_input_json":"","is_section_hide":false,"link_with_form":false,"lookuplist":[],"seperator":"0","btn_input_param":null,"btn_output_param":null,"btn_readonly_param":null,"date_format":null,"color_value":null,"controlwidth":"","io_mapping_json":null,"display_order_no":28}]