[{"level":1,"field_id":"4929","field_caption":"Role Name","sortable":true,"filterable":true,"resizable":true,"field_name":"role_name","reference_form_id":"0","display_field":"[]","value_field":null,"dynamiclist":"[]","control_type":1,"column_width":150,"from_table_name":"app_tblrole","to_table_name":"","parent_field_name":""},{"level":1,"field_id":"4928","field_caption":"Is Active","sortable":true,"filterable":true,"resizable":true,"field_name":"isactive","reference_form_id":"0","display_field":"[]","value_field":null,"dynamiclist":"[]","control_type":6,"column_width":150,"from_table_name":"app_tblrole","to_table_name":"","parent_field_name":""}]