[{"level":1,"field_id":"4937","field_caption":"Variable Name","sortable":true,"filterable":true,"resizable":true,"field_name":"varibale_name","reference_form_id":"0","display_field":"[]","value_field":null,"dynamiclist":"[]","control_type":1,"column_width":"350","from_table_name":"app_tblsystemenum","to_table_name":"","parent_field_name":""},{"level":1,"field_id":"4936","field_caption":"Variable Type","sortable":true,"filterable":true,"resizable":true,"field_name":"varibale_type","reference_form_id":"0","display_field":"[]","value_field":null,"dynamiclist":"[]","control_type":1,"column_width":"250","from_table_name":"app_tblsystemenum","to_table_name":"","parent_field_name":""},{"level":1,"field_id":"4935","field_caption":"Is Active","sortable":true,"filterable":true,"resizable":true,"field_name":"isactive","reference_form_id":"0","display_field":"[]","value_field":null,"dynamiclist":"[]","control_type":6,"column_width":150,"from_table_name":"app_tblsystemenum","to_table_name":"","parent_field_name":""}]