[{"level":1,"field_id":"4960","field_caption":"Prifix","sortable":true,"filterable":true,"resizable":true,"field_name":"user_prifix","reference_form_id":"app_tblsystemenum","display_field":"[{\"id\":\"varibale_name\",\"name\":\"Variable Name\"}]","value_field":"id","dynamiclist":"[]","control_type":14,"column_width":150,"from_table_name":"app_tbluser","to_table_name":"app_tblsystemenum","parent_field_name":""},{"level":1,"field_id":"4959","field_caption":"Name","sortable":true,"filterable":true,"resizable":true,"field_name":"user_fname","reference_form_id":"0","display_field":"[{\"id\":\"varibale_name\",\"name\":\"Variable Name\"}]","value_field":"id","dynamiclist":"[]","control_type":1,"column_width":150,"from_table_name":"app_tbluser","to_table_name":"","parent_field_name":""},{"level":1,"field_id":"4965","field_caption":"Login Name","sortable":true,"filterable":true,"resizable":true,"field_name":"user_loginname","reference_form_id":"0","display_field":"[]","value_field":null,"dynamiclist":"[]","control_type":1,"column_width":150,"from_table_name":"app_tbluser","to_table_name":"","parent_field_name":""},{"level":1,"field_id":"4951","field_caption":"Is Active","sortable":true,"filterable":true,"resizable":true,"field_name":"isactive","reference_form_id":"0","display_field":"[]","value_field":null,"dynamiclist":"[]","control_type":6,"column_width":150,"from_table_name":"app_tbluser","to_table_name":"","parent_field_name":""}]