[{"level":1,"field_id":"5032","field_caption":"User Name","sortable":true,"filterable":true,"resizable":true,"field_name":"user_id","reference_form_id":"app_tbluser","display_field":"[{\"id\":\"user_lname\",\"name\":\"Last Name\"},{\"id\":\"user_mname\",\"name\":\"Middle Name\"},{\"id\":\"user_fname\",\"name\":\"First Name\"}]","value_field":"user_id","dynamiclist":"[]","control_type":14,"column_width":150,"from_table_name":"app_tbluserprofile","to_table_name":"app_tbluser","parent_field_name":""},{"level":2,"field_id":"4965","field_caption":"Login Name","sortable":true,"filterable":true,"resizable":true,"field_name":"user_loginname","reference_form_id":"0","display_field":"[]","value_field":null,"dynamiclist":"[]","control_type":1,"column_width":150,"from_table_name":"app_tbluserprofile","to_table_name":"app_tbluser","parent_field_name":"user_id"},{"level":1,"field_id":"5031","field_caption":"Role Name","sortable":true,"filterable":true,"resizable":true,"field_name":"role_id","reference_form_id":"app_tblrole","display_field":"[{\"id\":\"role_name\",\"name\":\"Role Name\"}]","value_field":"role_id","dynamiclist":"[]","control_type":14,"column_width":150,"from_table_name":"app_tbluserprofile","to_table_name":"app_tblrole","parent_field_name":""}]