[{"level":1,"field_id":"6361","field_caption":"Company Type","sortable":true,"filterable":true,"resizable":true,"display":true,"field_name":"company_type","reference_form_id":"app_tblsystemenum","display_field":"[{\"id\":\"varibale_name\",\"name\":\"Variable Name\"}]","value_field":"id","dynamiclist":"[]","control_type":14,"column_width":150,"from_table_name":"z_entitymast_company_001","to_table_name":"app_tblsystemenum","parent_field_name":"","function":0},{"level":1,"field_id":"6360","field_caption":"Company Name","sortable":true,"filterable":true,"resizable":true,"display":true,"field_name":"company_name","reference_form_id":"0","display_field":"[]","value_field":null,"dynamiclist":"[]","control_type":1,"column_width":150,"from_table_name":"z_entitymast_company_001","to_table_name":"","parent_field_name":"","function":0}]