[{"level":1,"field_id":"6373","field_caption":"Company","sortable":true,"filterable":true,"resizable":true,"display":true,"field_name":"company_id","reference_form_id":"z_entitymast_company_001","display_field":"[{\"id\":\"company_name\",\"name\":\"Company Name\"}]","value_field":"company_id","dynamiclist":"[]","control_type":19,"column_width":150,"from_table_name":"z_entitydtl_company_subscription_001","to_table_name":"z_entitymast_company_001","parent_field_name":"","function":0},{"level":1,"field_id":"6374","field_caption":"Company Type","sortable":true,"filterable":true,"resizable":true,"display":true,"field_name":"company_type","reference_form_id":"app_tblsystemenum","display_field":"[{\"id\":\"varibale_name\",\"name\":\"Variable Name\"}]","value_field":"id","dynamiclist":"[]","control_type":14,"column_width":150,"from_table_name":"z_entitydtl_company_subscription_001","to_table_name":"app_tblsystemenum","parent_field_name":"","function":0},{"level":1,"field_id":"6384","field_caption":"No of Cards","sortable":true,"filterable":true,"resizable":true,"display":true,"field_name":"no_of_cards","reference_form_id":"0","display_field":"[]","value_field":null,"dynamiclist":"[]","control_type":4,"column_width":150,"from_table_name":"z_entitydtl_company_subscription_001","to_table_name":"","parent_field_name":"","function":0}]