[{"level":1,"field_id":"6574","field_caption":"Agency Name","sortable":true,"filterable":true,"resizable":true,"display":true,"field_name":"company_id","reference_form_id":"z_entitymast_company_001","display_field":"[{\"id\":\"company_name\",\"name\":\"Company Name\"}]","value_field":"company_id","dynamiclist":"[]","control_type":19,"column_width":150,"from_table_name":"z_entitydtl_load_wallet_001","to_table_name":"z_entitymast_company_001","parent_field_name":"","function":0},{"level":1,"field_id":"6576","field_caption":"Current Amount Balance (INR)","sortable":true,"filterable":true,"resizable":true,"display":true,"field_name":"current_amount_balance","reference_form_id":"0","display_field":"[]","value_field":null,"dynamiclist":"[]","control_type":13,"column_width":150,"from_table_name":"z_entitydtl_load_wallet_001","to_table_name":"","parent_field_name":"","function":0},{"level":1,"field_id":"6577","field_caption":"Request for Amount (INR)","sortable":true,"filterable":true,"resizable":true,"display":true,"field_name":"request_for_amount","reference_form_id":"0","display_field":"[]","value_field":null,"dynamiclist":"[]","control_type":13,"column_width":150,"from_table_name":"z_entitydtl_load_wallet_001","to_table_name":"","parent_field_name":"","function":0},{"level":1,"field_id":"6578","field_caption":"Payment Mode","sortable":true,"filterable":true,"resizable":true,"display":true,"field_name":"payment_mode","reference_form_id":"0","display_field":"[]","value_field":null,"dynamiclist":"[{\"text\":\"Net banking\",\"binding\":\"Net banking\"},{\"text\":\"UPI\",\"binding\":\"UPI\"}]","control_type":5,"column_width":150,"from_table_name":"z_entitydtl_load_wallet_001","to_table_name":"","parent_field_name":"","function":0}]