[{"level":1,"field_id":"6611","field_caption":"Folder Name","sortable":true,"filterable":true,"resizable":true,"display":true,"field_name":"menu_txt","reference_form_id":"0","display_field":"[]","value_field":null,"dynamiclist":"[]","control_type":1,"column_width":"350","from_table_name":"app_menu","to_table_name":"","parent_field_name":"","function":0},{"level":1,"field_id":"6617","field_caption":"Is Active","sortable":true,"filterable":true,"resizable":true,"display":true,"field_name":"isactive","reference_form_id":"0","display_field":"[]","value_field":null,"dynamiclist":"[]","control_type":6,"column_width":150,"from_table_name":"app_menu","to_table_name":"","parent_field_name":"","function":0}]