[{"level":1,"field_id":"6635","field_caption":"Menu","sortable":true,"filterable":true,"resizable":true,"display":true,"field_name":"menu_id","reference_form_id":"app_menu","display_field":"[{\"id\":\"menu_txt\",\"name\":\"Folder Name\"}]","value_field":"menu_id","dynamiclist":"[]","control_type":14,"column_width":150,"from_table_name":"app_menu_link_mapping","to_table_name":"app_menu","parent_field_name":"","function":0},{"level":1,"field_id":"6634","field_caption":"Form Name","sortable":true,"filterable":true,"resizable":true,"display":true,"field_name":"form_id","reference_form_id":"app_forms","display_field":"[{\"id\":\"form_name\",\"name\":\"Form Name\"}]","value_field":"form_id","dynamiclist":"[]","control_type":14,"column_width":150,"from_table_name":"app_menu_link_mapping","to_table_name":"app_forms","parent_field_name":"","function":0},{"level":1,"field_id":"6633","field_caption":"Link Name","sortable":true,"filterable":true,"resizable":true,"display":true,"field_name":"view_id","reference_form_id":"app_form_view_details","display_field":"[{\"id\":\"link_name\",\"name\":\"Link Name\"}]","value_field":"view_id","dynamiclist":"[]","control_type":15,"column_width":150,"from_table_name":"app_menu_link_mapping","to_table_name":"app_form_view_details","parent_field_name":"","function":0}]