[{"level":1,"field_id":"6650","field_caption":"Workbench Name","sortable":true,"filterable":true,"resizable":true,"display":true,"field_name":"workbench_id","reference_form_id":"app_workbench","display_field":"[{\"id\":\"workbench_name\",\"name\":\"Workbench Name\"}]","value_field":"workbench_id","dynamiclist":"[]","control_type":14,"column_width":150,"from_table_name":"workbench menu mapping","to_table_name":"app_workbench","parent_field_name":"","function":0},{"level":1,"field_id":"6649","field_caption":"Menu","sortable":true,"filterable":true,"resizable":true,"display":true,"field_name":"menu_id","reference_form_id":"app_menu","display_field":"[{\"id\":\"menu_txt\",\"name\":\"Folder Name\"}]","value_field":"menu_id","dynamiclist":"[]","control_type":14,"column_width":150,"from_table_name":"workbench menu mapping","to_table_name":"app_menu","parent_field_name":"","function":0}]