[{"level":1,"field_id":"6656","field_caption":"Actor Type","sortable":true,"filterable":true,"resizable":true,"display":true,"field_name":"actortype_name","reference_form_id":"0","display_field":"[]","value_field":null,"dynamiclist":"[]","control_type":1,"column_width":"250","from_table_name":"app_actortype","to_table_name":"","parent_field_name":"","function":0},{"level":1,"field_id":"6655","field_caption":"Actortype Table","sortable":true,"filterable":true,"resizable":true,"display":true,"field_name":"actortype_table","reference_form_id":"0","display_field":"[]","value_field":null,"dynamiclist":"[]","control_type":1,"column_width":"350","from_table_name":"app_actortype","to_table_name":"","parent_field_name":"","function":0},{"level":1,"field_id":"6662","field_caption":"Is Active","sortable":true,"filterable":true,"resizable":true,"display":true,"field_name":"is_active","reference_form_id":"0","display_field":"[]","value_field":null,"dynamiclist":"[]","control_type":6,"column_width":"100","from_table_name":"app_actortype","to_table_name":"","parent_field_name":"","function":0}]