[{"level":1,"field_id":"6666","field_caption":"Workbench Name","sortable":true,"filterable":true,"resizable":true,"display":true,"field_name":"workbench_id","reference_form_id":"app_workbench","display_field":"[{\"id\":\"workbench_name\",\"name\":\"Workbench Name\"}]","value_field":"workbench_id","dynamiclist":"[]","control_type":14,"column_width":150,"from_table_name":"app_actortype_role_workbench_mapping","to_table_name":"app_workbench","parent_field_name":"","function":0},{"level":1,"field_id":"6665","field_caption":"Actor Type","sortable":true,"filterable":true,"resizable":true,"display":true,"field_name":"actortype_id","reference_form_id":"app_actortype","display_field":"[{\"id\":\"actortype_name\",\"name\":\"Actor Type\"}]","value_field":"actortype_id","dynamiclist":"[]","control_type":14,"column_width":150,"from_table_name":"app_actortype_role_workbench_mapping","to_table_name":"app_actortype","parent_field_name":"","function":0},{"level":1,"field_id":"6664","field_caption":"Role Name","sortable":true,"filterable":true,"resizable":true,"display":true,"field_name":"role_id","reference_form_id":"app_tblrole","display_field":"[{\"id\":\"role_name\",\"name\":\"Role Name\"}]","value_field":"role_id","dynamiclist":"[]","control_type":14,"column_width":150,"from_table_name":"app_actortype_role_workbench_mapping","to_table_name":"app_tblrole","parent_field_name":"","function":0}]