[{"level":1,"field_id":"6606","field_caption":"Company","sortable":true,"filterable":true,"resizable":true,"display":true,"field_name":"company_id","reference_form_id":"z_entitymast_company_001","display_field":"[{\"id\":\"company_name\",\"name\":\"Company Name\"}]","value_field":"company_id","dynamiclist":"[]","control_type":19,"column_width":150,"from_table_name":"z_entitydtl_raise_complaint_001","to_table_name":"z_entitymast_company_001","parent_field_name":"","function":0},{"level":1,"field_id":"6604","field_caption":"Subject","sortable":true,"filterable":true,"resizable":true,"display":true,"field_name":"complaint_subject","reference_form_id":"0","display_field":"[]","value_field":null,"dynamiclist":"[]","control_type":1,"column_width":150,"from_table_name":"z_entitydtl_raise_complaint_001","to_table_name":"","parent_field_name":"","function":0},{"level":1,"field_id":"6603","field_caption":"Message","sortable":true,"filterable":true,"resizable":true,"display":true,"field_name":"complaint_message","reference_form_id":"0","display_field":"[]","value_field":null,"dynamiclist":"[]","control_type":2,"column_width":150,"from_table_name":"z_entitydtl_raise_complaint_001","to_table_name":"","parent_field_name":"","function":0},{"level":1,"field_id":"6609","field_caption":"Created Date","sortable":true,"filterable":true,"resizable":true,"display":true,"field_name":"createddate","reference_form_id":null,"display_field":null,"value_field":null,"dynamiclist":"","control_type":7,"column_width":150,"from_table_name":"z_entitydtl_raise_complaint_001","to_table_name":"","parent_field_name":"","function":0}]