[{"level":1,"field_id":"6565","field_caption":"Company","sortable":true,"filterable":true,"resizable":true,"display":true,"field_name":"company_id","reference_form_id":"z_entitymast_company_001","display_field":"[{\"id\":\"company_name\",\"name\":\"Company Name\"}]","value_field":"company_id","dynamiclist":"[]","control_type":19,"column_width":150,"from_table_name":"z_entitydtl_company_user_001","to_table_name":"z_entitymast_company_001","parent_field_name":"","function":0},{"level":1,"field_id":"6563","field_caption":"Branch","sortable":true,"filterable":true,"resizable":true,"display":true,"field_name":"branch_id","reference_form_id":"z_entitydtl_company_branch_001","display_field":"[{\"id\":\"barchname\",\"name\":\"Barch Name\"}]","value_field":"company_branch_id","dynamiclist":"[]","control_type":15,"column_width":150,"from_table_name":"z_entitydtl_company_user_001","to_table_name":"z_entitydtl_company_branch_001","parent_field_name":"","function":0},{"level":1,"field_id":"6562","field_caption":"Full Name","sortable":true,"filterable":true,"resizable":true,"display":true,"field_name":"full_name","reference_form_id":"0","display_field":"[]","value_field":null,"dynamiclist":"[]","control_type":1,"column_width":150,"from_table_name":"z_entitydtl_company_user_001","to_table_name":"","parent_field_name":"","function":0},{"level":1,"field_id":"6561","field_caption":"Employee Id","sortable":true,"filterable":true,"resizable":true,"display":true,"field_name":"employee_id","reference_form_id":"0","display_field":"[]","value_field":null,"dynamiclist":"[]","control_type":1,"column_width":150,"from_table_name":"z_entitydtl_company_user_001","to_table_name":"","parent_field_name":"","function":0},{"level":1,"field_id":"6560","field_caption":"Mobile Number","sortable":true,"filterable":true,"resizable":true,"display":true,"field_name":"mobile_number","reference_form_id":"0","display_field":"[]","value_field":null,"dynamiclist":"[]","control_type":11,"column_width":150,"from_table_name":"z_entitydtl_company_user_001","to_table_name":"","parent_field_name":"","function":0},{"level":1,"field_id":"6559","field_caption":"Email Address","sortable":true,"filterable":true,"resizable":true,"display":true,"field_name":"email_address","reference_form_id":"0","display_field":"[]","value_field":null,"dynamiclist":"[]","control_type":3,"column_width":150,"from_table_name":"z_entitydtl_company_user_001","to_table_name":"","parent_field_name":"","function":0},{"level":1,"field_id":"6558","field_caption":"User Role","sortable":true,"filterable":true,"resizable":true,"display":true,"field_name":"user_role_id","reference_form_id":"app_tblrole","display_field":"[{\"id\":\"role_name\",\"name\":\"Role Name\"}]","value_field":"role_id","dynamiclist":"[]","control_type":14,"column_width":150,"from_table_name":"z_entitydtl_company_user_001","to_table_name":"app_tblrole","parent_field_name":"","function":0}]