[{"level":1,"field_id":"6517","field_caption":"Order Date","sortable":true,"filterable":true,"resizable":true,"display":true,"field_name":"createddate","reference_form_id":null,"display_field":null,"value_field":null,"dynamiclist":"","control_type":7,"column_width":150,"from_table_name":"z_entitydtl_company_subscription_001","to_table_name":"","parent_field_name":"","function":0},{"level":1,"field_id":"6503","field_caption":"Quantity","sortable":true,"filterable":true,"resizable":true,"display":true,"field_name":"no_of_cards","reference_form_id":"0","display_field":"[]","value_field":null,"dynamiclist":"[]","control_type":4,"column_width":150,"from_table_name":"z_entitydtl_company_subscription_001","to_table_name":"","parent_field_name":"","function":0}]