[{"level":1,"field_id":"6562","field_caption":"Full Name","sortable":true,"filterable":true,"resizable":true,"display":true,"field_name":"full_name","reference_form_id":"0","display_field":"[]","value_field":null,"dynamiclist":"[]","control_type":1,"column_width":"250","from_table_name":"z_entitydtl_company_user_001","to_table_name":"","parent_field_name":"","function":0},{"level":1,"field_id":"6559","field_caption":"Email Address","sortable":true,"filterable":true,"resizable":true,"display":true,"field_name":"email_address","reference_form_id":"0","display_field":"[]","value_field":null,"dynamiclist":"[]","control_type":3,"column_width":"250","from_table_name":"z_entitydtl_company_user_001","to_table_name":"","parent_field_name":"","function":0},{"level":1,"field_id":"6560","field_caption":"Mobile Number","sortable":true,"filterable":true,"resizable":true,"display":true,"field_name":"mobile_number","reference_form_id":"0","display_field":"[]","value_field":null,"dynamiclist":"[]","control_type":11,"column_width":150,"from_table_name":"z_entitydtl_company_user_001","to_table_name":"","parent_field_name":"","function":0},{"level":1,"field_id":"6561","field_caption":"Employee Id","sortable":true,"filterable":true,"resizable":true,"display":true,"field_name":"employee_id","reference_form_id":"0","display_field":"[]","value_field":null,"dynamiclist":"[]","control_type":1,"column_width":150,"from_table_name":"z_entitydtl_company_user_001","to_table_name":"","parent_field_name":"","function":0},{"level":1,"field_id":"6557","field_caption":"Current Status","sortable":true,"filterable":true,"resizable":true,"display":true,"field_name":"is_active","reference_form_id":"0","display_field":"[]","value_field":null,"dynamiclist":"[]","control_type":6,"column_width":150,"from_table_name":"z_entitydtl_company_user_001","to_table_name":"","parent_field_name":"","function":0}]