[{"level":1,"field_id":"6677","field_caption":"Mobile Number","sortable":true,"filterable":true,"resizable":true,"display":true,"field_name":"issue_card_id","reference_form_id":"z_entitydtl_issue_card_001","display_field":"[{\"id\":\"mobile_number\",\"name\":\"Mobile Number\"}]","value_field":"issue_card_id","dynamiclist":"[]","control_type":19,"column_width":150,"from_table_name":"z_entitydtl_load_card_001","to_table_name":"z_entitydtl_issue_card_001","parent_field_name":"","function":0},{"level":1,"field_id":"6676","field_caption":"Card List","sortable":true,"filterable":true,"resizable":true,"display":true,"field_name":"card_list","reference_form_id":"z_entitydtl_issue_card_001","display_field":"[{\"id\":\"kit_number_id\",\"name\":\"Kit Number\"}]","value_field":"issue_card_id","dynamiclist":"[]","control_type":15,"column_width":150,"from_table_name":"z_entitydtl_load_card_001","to_table_name":"z_entitydtl_issue_card_001","parent_field_name":"","function":0},{"level":1,"field_id":"6675","field_caption":"Amount (INR)","sortable":true,"filterable":true,"resizable":true,"display":true,"field_name":"field_9","reference_form_id":"0","display_field":"[]","value_field":null,"dynamiclist":"[]","control_type":13,"column_width":150,"from_table_name":"z_entitydtl_load_card_001","to_table_name":"","parent_field_name":"","function":0}]