[{"level":1,"field_id":"6455","field_caption":"Pin Code","sortable":true,"filterable":true,"resizable":true,"display":true,"field_name":"pin_code","reference_form_id":"0","display_field":"[]","value_field":null,"dynamiclist":"[]","control_type":1,"column_width":150,"from_table_name":"z_entitymast_pin_code_master_001","to_table_name":"","parent_field_name":"","function":0},{"level":1,"field_id":"6457","field_caption":"State Name","sortable":true,"filterable":true,"resizable":true,"display":true,"field_name":"state_name","reference_form_id":"0","display_field":"[]","value_field":null,"dynamiclist":"[]","control_type":1,"column_width":150,"from_table_name":"z_entitymast_pin_code_master_001","to_table_name":"","parent_field_name":"","function":0},{"level":1,"field_id":"6456","field_caption":"District Name","sortable":true,"filterable":true,"resizable":true,"display":true,"field_name":"district_name","reference_form_id":"0","display_field":"[]","value_field":null,"dynamiclist":"[]","control_type":1,"column_width":150,"from_table_name":"z_entitymast_pin_code_master_001","to_table_name":"","parent_field_name":"","function":0}]