[{"level":1,"field_id":"6459","field_caption":"City Name","sortable":true,"filterable":true,"resizable":true,"display":true,"field_name":"city_name","reference_form_id":"0","display_field":"[]","value_field":null,"dynamiclist":"[]","control_type":1,"column_width":150,"from_table_name":"z_entitydtl_city_pin_code_mapping_001","to_table_name":"","parent_field_name":"","function":0},{"level":1,"field_id":"6466","field_caption":"Is Active","sortable":true,"filterable":true,"resizable":true,"display":true,"field_name":"is_active","reference_form_id":"0","display_field":"[]","value_field":null,"dynamiclist":"[]","control_type":6,"column_width":150,"from_table_name":"z_entitydtl_city_pin_code_mapping_001","to_table_name":"","parent_field_name":"","function":0}]