[{"level":1,"field_id":"6552","field_caption":"Company","sortable":true,"filterable":true,"resizable":true,"display":true,"field_name":"company_id","reference_form_id":"z_entitymast_company_001","display_field":"[{\"id\":\"company_name\",\"name\":\"Company Name\"}]","value_field":"company_id","dynamiclist":"[]","control_type":19,"column_width":"250","from_table_name":"z_entitydtl_company_branch_001","to_table_name":"z_entitymast_company_001","parent_field_name":"","function":0},{"level":1,"field_id":"6550","field_caption":"Barch Name","sortable":true,"filterable":true,"resizable":true,"display":true,"field_name":"barchname","reference_form_id":"0","display_field":"[]","value_field":null,"dynamiclist":"[]","control_type":1,"column_width":150,"from_table_name":"z_entitydtl_company_branch_001","to_table_name":"","parent_field_name":"","function":0},{"level":1,"field_id":"6549","field_caption":"Is Active","sortable":true,"filterable":true,"resizable":true,"display":true,"field_name":"is_active","reference_form_id":"0","display_field":"[]","value_field":null,"dynamiclist":"[]","control_type":6,"column_width":150,"from_table_name":"z_entitydtl_company_branch_001","to_table_name":"","parent_field_name":"","function":0}]