[{"level":1,"field_id":"6511","field_caption":"Company Representative Name","sortable":true,"filterable":true,"resizable":true,"display":true,"field_name":"company_representative_name","reference_form_id":"0","display_field":"[]","value_field":null,"dynamiclist":"[]","control_type":1,"column_width":150,"from_table_name":"z_entitydtl_company_subscription_001","to_table_name":"","parent_field_name":"","function":0},{"level":1,"field_id":"6510","field_caption":"Company Landline No","sortable":true,"filterable":true,"resizable":true,"display":true,"field_name":"company_landline_no","reference_form_id":"0","display_field":"[]","value_field":null,"dynamiclist":"[]","control_type":11,"column_width":150,"from_table_name":"z_entitydtl_company_subscription_001","to_table_name":"","parent_field_name":"","function":0},{"level":1,"field_id":"6503","field_caption":"No of Cards","sortable":true,"filterable":true,"resizable":true,"display":true,"field_name":"no_of_cards","reference_form_id":"0","display_field":"[]","value_field":null,"dynamiclist":"[]","control_type":4,"column_width":150,"from_table_name":"z_entitydtl_company_subscription_001","to_table_name":"","parent_field_name":"","function":0}]