[{"level":1,"field_id":"5031","field_caption":"Role Name","sortable":true,"filterable":true,"resizable":true,"display":true,"field_name":"role_id","reference_form_id":"app_tblrole","display_field":"[{\"id\":\"role_name\",\"name\":\"Role Name\"}]","value_field":"role_id","dynamiclist":"[]","control_type":14,"column_width":150,"from_table_name":"app_tbluserprofile","to_table_name":"app_tblrole","parent_field_name":"","function":0},{"level":1,"field_id":"5030","field_caption":"Department Name","sortable":true,"filterable":true,"resizable":true,"display":true,"field_name":"department_id","reference_form_id":"z_entitymast_department_001","display_field":"[{\"id\":\"department_name\",\"name\":\"Department Name\"}]","value_field":"department_id","dynamiclist":"[]","control_type":14,"column_width":150,"from_table_name":"app_tbluserprofile","to_table_name":"z_entitymast_department_001","parent_field_name":"","function":0},{"level":1,"field_id":"5029","field_caption":"Office Name","sortable":true,"filterable":true,"resizable":true,"display":true,"field_name":"office_id","reference_form_id":"z_entitymast_manage_offices_001","display_field":"[{\"id\":\"office_name\",\"name\":\"Office Name\"}]","value_field":"offices_id","dynamiclist":"[]","control_type":15,"column_width":150,"from_table_name":"app_tbluserprofile","to_table_name":"z_entitymast_manage_offices_001","parent_field_name":"","function":0}]