[{"level":1,"field_id":"4960","field_caption":"Prifix","sortable":true,"filterable":true,"resizable":true,"display":true,"field_name":"user_prifix","reference_form_id":"app_tblsystemenum","display_field":"[{\"id\":\"varibale_name\",\"name\":\"Variable Name\"}]","value_field":"id","dynamiclist":"[]","control_type":14,"column_width":150,"from_table_name":"app_tbluser","to_table_name":"app_tblsystemenum","parent_field_name":"","function":0},{"level":1,"field_id":"4959","field_caption":"First Name","sortable":true,"filterable":true,"resizable":true,"display":true,"field_name":"user_fname","reference_form_id":"0","display_field":"[{\"id\":\"varibale_name\",\"name\":\"Variable Name\"}]","value_field":"id","dynamiclist":"[]","control_type":1,"column_width":150,"from_table_name":"app_tbluser","to_table_name":"","parent_field_name":"","function":0},{"level":1,"field_id":"4958","field_caption":"Middle Name","sortable":true,"filterable":true,"resizable":true,"display":true,"field_name":"user_mname","reference_form_id":"0","display_field":"[{\"id\":\"varibale_name\",\"name\":\"Variable Name\"}]","value_field":"id","dynamiclist":"[]","control_type":1,"column_width":150,"from_table_name":"app_tbluser","to_table_name":"","parent_field_name":"","function":0},{"level":1,"field_id":"4957","field_caption":"Last Name","sortable":true,"filterable":true,"resizable":true,"display":true,"field_name":"user_lname","reference_form_id":"0","display_field":"[{\"id\":\"varibale_name\",\"name\":\"Variable Name\"}]","value_field":"id","dynamiclist":"[]","control_type":1,"column_width":150,"from_table_name":"app_tbluser","to_table_name":"","parent_field_name":"","function":0},{"level":1,"field_id":"4956","field_caption":"Date of Birth","sortable":true,"filterable":true,"resizable":true,"display":true,"field_name":"dob","reference_form_id":"0","display_field":"[{\"id\":\"varibale_name\",\"name\":\"Variable Name\"}]","value_field":"id","dynamiclist":"[]","control_type":7,"column_width":150,"from_table_name":"app_tbluser","to_table_name":"","parent_field_name":"","function":0}]