[{"level":1,"field_id":"6671","field_caption":"Package Name","sortable":true,"filterable":true,"resizable":true,"display":true,"field_name":"package_id","reference_form_id":"z_entitymast_manage_packages_001","display_field":"[{\"id\":\"package_title\",\"name\":\"Package Title\"}]","value_field":"manage_packages_id","dynamiclist":"[]","control_type":14,"column_width":150,"from_table_name":"z_entitydtl_company_subscription_001","to_table_name":"z_entitymast_manage_packages_001","parent_field_name":"","function":0,"linkongrid":false},{"level":2,"field_id":"6348","field_caption":"Card Type","sortable":true,"filterable":true,"resizable":true,"display":true,"field_name":"card_type","reference_form_id":"app_tblsystemenum","display_field":"[{\"id\":\"varibale_name\",\"name\":\"Variable Name\"}]","value_field":"id","dynamiclist":"[]","control_type":14,"column_width":150,"from_table_name":"z_entitymast_manage_packages_001","to_table_name":"app_tblsystemenum","parent_field_name":"package_id","function":0},{"level":2,"field_id":"6341","field_caption":"Card Cost","sortable":true,"filterable":true,"resizable":true,"display":true,"field_name":"card_cost","reference_form_id":"0","display_field":"[]","value_field":null,"dynamiclist":"[]","control_type":13,"column_width":150,"from_table_name":"z_entitydtl_company_subscription_001","to_table_name":"z_entitymast_manage_packages_001","parent_field_name":"package_id","function":0},{"level":2,"field_id":"6340","field_caption":"Minimum First Load Value ( INR )","sortable":true,"filterable":true,"resizable":true,"display":true,"field_name":"minimum_value","reference_form_id":"0","display_field":"[]","value_field":null,"dynamiclist":"[]","control_type":13,"column_width":150,"from_table_name":"z_entitydtl_company_subscription_001","to_table_name":"z_entitymast_manage_packages_001","parent_field_name":"package_id","function":0},{"level":2,"field_id":"6339","field_caption":"ATM Withdrawal (INR)","sortable":true,"filterable":true,"resizable":true,"display":true,"field_name":"atm_withdrawal","reference_form_id":"0","display_field":"[]","value_field":null,"dynamiclist":"[]","control_type":1,"column_width":150,"from_table_name":"z_entitydtl_company_subscription_001","to_table_name":"z_entitymast_manage_packages_001","parent_field_name":"package_id","function":0},{"level":2,"field_id":"6338","field_caption":"Balance Inquiry (INR)","sortable":true,"filterable":true,"resizable":true,"display":true,"field_name":"balance_inquiry","reference_form_id":"0","display_field":"[]","value_field":null,"dynamiclist":"[]","control_type":13,"column_width":150,"from_table_name":"z_entitydtl_company_subscription_001","to_table_name":"z_entitymast_manage_packages_001","parent_field_name":"package_id","function":0},{"level":2,"field_id":"6336","field_caption":"Annual Maintenance (INR)","sortable":true,"filterable":true,"resizable":true,"display":true,"field_name":"annual_maintenance","reference_form_id":"0","display_field":"[]","value_field":null,"dynamiclist":"[]","control_type":13,"column_width":150,"from_table_name":"z_entitydtl_company_subscription_001","to_table_name":"z_entitymast_manage_packages_001","parent_field_name":"package_id","function":0},{"level":2,"field_id":"6335","field_caption":"Petrol Surcharges (INR)","sortable":true,"filterable":true,"resizable":true,"display":true,"field_name":"petrol_surcharges","reference_form_id":"0","display_field":"[]","value_field":null,"dynamiclist":"[]","control_type":13,"column_width":150,"from_table_name":"z_entitydtl_company_subscription_001","to_table_name":"z_entitymast_manage_packages_001","parent_field_name":"package_id","function":0},{"level":2,"field_id":"6334","field_caption":"Insurance Surcharges (INR)","sortable":true,"filterable":true,"resizable":true,"display":true,"field_name":"insurance_surcharges","reference_form_id":"0","display_field":"[]","value_field":null,"dynamiclist":"[]","control_type":13,"column_width":150,"from_table_name":"z_entitydtl_company_subscription_001","to_table_name":"z_entitymast_manage_packages_001","parent_field_name":"package_id","function":0},{"level":1,"field_id":"6503","field_caption":"No of Cards","sortable":true,"filterable":true,"resizable":true,"display":true,"field_name":"no_of_cards","reference_form_id":"0","display_field":"[]","value_field":null,"dynamiclist":"[]","control_type":4,"column_width":150,"from_table_name":"z_entitydtl_company_subscription_001","to_table_name":"","parent_field_name":"","function":0},{"level":1,"field_id":"6517","field_caption":"Created Date","sortable":true,"filterable":true,"resizable":true,"display":true,"field_name":"createddate","reference_form_id":null,"display_field":null,"value_field":null,"dynamiclist":"","control_type":7,"column_width":150,"from_table_name":"z_entitydtl_company_subscription_001","to_table_name":"","parent_field_name":"","function":0}]