[{"level":1,"field_id":"6878","field_caption":"LHO Name","sortable":true,"filterable":true,"resizable":true,"display":true,"field_name":"lho_name","reference_form_id":"0","display_field":"[]","value_field":null,"dynamiclist":"[]","control_type":1,"column_width":"350","from_table_name":"z_entitymast_sbi_lho_master_001","to_table_name":"","parent_field_name":"","function":0},{"level":1,"field_id":"6879","field_caption":"LHO Code","sortable":true,"filterable":true,"resizable":true,"display":true,"field_name":"lho_code","reference_form_id":"0","display_field":"[]","value_field":null,"dynamiclist":"[]","control_type":1,"column_width":150,"from_table_name":"z_entitymast_sbi_lho_master_001","to_table_name":"","parent_field_name":"","function":0},{"level":1,"field_id":"6880","field_caption":"Is Active","sortable":true,"filterable":true,"resizable":true,"display":true,"field_name":"is_active","reference_form_id":"0","display_field":"[]","value_field":null,"dynamiclist":"[{\"text\":\"Y\",\"binding\":\"Yes\"},{\"text\":\"N\",\"binding\":\"No\"}]","control_type":5,"column_width":150,"from_table_name":"z_entitymast_sbi_lho_master_001","to_table_name":"","parent_field_name":"","function":0}]