[{"level":1,"field_id":"6885","field_caption":"LHO Name","sortable":true,"filterable":true,"resizable":true,"display":true,"field_name":"sbi_lho_master_id","reference_form_id":"z_entitymast_sbi_lho_master_001","display_field":"[{\"id\":\"lho_name\",\"name\":\"LHO Name\"}]","value_field":"sbi_lho_master_id","dynamiclist":"[]","control_type":19,"column_width":"250","from_table_name":"z_entitydtl_sbi_branch_001","to_table_name":"z_entitymast_sbi_lho_master_001","parent_field_name":"","function":0},{"level":1,"field_id":"6883","field_caption":"Branch Name","sortable":true,"filterable":true,"resizable":true,"display":true,"field_name":"branch_name","reference_form_id":"0","display_field":"[]","value_field":null,"dynamiclist":"[]","control_type":1,"column_width":"250","from_table_name":"z_entitydtl_sbi_branch_001","to_table_name":"","parent_field_name":"","function":0},{"level":1,"field_id":"6882","field_caption":"Branch Code","sortable":true,"filterable":true,"resizable":true,"display":true,"field_name":"branch_code","reference_form_id":"0","display_field":"[]","value_field":null,"dynamiclist":"[]","control_type":1,"column_width":150,"from_table_name":"z_entitydtl_sbi_branch_001","to_table_name":"","parent_field_name":"","function":0},{"level":1,"field_id":"6881","field_caption":"Is Active","sortable":true,"filterable":true,"resizable":true,"display":true,"field_name":"is_active","reference_form_id":"0","display_field":"[]","value_field":null,"dynamiclist":"[{\"text\":\"Y\",\"binding\":\"Yes\"},{\"text\":\"N\",\"binding\":\"No\"}]","control_type":5,"column_width":150,"from_table_name":"z_entitydtl_sbi_branch_001","to_table_name":"","parent_field_name":"","function":0}]