[{"level":1,"field_id":"6940","field_caption":"Card Cost","sortable":true,"filterable":true,"resizable":true,"display":true,"field_name":"card_cost","reference_form_id":"0","display_field":"[]","value_field":null,"dynamiclist":"[]","control_type":4,"column_width":150,"from_table_name":"z_entitymast_card_product_001","to_table_name":"","parent_field_name":"","function":0,"style":"","displayAs":"body","filterJson":""},{"level":1,"field_id":"6939","field_caption":"Minimum Value","sortable":true,"filterable":true,"resizable":true,"display":true,"field_name":"minimum_value","reference_form_id":"0","display_field":"[]","value_field":null,"dynamiclist":"[]","control_type":4,"column_width":150,"from_table_name":"z_entitymast_card_product_001","to_table_name":"","parent_field_name":"","function":0,"style":"","displayAs":"body","filterJson":""},{"level":1,"field_id":"6936","field_caption":"Annual Maintenance","sortable":true,"filterable":true,"resizable":true,"display":true,"field_name":"annual_maintenance","reference_form_id":"0","display_field":"[]","value_field":null,"dynamiclist":"[]","control_type":4,"column_width":150,"from_table_name":"z_entitymast_card_product_001","to_table_name":"","parent_field_name":"","function":0,"style":"","displayAs":"body","filterJson":""},{"level":1,"field_id":"6935","field_caption":"Petrol Surcharges","sortable":true,"filterable":true,"resizable":true,"display":true,"field_name":"petrol_surcharges","reference_form_id":"0","display_field":"[]","value_field":null,"dynamiclist":"[]","control_type":4,"column_width":150,"from_table_name":"z_entitymast_card_product_001","to_table_name":"","parent_field_name":"","function":0,"style":"","displayAs":"body","filterJson":""},{"level":1,"field_id":"6934","field_caption":"Insurance Surcharge","sortable":true,"filterable":true,"resizable":true,"display":true,"field_name":"insurance_surcharges","reference_form_id":"0","display_field":"[]","value_field":null,"dynamiclist":"[]","control_type":4,"column_width":150,"from_table_name":"z_entitymast_card_product_001","to_table_name":"","parent_field_name":"","function":0,"style":"","displayAs":"body","filterJson":""},{"level":1,"field_id":"6938","field_caption":"Balance Inquiry","sortable":true,"filterable":true,"resizable":true,"display":true,"field_name":"balance_inquiry","reference_form_id":"0","display_field":"[]","value_field":null,"dynamiclist":"[]","control_type":4,"column_width":150,"from_table_name":"z_entitymast_card_product_001","to_table_name":"","parent_field_name":"","function":0,"style":"","displayAs":"body","filterJson":""},{"level":1,"field_id":"6937","field_caption":"Portal Reporting","sortable":true,"filterable":true,"resizable":true,"display":true,"field_name":"portal_reporting","reference_form_id":"0","display_field":"[]","value_field":null,"dynamiclist":"[]","control_type":4,"column_width":150,"from_table_name":"z_entitymast_card_product_001","to_table_name":"","parent_field_name":"","function":0,"style":"","displayAs":"body","filterJson":""},{"level":1,"field_id":"6931","field_caption":"Product Title","sortable":true,"filterable":true,"resizable":true,"display":true,"field_name":"card_product_title","reference_form_id":"0","display_field":"[]","value_field":null,"dynamiclist":"[]","control_type":1,"column_width":150,"from_table_name":"z_entitymast_card_product_001","to_table_name":"","parent_field_name":"","function":0,"style":"","displayAs":"header","filterJson":""}]