{
    "data":
    [
        {
            "label": "My Form",
            "data": "1",
            "expandedIcon": "pi pi-folder-open",
            "collapsedIcon": "pi pi-folder",
            "expanded": true,
            "draggable":false,"droppable":false,
            "children": [{
                    "label": "Tab 1",
                    "data": "2",
                    "icon": "pi pi-tag", 
                    "expanded": true,
                    "draggable":true,"droppable":false,
                    "children": [{"label": "Section", 
                        "icon": "pi pi-inbox",
                        "expanded": true,
                        "draggable":true,"droppable":false,
                        "data": "3",
                        "children": [
                            {"label": "Created By", "draggable":true,"droppable":false, "icon": "pi pi-file", "data": "4"},
                            {"label": "Created Date",  "draggable":true,"droppable":false, "icon": "pi pi-file", "data": "5"},
                            {"label": "Modified By", "draggable":true,"droppable":false, "icon": "pi pi-file", "data": "6"},
                            {"label": "Modified Date",  "draggable":true,"droppable":false, "icon": "pi pi-file", "data": "7"}
                                    ]
                        
                    
                      
                }]
                        }]
        }]
}