[{"label":"System Enum","data":"1","expandedIcon":"pi pi-folder-open","collapsedIcon":"pi pi-folder","expanded":true,"draggable":false,"droppable":false},{"data":"2","draggable":true,"droppable":false,"expanded":true,"icon":"pi pi-tag","label":"System Enum Details","parent":"1"},{"data":"3","draggable":true,"droppable":false,"expanded":true,"icon":"pi pi-inbox","label":"System Enum","parent":"2"},{"data":"4","draggable":true,"droppable":true,"icon":"pi pi-file","label":"Created By","parent":"3"},{"data":"5","draggable":true,"droppable":true,"icon":"pi pi-file","label":"Created Date","parent":"3"},{"data":"6","draggable":true,"droppable":true,"icon":"pi pi-file","label":"Updated By","parent":"3"},{"data":"7","draggable":true,"droppable":true,"icon":"pi pi-file","label":"Updated Date","parent":"3"},{"data":8,"draggable":true,"droppable":true,"icon":"pi pi-file","label":"Variable Name","parent":"3"},{"data":9,"draggable":true,"droppable":true,"icon":"pi pi-file","label":"Variable Type","parent":"3"},{"data":12,"draggable":true,"droppable":false,"icon":"pi pi-file","label":"Code","parent":"3"},{"data":10,"draggable":true,"droppable":true,"icon":"pi pi-file","label":"Is Active","parent":"3"}]