[{"label":"Manage User","data":"1","expandedIcon":"pi pi-folder-open","collapsedIcon":"pi pi-folder","expanded":true,"draggable":false,"droppable":false},{"data":"2","draggable":true,"droppable":false,"expanded":true,"icon":"pi pi-tag","label":"Manage User Details","parent":"1"},{"data":"3","draggable":true,"droppable":false,"expanded":true,"icon":"pi pi-inbox","label":"Manage User","parent":"2"},{"data":"4","draggable":true,"droppable":true,"icon":"pi pi-file","label":"Created By","parent":"3"},{"data":"5","draggable":true,"droppable":true,"icon":"pi pi-file","label":"Created Date","parent":"3"},{"data":"6","draggable":true,"droppable":true,"icon":"pi pi-file","label":"Updated By","parent":"3"},{"data":"7","draggable":true,"droppable":true,"icon":"pi pi-file","label":"Updated Date","parent":"3"},{"data":8,"draggable":true,"droppable":true,"icon":"pi pi-file","label":"Prifix","parent":"3"},{"data":9,"draggable":true,"droppable":true,"icon":"pi pi-file","label":"Name","parent":"3"},{"data":10,"draggable":true,"droppable":true,"icon":"pi pi-file","label":"Middle Name","parent":"3"},{"data":11,"draggable":true,"droppable":true,"icon":"pi pi-file","label":"Last Name","parent":"3"},{"data":12,"draggable":true,"droppable":true,"icon":"pi pi-file","label":"Date of Birth","parent":"3"},{"data":13,"draggable":true,"droppable":true,"icon":"pi pi-file","label":"Gender","parent":"3"},{"data":14,"draggable":true,"droppable":true,"icon":"pi pi-file","label":"Email ID","parent":"3"},{"data":15,"draggable":true,"droppable":true,"icon":"pi pi-file","label":"Mobile","parent":"3"},{"data":19,"draggable":true,"droppable":true,"icon":"pi pi-file","label":"Login Name","parent":"3"},{"data":16,"draggable":true,"droppable":true,"icon":"pi pi-file","label":"PAN","parent":"3"},{"data":22,"draggable":true,"droppable":true,"icon":"pi pi-file","label":"Effective From","parent":"3"},{"data":23,"draggable":true,"droppable":false,"icon":"pi pi-file","label":"Effective To","parent":"3"},{"data":17,"draggable":true,"droppable":true,"icon":"pi pi-file","label":"Is Active","parent":"3"},{"data":21,"draggable":true,"droppable":true,"icon":"pi pi-file","label":"Password","parent":"3"}]