[{"label":"User Role Mapping","data":"1","expandedIcon":"pi pi-folder-open","collapsedIcon":"pi pi-folder","expanded":true,"draggable":false,"droppable":false},{"data":"2","draggable":true,"droppable":false,"expanded":true,"icon":"pi pi-tag","label":"User Role Mapping Details","parent":"1"},{"data":"3","draggable":true,"droppable":false,"expanded":true,"icon":"pi pi-inbox","label":"User Role Mapping","parent":"2"},{"data":"4","draggable":true,"droppable":true,"icon":"pi pi-file","label":"Created By","parent":"3"},{"data":"5","draggable":true,"droppable":true,"icon":"pi pi-file","label":"Created Date","parent":"3"},{"data":"6","draggable":true,"droppable":true,"icon":"pi pi-file","label":"Updated By","parent":"3"},{"data":"7","draggable":true,"droppable":true,"icon":"pi pi-file","label":"Updated Date","parent":"3"},{"data":8,"draggable":true,"droppable":true,"icon":"pi pi-file","label":"User Name","parent":"3"},{"data":9,"draggable":true,"droppable":true,"icon":"pi pi-file","label":"Role Name","parent":"3"},{"data":14,"draggable":true,"droppable":true,"icon":"pi pi-file","label":"Designation","parent":"3"},{"data":10,"draggable":true,"droppable":true,"icon":"pi pi-file","label":"Department Name","parent":"3"},{"data":11,"draggable":true,"droppable":true,"icon":"pi pi-file","label":"Office Name","parent":"3"},{"data":15,"draggable":true,"droppable":false,"icon":"icon-exam","label":"Actor Type","parent":"3"},{"data":12,"draggable":true,"droppable":false,"icon":"pi pi-inbox","label":"User List","parent":"2"}]