[{"label":"Company","data":"1","expandedIcon":"pi pi-folder-open","collapsedIcon":"pi pi-folder","expanded":true,"draggable":false,"droppable":false},{"data":2,"draggable":true,"droppable":false,"expanded":true,"icon":"icon-tag","label":"Company Details","parent":"1"},{"data":3,"draggable":true,"droppable":true,"expanded":true,"icon":"icon-konto","label":"COMPANY DETAILS","parent":2},{"data":"4","draggable":true,"droppable":true,"icon":"icon-exam","label":"Created By","parent":3},{"data":"5","draggable":true,"droppable":true,"icon":"icon-exam","label":"Created Date","parent":3},{"data":"6","draggable":true,"droppable":true,"icon":"icon-exam","label":"Updated By","parent":3},{"data":"7","draggable":true,"droppable":true,"icon":"icon-exam","label":"Updated Date","parent":3},{"data":9,"draggable":true,"droppable":true,"icon":"icon-exam","label":"Company Type","parent":3},{"data":10,"draggable":true,"droppable":true,"icon":"icon-exam","label":"Company Name","parent":3},{"data":11,"draggable":true,"droppable":true,"icon":"icon-exam","label":"Company Representative Name ","parent":3},{"data":12,"draggable":true,"droppable":true,"icon":"icon-exam","label":"Company Landline No","parent":3},{"data":13,"draggable":true,"droppable":true,"icon":"icon-exam","label":"Company Representative Mobile Number","parent":3},{"data":14,"draggable":true,"droppable":true,"icon":"icon-exam","label":"PAN Number (e.g. ABCTY1234D)","parent":3},{"data":15,"draggable":true,"droppable":true,"icon":"icon-exam","label":"Company GSTIN (e.g. 37AADCS0472N2Z0)","parent":3},{"data":16,"draggable":true,"droppable":true,"icon":"icon-exam","label":"CIN (e.g. L21091KA2019OPC141331)","parent":3},{"data":17,"draggable":true,"droppable":true,"icon":"icon-exam","label":"Email Id","parent":3},{"data":18,"draggable":true,"droppable":true,"icon":"icon-exam","label":"Current Amount Balance (INR)","parent":3},{"data":19,"draggable":true,"droppable":true,"icon":"icon-exam","label":"Login Password","parent":3},{"data":20,"draggable":true,"droppable":true,"icon":"icon-exam","label":"Is Active","parent":3},{"data":21,"draggable":true,"droppable":true,"icon":"icon-exam","label":"Is Account Active","parent":3},{"data":22,"draggable":true,"droppable":true,"icon":"icon-exam","label":"Is Subscribed","parent":3},{"data":36,"draggable":true,"droppable":false,"icon":"icon-exam","label":"Req No","parent":3},{"data":23,"draggable":true,"droppable":true,"expanded":true,"icon":"icon-konto","label":"COMPANY ADDRESS","parent":2},{"data":24,"draggable":true,"droppable":true,"icon":"icon-exam","label":"Pin Code","parent":23},{"data":25,"draggable":true,"droppable":true,"icon":"icon-exam","label":"Company Address (Building No.)","parent":23},{"data":26,"draggable":true,"droppable":true,"icon":"icon-exam","label":"Town","parent":23},{"data":27,"draggable":true,"droppable":true,"icon":"icon-exam","label":"District","parent":23},{"data":28,"draggable":true,"droppable":false,"icon":"icon-exam","label":"State","parent":23},{"data":32,"draggable":true,"droppable":false,"expanded":true,"icon":"icon-konto","label":"Nearest SBI Branch Details","parent":2},{"data":33,"draggable":true,"droppable":true,"icon":"icon-exam","label":"SBI LHO ID","parent":32},{"data":34,"draggable":true,"droppable":true,"icon":"icon-exam","label":"SBI LHO","parent":32},{"data":35,"draggable":true,"droppable":false,"icon":"icon-exam","label":"Branch Name","parent":32},{"data":30,"draggable":true,"droppable":true,"expanded":true,"icon":"icon-konto","label":"Approval Section","parent":2},{"data":29,"draggable":true,"droppable":false,"icon":"icon-exam","label":"Status","parent":30},{"data":31,"draggable":true,"droppable":false,"icon":"icon-exam","label":"Remarks","parent":30}]