[{"label":"Company Subscription","data":"1","expandedIcon":"pi pi-folder-open","collapsedIcon":"pi pi-folder","expanded":true,"draggable":false,"droppable":false},{"data":2,"draggable":true,"droppable":false,"expanded":true,"icon":"icon-tag","label":"Company Subscription Details","parent":"1"},{"data":3,"draggable":true,"droppable":true,"icon":"icon-konto","label":"COMPANY DETAILS","parent":2},{"data":"4","draggable":true,"droppable":true,"icon":"pi pi-file","label":"Created By","parent":3},{"data":"5","draggable":true,"droppable":true,"icon":"pi pi-file","label":"Created Date","parent":3},{"data":"6","draggable":true,"droppable":true,"icon":"pi pi-file","label":"Updated By","parent":3},{"data":"7","draggable":true,"droppable":true,"icon":"pi pi-file","label":"Updated Date","parent":3},{"data":37,"draggable":true,"droppable":true,"icon":"icon-exam","label":"Package Name","parent":3},{"data":"8","draggable":true,"droppable":true,"icon":"pi pi-file","label":"Company","parent":3},{"data":10,"draggable":true,"droppable":true,"icon":"icon-exam","label":"Company Type","parent":3},{"data":11,"draggable":true,"droppable":true,"icon":"icon-exam","label":"Company Name","parent":3},{"data":12,"draggable":true,"droppable":true,"icon":"icon-exam","label":"Company Representative Name","parent":3},{"data":13,"draggable":true,"droppable":true,"icon":"icon-exam","label":"Company Landline No","parent":3},{"data":14,"draggable":true,"droppable":true,"icon":"icon-exam","label":"Company Representative Mobile Number","parent":3},{"data":15,"draggable":true,"droppable":true,"icon":"icon-exam","label":"Company PAN Number","parent":3},{"data":16,"draggable":true,"droppable":true,"icon":"icon-exam","label":"Company GSTIN","parent":3},{"data":17,"draggable":true,"droppable":true,"icon":"icon-exam","label":"Company CIN","parent":3},{"data":18,"draggable":true,"droppable":true,"icon":"icon-exam","label":"Email","parent":3},{"data":20,"draggable":true,"droppable":true,"icon":"icon-konto","label":"CARD QUANTITY","parent":2},{"data":21,"draggable":true,"droppable":true,"icon":"icon-exam","label":"Referral Code","parent":20},{"data":22,"draggable":true,"droppable":false,"icon":"icon-exam","label":"No of Cards","parent":20},{"data":23,"draggable":true,"droppable":true,"icon":"icon-konto","label":"COMPANY ADDRESS","parent":2},{"data":25,"draggable":true,"droppable":true,"icon":"icon-exam","label":"Pin Code","parent":23},{"data":26,"draggable":true,"droppable":true,"icon":"icon-exam","label":"Company Address (Building No.)","parent":23},{"data":27,"draggable":true,"droppable":true,"icon":"icon-exam","label":"Town","parent":23},{"data":28,"draggable":true,"droppable":true,"icon":"icon-exam","label":"District","parent":23},{"data":29,"draggable":true,"droppable":false,"icon":"icon-exam","label":"State","parent":23},{"data":24,"draggable":true,"droppable":true,"icon":"icon-konto","label":"SHIPPING ADDRESS","parent":2},{"data":30,"draggable":true,"droppable":true,"icon":"icon-exam","label":"SAME AS COMPANY ADDRESS","parent":24},{"data":31,"draggable":true,"droppable":true,"icon":"icon-exam","label":"Pin Code","parent":24},{"data":32,"draggable":true,"droppable":true,"icon":"icon-exam","label":"Company Address (Building No.)","parent":24},{"data":33,"draggable":true,"droppable":true,"icon":"icon-exam","label":"Town","parent":24},{"data":34,"draggable":true,"droppable":true,"icon":"icon-exam","label":"District","parent":24},{"data":35,"draggable":true,"droppable":false,"icon":"icon-exam","label":"State","parent":24},{"data":39,"draggable":true,"droppable":true,"expanded":true,"icon":"icon-konto","label":"Approval Section","parent":2},{"data":38,"draggable":true,"droppable":true,"icon":"icon-exam","label":"Status","parent":39},{"data":40,"draggable":true,"droppable":true,"icon":"icon-exam","label":"Remarks","parent":39},{"data":41,"draggable":true,"droppable":false,"icon":"icon-exam","label":"Order Status","parent":39},{"data":42,"draggable":true,"droppable":false,"expanded":true,"icon":"icon-konto","label":"BankIT Operation","parent":2},{"data":46,"draggable":true,"droppable":true,"icon":"icon-exam","label":"Order Status","parent":42},{"data":47,"draggable":true,"droppable":true,"icon":"icon-exam","label":"No of Kits","parent":42},{"data":48,"draggable":true,"droppable":false,"icon":"icon-exam","label":"Is Kit Number","parent":42}]