[{"label":"Company User","data":"1","expandedIcon":"pi pi-folder-open","collapsedIcon":"pi pi-folder","expanded":true,"draggable":false,"droppable":false},{"data":2,"draggable":true,"droppable":false,"expanded":true,"icon":"icon-tag","label":"Company User Details","parent":"1"},{"data":3,"draggable":true,"droppable":false,"expanded":true,"icon":"icon-konto","label":"Company User","parent":2},{"data":"4","draggable":true,"droppable":true,"icon":"pi pi-file","label":"Created By","parent":3},{"data":"5","draggable":true,"droppable":true,"icon":"pi pi-file","label":"Created Date","parent":3},{"data":"6","draggable":true,"droppable":true,"icon":"pi pi-file","label":"Updated By","parent":3},{"data":"7","draggable":true,"droppable":true,"icon":"pi pi-file","label":"Updated Date","parent":3},{"data":"8","draggable":true,"droppable":true,"icon":"pi pi-file","label":"Company","parent":3},{"data":10,"draggable":true,"droppable":true,"icon":"icon-exam","label":"Branch","parent":3},{"data":11,"draggable":true,"droppable":true,"icon":"icon-exam","label":"Full Name","parent":3},{"data":12,"draggable":true,"droppable":true,"icon":"icon-exam","label":"Employee Id","parent":3},{"data":13,"draggable":true,"droppable":true,"icon":"icon-exam","label":"Mobile Number","parent":3},{"data":14,"draggable":true,"droppable":true,"icon":"icon-exam","label":"Email Address","parent":3},{"data":15,"draggable":true,"droppable":true,"icon":"icon-exam","label":"User Role","parent":3},{"data":16,"draggable":true,"droppable":false,"icon":"icon-exam","label":"Is Active","parent":3}]