[{"label":"Pin Code Master","data":"1","expandedIcon":"pi pi-folder-open","collapsedIcon":"pi pi-folder","expanded":true,"draggable":false,"droppable":false},{"data":2,"draggable":true,"droppable":false,"expanded":true,"icon":"icon-tag","label":"Pin Code Master Details","parent":"1"},{"data":3,"draggable":true,"droppable":false,"expanded":true,"icon":"icon-konto","label":"Pin Code Master","parent":2},{"data":"4","draggable":true,"droppable":true,"icon":"icon-exam","label":"Created By","parent":3},{"data":"5","draggable":true,"droppable":true,"icon":"icon-exam","label":"Created Date","parent":3},{"data":"6","draggable":true,"droppable":true,"icon":"icon-exam","label":"Updated By","parent":3},{"data":"7","draggable":true,"droppable":true,"icon":"icon-exam","label":"Updated Date","parent":3},{"data":9,"draggable":true,"droppable":true,"icon":"icon-exam","label":"Pin Code","parent":3},{"data":10,"draggable":true,"droppable":true,"icon":"icon-exam","label":"District Name","parent":3},{"data":11,"draggable":true,"droppable":true,"icon":"icon-exam","label":"State Name","parent":3},{"data":15,"draggable":true,"droppable":false,"icon":"icon-exam","label":"SBI LHO","parent":3},{"data":13,"draggable":true,"droppable":true,"icon":"icon-exam","label":"Is Active","parent":3}]