[{"label":"City Pin Code Mapping","data":"1","expandedIcon":"pi pi-folder-open","collapsedIcon":"pi pi-folder","expanded":true,"draggable":false,"droppable":false},{"data":2,"draggable":true,"droppable":false,"expanded":true,"icon":"icon-tag","label":"City Pin Code Mapping Details","parent":1},{"data":3,"draggable":true,"droppable":false,"expanded":true,"icon":"icon-konto","label":"City Pin Code Mapping","parent":2},{"data":"4","draggable":true,"droppable":true,"icon":"pi pi-file","label":"Created By","parent":3},{"data":"5","draggable":true,"droppable":true,"icon":"pi pi-file","label":"Created Date","parent":3},{"data":"6","draggable":true,"droppable":true,"icon":"pi pi-file","label":"Updated By","parent":3},{"data":"7","draggable":true,"droppable":true,"icon":"pi pi-file","label":"Updated Date","parent":3},{"data":"8","draggable":true,"droppable":true,"icon":"pi pi-file","label":"Pin","parent":3},{"data":10,"draggable":true,"droppable":true,"icon":"icon-exam","label":"City Name","parent":3},{"data":11,"draggable":true,"droppable":false,"icon":"icon-exam","label":"Is Active","parent":3}]