[{"label":"Load Card","data":"1","expandedIcon":"pi pi-folder-open","collapsedIcon":"pi pi-folder","expanded":true,"draggable":false,"droppable":false},{"data":2,"draggable":true,"droppable":false,"expanded":true,"icon":"icon-tag","label":"Load Card Details","parent":"1"},{"data":3,"draggable":true,"droppable":false,"expanded":true,"icon":"icon-konto","label":"Load Card","parent":2},{"data":"4","draggable":true,"droppable":true,"icon":"pi pi-file","label":"Created By","parent":3},{"data":"5","draggable":true,"droppable":true,"icon":"pi pi-file","label":"Created Date","parent":3},{"data":"6","draggable":true,"droppable":true,"icon":"pi pi-file","label":"Updated By","parent":3},{"data":"7","draggable":true,"droppable":true,"icon":"pi pi-file","label":"Updated Date","parent":3},{"data":"8","draggable":true,"droppable":true,"icon":"pi pi-file","label":"Mobile Number","parent":3},{"data":11,"draggable":true,"droppable":true,"icon":"icon-exam","label":"Card List","parent":3},{"data":12,"draggable":true,"droppable":false,"icon":"icon-exam","label":"Amount (INR)","parent":3}]