[{"label":"Raise Complaint","data":"1","expandedIcon":"pi pi-folder-open","collapsedIcon":"pi pi-folder","expanded":true,"draggable":false,"droppable":false},{"data":2,"draggable":true,"droppable":false,"expanded":true,"icon":"icon-tag","label":"Raise Complaint Details","parent":"1"},{"data":14,"draggable":true,"droppable":false,"expanded":true,"icon":"icon-konto","label":"Raise Complaint","parent":2},{"data":10,"draggable":true,"droppable":true,"icon":"icon-exam","label":"Customer care Number - 7289819444","parent":14},{"data":11,"draggable":true,"droppable":true,"icon":"icon-exam","label":"Email - cardsupport@bankit.in","parent":14},{"data":3,"draggable":true,"droppable":true,"expanded":true,"icon":"icon-konto","label":"Raise Complaint","parent":2},{"data":"4","draggable":true,"droppable":true,"icon":"pi pi-file","label":"Created By","parent":3},{"data":"5","draggable":true,"droppable":true,"icon":"pi pi-file","label":"Created Date","parent":3},{"data":"6","draggable":true,"droppable":true,"icon":"pi pi-file","label":"Updated By","parent":3},{"data":"7","draggable":true,"droppable":true,"icon":"pi pi-file","label":"Updated Date","parent":3},{"data":"8","draggable":true,"droppable":true,"icon":"pi pi-file","label":"Company","parent":3},{"data":12,"draggable":true,"droppable":true,"icon":"icon-exam","label":"Subject","parent":3},{"data":13,"draggable":true,"droppable":false,"icon":"icon-exam","label":"Message","parent":3}]