[{"label":"Menu Link Mapping","data":"1","expandedIcon":"pi pi-folder-open","collapsedIcon":"pi pi-folder","expanded":true,"draggable":false,"droppable":false},{"data":2,"draggable":true,"droppable":false,"expanded":true,"icon":"icon-tag","label":"Menu Link Mapping Details","parent":"1"},{"data":3,"draggable":true,"droppable":false,"expanded":true,"icon":"icon-konto","label":"Menu Link Mapping","parent":2},{"data":"4","draggable":true,"droppable":true,"icon":"icon-exam","label":"Created By","parent":3},{"data":"5","draggable":true,"droppable":true,"icon":"icon-exam","label":"Created Date","parent":3},{"data":"6","draggable":true,"droppable":true,"icon":"icon-exam","label":"Updated By","parent":3},{"data":"7","draggable":true,"droppable":true,"icon":"icon-exam","label":"Updated Date","parent":3},{"data":9,"draggable":true,"droppable":true,"icon":"icon-exam","label":"Menu","parent":3},{"data":10,"draggable":true,"droppable":true,"icon":"icon-exam","label":"Form Name","parent":3},{"data":11,"draggable":true,"droppable":false,"icon":"icon-exam","label":"Link Name","parent":3}]