[{"label":"Card Product","data":"1","expandedIcon":"pi pi-folder-open","collapsedIcon":"pi pi-folder","expanded":true,"draggable":false,"droppable":false},{"data":2,"draggable":true,"droppable":false,"expanded":true,"icon":"icon-tag","label":"Card Product Details","parent":"1"},{"data":3,"draggable":true,"droppable":false,"expanded":true,"icon":"icon-konto","label":"Card Product","parent":2},{"data":"4","draggable":true,"droppable":true,"icon":"icon-exam","label":"Created By","parent":3},{"data":"5","draggable":true,"droppable":true,"icon":"icon-exam","label":"Created Date","parent":3},{"data":"6","draggable":true,"droppable":true,"icon":"icon-exam","label":"Updated By","parent":3},{"data":"7","draggable":true,"droppable":true,"icon":"icon-exam","label":"Updated Date","parent":3},{"data":9,"draggable":true,"droppable":true,"icon":"icon-exam","label":"Product Title","parent":3},{"data":10,"draggable":true,"droppable":true,"icon":"icon-exam","label":"Product Code","parent":3},{"data":11,"draggable":true,"droppable":true,"icon":"icon-exam","label":"Product Description","parent":3},{"data":12,"draggable":true,"droppable":true,"icon":"icon-exam","label":"Insurance Surcharge","parent":3},{"data":13,"draggable":true,"droppable":true,"icon":"icon-exam","label":"Petrol Surcharges","parent":3},{"data":14,"draggable":true,"droppable":true,"icon":"icon-exam","label":"Annual Maintenance","parent":3},{"data":15,"draggable":true,"droppable":true,"icon":"icon-exam","label":"Portal Reporting","parent":3},{"data":16,"draggable":true,"droppable":true,"icon":"icon-exam","label":"Balance Inquiry","parent":3},{"data":17,"draggable":true,"droppable":true,"icon":"icon-exam","label":"Minimum Value","parent":3},{"data":18,"draggable":true,"droppable":true,"icon":"icon-exam","label":"Card Cost","parent":3},{"data":19,"draggable":true,"droppable":true,"icon":"icon-exam","label":"Card Form Id","parent":3},{"data":20,"draggable":true,"droppable":true,"icon":"icon-exam","label":"mcccategory_id","parent":3},{"data":21,"draggable":true,"droppable":true,"icon":"icon-exam","label":"Channels Id","parent":3},{"data":22,"draggable":true,"droppable":true,"icon":"icon-exam","label":"Loadingfrequency Id","parent":3},{"data":23,"draggable":true,"droppable":true,"icon":"icon-exam","label":"Eligibleloadsource Id","parent":3},{"data":24,"draggable":true,"droppable":true,"icon":"icon-exam","label":"Limitsbalanceamount Id","parent":3},{"data":25,"draggable":true,"droppable":true,"icon":"icon-exam","label":"Limitsspendamount Id","parent":3},{"data":26,"draggable":true,"droppable":true,"icon":"icon-exam","label":"Limitsspendfrequency Id","parent":3},{"data":27,"draggable":true,"droppable":true,"icon":"icon-exam","label":"Velocity Id","parent":3},{"data":28,"draggable":true,"droppable":true,"icon":"icon-exam","label":"Eligiblekyc Id","parent":3},{"data":29,"draggable":true,"droppable":false,"icon":"icon-exam","label":"Is Active","parent":3}]